Timing Analyzer report for BCDto7Seg
Tue Mar 17 21:23:47 2026
Quartus Prime Version 18.1.0 Build 625 09/12/2018 SJ Lite Edition


---------------------
; Table of Contents ;
---------------------
  1. Legal Notice
  2. Timing Analyzer Summary
  3. Parallel Compilation
  4. SDC File List
  5. Clocks
  6. Slow 1200mV 85C Model Fmax Summary
  7. Timing Closure Recommendations
  8. Slow 1200mV 85C Model Setup Summary
  9. Slow 1200mV 85C Model Hold Summary
 10. Slow 1200mV 85C Model Recovery Summary
 11. Slow 1200mV 85C Model Removal Summary
 12. Slow 1200mV 85C Model Minimum Pulse Width Summary
 13. Slow 1200mV 85C Model Setup: 'altera_reserved_tck'
 14. Slow 1200mV 85C Model Hold: 'altera_reserved_tck'
 15. Slow 1200mV 85C Model Recovery: 'altera_reserved_tck'
 16. Slow 1200mV 85C Model Removal: 'altera_reserved_tck'
 17. Slow 1200mV 85C Model Metastability Summary
 18. Slow 1200mV 0C Model Fmax Summary
 19. Slow 1200mV 0C Model Setup Summary
 20. Slow 1200mV 0C Model Hold Summary
 21. Slow 1200mV 0C Model Recovery Summary
 22. Slow 1200mV 0C Model Removal Summary
 23. Slow 1200mV 0C Model Minimum Pulse Width Summary
 24. Slow 1200mV 0C Model Setup: 'altera_reserved_tck'
 25. Slow 1200mV 0C Model Hold: 'altera_reserved_tck'
 26. Slow 1200mV 0C Model Recovery: 'altera_reserved_tck'
 27. Slow 1200mV 0C Model Removal: 'altera_reserved_tck'
 28. Slow 1200mV 0C Model Metastability Summary
 29. Fast 1200mV 0C Model Setup Summary
 30. Fast 1200mV 0C Model Hold Summary
 31. Fast 1200mV 0C Model Recovery Summary
 32. Fast 1200mV 0C Model Removal Summary
 33. Fast 1200mV 0C Model Minimum Pulse Width Summary
 34. Fast 1200mV 0C Model Setup: 'altera_reserved_tck'
 35. Fast 1200mV 0C Model Hold: 'altera_reserved_tck'
 36. Fast 1200mV 0C Model Recovery: 'altera_reserved_tck'
 37. Fast 1200mV 0C Model Removal: 'altera_reserved_tck'
 38. Fast 1200mV 0C Model Metastability Summary
 39. Multicorner Timing Analysis Summary
 40. Board Trace Model Assignments
 41. Input Transition Times
 42. Signal Integrity Metrics (Slow 1200mv 0c Model)
 43. Signal Integrity Metrics (Slow 1200mv 85c Model)
 44. Signal Integrity Metrics (Fast 1200mv 0c Model)
 45. Setup Transfers
 46. Hold Transfers
 47. Recovery Transfers
 48. Removal Transfers
 49. Report TCCS
 50. Report RSKM
 51. Unconstrained Paths Summary
 52. Clock Status Summary
 53. Unconstrained Input Ports
 54. Unconstrained Output Ports
 55. Unconstrained Input Ports
 56. Unconstrained Output Ports
 57. Timing Analyzer Messages



----------------
; Legal Notice ;
----------------
Copyright (C) 2018  Intel Corporation. All rights reserved.
Your use of Intel Corporation's design tools, logic functions 
and other software and tools, and its AMPP partner logic 
functions, and any output files from any of the foregoing 
(including device programming or simulation files), and any 
associated documentation or information are expressly subject 
to the terms and conditions of the Intel Program License 
Subscription Agreement, the Intel Quartus Prime License Agreement,
the Intel FPGA IP License Agreement, or other applicable license
agreement, including, without limitation, that your use is for
the sole purpose of programming logic devices manufactured by
Intel and sold by Intel or its authorized distributors.  Please
refer to the applicable agreement for further details.



+-----------------------------------------------------------------------------+
; Timing Analyzer Summary                                                     ;
+-----------------------+-----------------------------------------------------+
; Quartus Prime Version ; Version 18.1.0 Build 625 09/12/2018 SJ Lite Edition ;
; Timing Analyzer       ; Legacy Timing Analyzer                              ;
; Revision Name         ; BCDto7Seg                                           ;
; Device Family         ; Cyclone IV E                                        ;
; Device Name           ; EP4CE115F29C7                                       ;
; Timing Models         ; Final                                               ;
; Delay Model           ; Combined                                            ;
; Rise/Fall Delays      ; Enabled                                             ;
+-----------------------+-----------------------------------------------------+


+------------------------------------------+
; Parallel Compilation                     ;
+----------------------------+-------------+
; Processors                 ; Number      ;
+----------------------------+-------------+
; Number detected on machine ; 12          ;
; Maximum allowed            ; 12          ;
;                            ;             ;
; Average used               ; 1.31        ;
; Maximum used               ; 12          ;
;                            ;             ;
; Usage by Processor         ; % Time Used ;
;     Processor 1            ; 100.0%      ;
;     Processor 2            ;   3.2%      ;
;     Processors 3-12        ;   2.8%      ;
+----------------------------+-------------+


+------------------------------------------------------------------------------------------------+
; SDC File List                                                                                  ;
+------------------------------------------------------------+--------+--------------------------+
; SDC File Path                                              ; Status ; Read at                  ;
+------------------------------------------------------------+--------+--------------------------+
; BCDto7Seg/synthesis/submodules/altera_reset_controller.sdc ; OK     ; Tue Mar 17 21:23:45 2026 ;
; BCDto7Seg/synthesis/submodules/BCDto7Seg_CPU_cpu.sdc       ; OK     ; Tue Mar 17 21:23:45 2026 ;
+------------------------------------------------------------+--------+--------------------------+


+-----------------------------------------------------------------------------------------------------------------------------------------------------------------------------------------------------------+
; Clocks                                                                                                                                                                                                    ;
+---------------------+------+---------+-----------+-------+--------+------------+-----------+-------------+-------+--------+-----------+------------+----------+--------+--------+-------------------------+
; Clock Name          ; Type ; Period  ; Frequency ; Rise  ; Fall   ; Duty Cycle ; Divide by ; Multiply by ; Phase ; Offset ; Edge List ; Edge Shift ; Inverted ; Master ; Source ; Targets                 ;
+---------------------+------+---------+-----------+-------+--------+------------+-----------+-------------+-------+--------+-----------+------------+----------+--------+--------+-------------------------+
; altera_reserved_tck ; Base ; 100.000 ; 10.0 MHz  ; 0.000 ; 50.000 ;            ;           ;             ;       ;        ;           ;            ;          ;        ;        ; { altera_reserved_tck } ;
+---------------------+------+---------+-----------+-------+--------+------------+-----------+-------------+-------+--------+-----------+------------+----------+--------+--------+-------------------------+


+-----------------------------------------------------------+
; Slow 1200mV 85C Model Fmax Summary                        ;
+------------+-----------------+---------------------+------+
; Fmax       ; Restricted Fmax ; Clock Name          ; Note ;
+------------+-----------------+---------------------+------+
; 137.44 MHz ; 137.44 MHz      ; altera_reserved_tck ;      ;
+------------+-----------------+---------------------+------+
This panel reports FMAX for every clock in the design, regardless of the user-specified clock periods.  FMAX is only computed for paths where the source and destination registers or ports are driven by the same clock.  Paths of different clocks, including generated clocks, are ignored.  For paths between a clock and its inversion, FMAX is computed as if the rising and falling edges are scaled along with FMAX, such that the duty cycle (in terms of a percentage) is maintained. Altera recommends that you always use clock constraints and other slack reports for sign-off analysis.


----------------------------------
; Timing Closure Recommendations ;
----------------------------------
HTML report is unavailable in plain text report export.


+----------------------------------------------+
; Slow 1200mV 85C Model Setup Summary          ;
+---------------------+--------+---------------+
; Clock               ; Slack  ; End Point TNS ;
+---------------------+--------+---------------+
; altera_reserved_tck ; 46.362 ; 0.000         ;
+---------------------+--------+---------------+


+---------------------------------------------+
; Slow 1200mV 85C Model Hold Summary          ;
+---------------------+-------+---------------+
; Clock               ; Slack ; End Point TNS ;
+---------------------+-------+---------------+
; altera_reserved_tck ; 0.403 ; 0.000         ;
+---------------------+-------+---------------+


+----------------------------------------------+
; Slow 1200mV 85C Model Recovery Summary       ;
+---------------------+--------+---------------+
; Clock               ; Slack  ; End Point TNS ;
+---------------------+--------+---------------+
; altera_reserved_tck ; 97.759 ; 0.000         ;
+---------------------+--------+---------------+


+---------------------------------------------+
; Slow 1200mV 85C Model Removal Summary       ;
+---------------------+-------+---------------+
; Clock               ; Slack ; End Point TNS ;
+---------------------+-------+---------------+
; altera_reserved_tck ; 1.485 ; 0.000         ;
+---------------------+-------+---------------+


+---------------------------------------------------+
; Slow 1200mV 85C Model Minimum Pulse Width Summary ;
+---------------------+--------+--------------------+
; Clock               ; Slack  ; End Point TNS      ;
+---------------------+--------+--------------------+
; altera_reserved_tck ; 49.633 ; 0.000              ;
+---------------------+--------+--------------------+


+--------------------------------------------------------------------------------------------------------------------------------------------------------------------------------------------------------------------------------------------------------------------------------------------------------------------------------------------------------------------------------------------------------------------------------------------------------------------------------------------------------------------------------------------------------------------------------------------------------------------------------------------------------------------------------------------------------------------------------------------------------------------------+
; Slow 1200mV 85C Model Setup: 'altera_reserved_tck'                                                                                                                                                                                                                                                                                                                                                                                                                                                                                                                                                                                                                                                                                                                       ;
+--------+-----------------------------------------------------------------------------------------------------------------------------------------------------------------------------------------------------------------------------------------------------------------------------------------------------------------------------------------------------+----------------------------------------------------------------------------------------------------------------------------------------------------------------------------------------------------------------------------------------------------------------------------------------------------------------------+---------------------+---------------------+--------------+------------+------------+
; Slack  ; From Node                                                                                                                                                                                                                                                                                                                                           ; To Node                                                                                                                                                                                                                                                                                                              ; Launch Clock        ; Latch Clock         ; Relationship ; Clock Skew ; Data Delay ;
+--------+-----------------------------------------------------------------------------------------------------------------------------------------------------------------------------------------------------------------------------------------------------------------------------------------------------------------------------------------------------+----------------------------------------------------------------------------------------------------------------------------------------------------------------------------------------------------------------------------------------------------------------------------------------------------------------------+---------------------+---------------------+--------------+------------+------------+
; 46.362 ; sld_hub:auto_hub|alt_sld_fab_with_jtag_input:\instrumentation_fabric_with_node_gen:fabric_gen_new_way:with_jtag_input_gen:instrumentation_fabric|alt_sld_fab:instrumentation_fabric|alt_sld_fab_alt_sld_fab:alt_sld_fab|alt_sld_fab_alt_sld_fab_sldfabric:sldfabric|sld_jtag_hub:\jtag_hub_gen:real_sld_jtag_hub|virtual_ir_scan_reg                ; sld_hub:auto_hub|alt_sld_fab_with_jtag_input:\instrumentation_fabric_with_node_gen:fabric_gen_new_way:with_jtag_input_gen:instrumentation_fabric|alt_sld_fab:instrumentation_fabric|alt_sld_fab_alt_sld_fab:alt_sld_fab|alt_sld_fab_alt_sld_fab_sldfabric:sldfabric|sld_jtag_hub:\jtag_hub_gen:real_sld_jtag_hub|tdo ; altera_reserved_tck ; altera_reserved_tck ; 50.000       ; 0.077      ; 3.733      ;
; 46.643 ; sld_hub:auto_hub|alt_sld_fab_with_jtag_input:\instrumentation_fabric_with_node_gen:fabric_gen_new_way:with_jtag_input_gen:instrumentation_fabric|alt_sld_fab:instrumentation_fabric|alt_sld_fab_alt_sld_fab:alt_sld_fab|alt_sld_fab_alt_sld_fab_sldfabric:sldfabric|sld_jtag_hub:\jtag_hub_gen:real_sld_jtag_hub|irsr_reg[0]                        ; sld_hub:auto_hub|alt_sld_fab_with_jtag_input:\instrumentation_fabric_with_node_gen:fabric_gen_new_way:with_jtag_input_gen:instrumentation_fabric|alt_sld_fab:instrumentation_fabric|alt_sld_fab_alt_sld_fab:alt_sld_fab|alt_sld_fab_alt_sld_fab_sldfabric:sldfabric|sld_jtag_hub:\jtag_hub_gen:real_sld_jtag_hub|tdo ; altera_reserved_tck ; altera_reserved_tck ; 50.000       ; 0.077      ; 3.452      ;
; 46.757 ; sld_hub:auto_hub|alt_sld_fab_with_jtag_input:\instrumentation_fabric_with_node_gen:fabric_gen_new_way:with_jtag_input_gen:instrumentation_fabric|alt_sld_fab:instrumentation_fabric|alt_sld_fab_alt_sld_fab:alt_sld_fab|alt_sld_fab_alt_sld_fab_sldfabric:sldfabric|sld_jtag_hub:\jtag_hub_gen:real_sld_jtag_hub|sld_shadow_jsm:shadow_jsm|state[3] ; sld_hub:auto_hub|alt_sld_fab_with_jtag_input:\instrumentation_fabric_with_node_gen:fabric_gen_new_way:with_jtag_input_gen:instrumentation_fabric|alt_sld_fab:instrumentation_fabric|alt_sld_fab_alt_sld_fab:alt_sld_fab|alt_sld_fab_alt_sld_fab_sldfabric:sldfabric|sld_jtag_hub:\jtag_hub_gen:real_sld_jtag_hub|tdo ; altera_reserved_tck ; altera_reserved_tck ; 50.000       ; 0.078      ; 3.339      ;
; 46.836 ; sld_hub:auto_hub|alt_sld_fab_with_jtag_input:\instrumentation_fabric_with_node_gen:fabric_gen_new_way:with_jtag_input_gen:instrumentation_fabric|alt_sld_fab:instrumentation_fabric|alt_sld_fab_alt_sld_fab:alt_sld_fab|alt_sld_fab_alt_sld_fab_sldfabric:sldfabric|sld_jtag_hub:\jtag_hub_gen:real_sld_jtag_hub|irsr_reg[1]                        ; sld_hub:auto_hub|alt_sld_fab_with_jtag_input:\instrumentation_fabric_with_node_gen:fabric_gen_new_way:with_jtag_input_gen:instrumentation_fabric|alt_sld_fab:instrumentation_fabric|alt_sld_fab_alt_sld_fab:alt_sld_fab|alt_sld_fab_alt_sld_fab_sldfabric:sldfabric|sld_jtag_hub:\jtag_hub_gen:real_sld_jtag_hub|tdo ; altera_reserved_tck ; altera_reserved_tck ; 50.000       ; 0.077      ; 3.259      ;
; 47.050 ; sld_hub:auto_hub|alt_sld_fab_with_jtag_input:\instrumentation_fabric_with_node_gen:fabric_gen_new_way:with_jtag_input_gen:instrumentation_fabric|alt_sld_fab:instrumentation_fabric|alt_sld_fab_alt_sld_fab:alt_sld_fab|alt_sld_fab_alt_sld_fab_sldfabric:sldfabric|sld_jtag_hub:\jtag_hub_gen:real_sld_jtag_hub|sld_shadow_jsm:shadow_jsm|state[4] ; sld_hub:auto_hub|alt_sld_fab_with_jtag_input:\instrumentation_fabric_with_node_gen:fabric_gen_new_way:with_jtag_input_gen:instrumentation_fabric|alt_sld_fab:instrumentation_fabric|alt_sld_fab_alt_sld_fab:alt_sld_fab|alt_sld_fab_alt_sld_fab_sldfabric:sldfabric|sld_jtag_hub:\jtag_hub_gen:real_sld_jtag_hub|tdo ; altera_reserved_tck ; altera_reserved_tck ; 50.000       ; 0.078      ; 3.046      ;
; 47.214 ; sld_hub:auto_hub|alt_sld_fab_with_jtag_input:\instrumentation_fabric_with_node_gen:fabric_gen_new_way:with_jtag_input_gen:instrumentation_fabric|alt_sld_fab:instrumentation_fabric|alt_sld_fab_alt_sld_fab:alt_sld_fab|alt_sld_fab_alt_sld_fab_sldfabric:sldfabric|sld_jtag_hub:\jtag_hub_gen:real_sld_jtag_hub|irsr_reg[2]                        ; sld_hub:auto_hub|alt_sld_fab_with_jtag_input:\instrumentation_fabric_with_node_gen:fabric_gen_new_way:with_jtag_input_gen:instrumentation_fabric|alt_sld_fab:instrumentation_fabric|alt_sld_fab_alt_sld_fab:alt_sld_fab|alt_sld_fab_alt_sld_fab_sldfabric:sldfabric|sld_jtag_hub:\jtag_hub_gen:real_sld_jtag_hub|tdo ; altera_reserved_tck ; altera_reserved_tck ; 50.000       ; 0.077      ; 2.881      ;
; 47.328 ; sld_hub:auto_hub|alt_sld_fab_with_jtag_input:\instrumentation_fabric_with_node_gen:fabric_gen_new_way:with_jtag_input_gen:instrumentation_fabric|alt_sld_fab:instrumentation_fabric|alt_sld_fab_alt_sld_fab:alt_sld_fab|alt_sld_fab_alt_sld_fab_sldfabric:sldfabric|sld_jtag_hub:\jtag_hub_gen:real_sld_jtag_hub|tdo_bypass_reg                     ; sld_hub:auto_hub|alt_sld_fab_with_jtag_input:\instrumentation_fabric_with_node_gen:fabric_gen_new_way:with_jtag_input_gen:instrumentation_fabric|alt_sld_fab:instrumentation_fabric|alt_sld_fab_alt_sld_fab:alt_sld_fab|alt_sld_fab_alt_sld_fab_sldfabric:sldfabric|sld_jtag_hub:\jtag_hub_gen:real_sld_jtag_hub|tdo ; altera_reserved_tck ; altera_reserved_tck ; 50.000       ; 0.076      ; 2.766      ;
; 47.367 ; sld_hub:auto_hub|alt_sld_fab_with_jtag_input:\instrumentation_fabric_with_node_gen:fabric_gen_new_way:with_jtag_input_gen:instrumentation_fabric|alt_sld_fab:instrumentation_fabric|alt_sld_fab_alt_sld_fab:alt_sld_fab|alt_sld_fab_alt_sld_fab_sldfabric:sldfabric|sld_jtag_hub:\jtag_hub_gen:real_sld_jtag_hub|sld_shadow_jsm:shadow_jsm|state[8] ; sld_hub:auto_hub|alt_sld_fab_with_jtag_input:\instrumentation_fabric_with_node_gen:fabric_gen_new_way:with_jtag_input_gen:instrumentation_fabric|alt_sld_fab:instrumentation_fabric|alt_sld_fab_alt_sld_fab:alt_sld_fab|alt_sld_fab_alt_sld_fab_sldfabric:sldfabric|sld_jtag_hub:\jtag_hub_gen:real_sld_jtag_hub|tdo ; altera_reserved_tck ; altera_reserved_tck ; 50.000       ; 0.078      ; 2.729      ;
; 47.488 ; sld_hub:auto_hub|alt_sld_fab_with_jtag_input:\instrumentation_fabric_with_node_gen:fabric_gen_new_way:with_jtag_input_gen:instrumentation_fabric|alt_sld_fab:instrumentation_fabric|alt_sld_fab_alt_sld_fab:alt_sld_fab|alt_sld_fab_alt_sld_fab_sldfabric:sldfabric|sld_jtag_hub:\jtag_hub_gen:real_sld_jtag_hub|irsr_reg[4]                        ; sld_hub:auto_hub|alt_sld_fab_with_jtag_input:\instrumentation_fabric_with_node_gen:fabric_gen_new_way:with_jtag_input_gen:instrumentation_fabric|alt_sld_fab:instrumentation_fabric|alt_sld_fab_alt_sld_fab:alt_sld_fab|alt_sld_fab_alt_sld_fab_sldfabric:sldfabric|sld_jtag_hub:\jtag_hub_gen:real_sld_jtag_hub|tdo ; altera_reserved_tck ; altera_reserved_tck ; 50.000       ; 0.077      ; 2.607      ;
; 47.656 ; BCDto7Seg:inst|BCDto7Seg_CPU:cpu|BCDto7Seg_CPU_cpu:cpu|BCDto7Seg_CPU_cpu_nios2_oci:the_BCDto7Seg_CPU_cpu_nios2_oci|BCDto7Seg_CPU_cpu_debug_slave_wrapper:the_BCDto7Seg_CPU_cpu_debug_slave_wrapper|BCDto7Seg_CPU_cpu_debug_slave_tck:the_BCDto7Seg_CPU_cpu_debug_slave_tck|sr[0]                                                                    ; sld_hub:auto_hub|alt_sld_fab_with_jtag_input:\instrumentation_fabric_with_node_gen:fabric_gen_new_way:with_jtag_input_gen:instrumentation_fabric|alt_sld_fab:instrumentation_fabric|alt_sld_fab_alt_sld_fab:alt_sld_fab|alt_sld_fab_alt_sld_fab_sldfabric:sldfabric|sld_jtag_hub:\jtag_hub_gen:real_sld_jtag_hub|tdo ; altera_reserved_tck ; altera_reserved_tck ; 50.000       ; 0.069      ; 2.431      ;
; 47.657 ; sld_hub:auto_hub|alt_sld_fab_with_jtag_input:\instrumentation_fabric_with_node_gen:fabric_gen_new_way:with_jtag_input_gen:instrumentation_fabric|alt_sld_fab:instrumentation_fabric|alt_sld_fab_alt_sld_fab:alt_sld_fab|alt_sld_fab_alt_sld_fab_sldfabric:sldfabric|sld_jtag_hub:\jtag_hub_gen:real_sld_jtag_hub|sld_rom_sr:hub_info_reg|WORD_SR[0] ; sld_hub:auto_hub|alt_sld_fab_with_jtag_input:\instrumentation_fabric_with_node_gen:fabric_gen_new_way:with_jtag_input_gen:instrumentation_fabric|alt_sld_fab:instrumentation_fabric|alt_sld_fab_alt_sld_fab:alt_sld_fab|alt_sld_fab_alt_sld_fab_sldfabric:sldfabric|sld_jtag_hub:\jtag_hub_gen:real_sld_jtag_hub|tdo ; altera_reserved_tck ; altera_reserved_tck ; 50.000       ; 0.075      ; 2.436      ;
; 47.704 ; sld_hub:auto_hub|alt_sld_fab_with_jtag_input:\instrumentation_fabric_with_node_gen:fabric_gen_new_way:with_jtag_input_gen:instrumentation_fabric|alt_sld_fab:instrumentation_fabric|alt_sld_fab_alt_sld_fab:alt_sld_fab|alt_sld_fab_alt_sld_fab_sldfabric:sldfabric|sld_jtag_hub:\jtag_hub_gen:real_sld_jtag_hub|design_hash_reg[0]                 ; sld_hub:auto_hub|alt_sld_fab_with_jtag_input:\instrumentation_fabric_with_node_gen:fabric_gen_new_way:with_jtag_input_gen:instrumentation_fabric|alt_sld_fab:instrumentation_fabric|alt_sld_fab_alt_sld_fab:alt_sld_fab|alt_sld_fab_alt_sld_fab_sldfabric:sldfabric|sld_jtag_hub:\jtag_hub_gen:real_sld_jtag_hub|tdo ; altera_reserved_tck ; altera_reserved_tck ; 50.000       ; 0.080      ; 2.394      ;
; 47.753 ; sld_hub:auto_hub|alt_sld_fab_with_jtag_input:\instrumentation_fabric_with_node_gen:fabric_gen_new_way:with_jtag_input_gen:instrumentation_fabric|alt_sld_fab:instrumentation_fabric|alt_sld_fab_alt_sld_fab:alt_sld_fab|alt_sld_fab_alt_sld_fab_sldfabric:sldfabric|sld_jtag_hub:\jtag_hub_gen:real_sld_jtag_hub|hub_minor_ver_reg[0]               ; sld_hub:auto_hub|alt_sld_fab_with_jtag_input:\instrumentation_fabric_with_node_gen:fabric_gen_new_way:with_jtag_input_gen:instrumentation_fabric|alt_sld_fab:instrumentation_fabric|alt_sld_fab_alt_sld_fab:alt_sld_fab|alt_sld_fab_alt_sld_fab_sldfabric:sldfabric|sld_jtag_hub:\jtag_hub_gen:real_sld_jtag_hub|tdo ; altera_reserved_tck ; altera_reserved_tck ; 50.000       ; 0.080      ; 2.345      ;
; 48.313 ; sld_hub:auto_hub|alt_sld_fab_with_jtag_input:\instrumentation_fabric_with_node_gen:fabric_gen_new_way:with_jtag_input_gen:instrumentation_fabric|alt_sld_fab:instrumentation_fabric|alt_sld_fab_alt_sld_fab:alt_sld_fab|alt_sld_fab_alt_sld_fab_sldfabric:sldfabric|sld_jtag_hub:\jtag_hub_gen:real_sld_jtag_hub|virtual_ir_tdo_sel_reg[0]          ; sld_hub:auto_hub|alt_sld_fab_with_jtag_input:\instrumentation_fabric_with_node_gen:fabric_gen_new_way:with_jtag_input_gen:instrumentation_fabric|alt_sld_fab:instrumentation_fabric|alt_sld_fab_alt_sld_fab:alt_sld_fab|alt_sld_fab_alt_sld_fab_sldfabric:sldfabric|sld_jtag_hub:\jtag_hub_gen:real_sld_jtag_hub|tdo ; altera_reserved_tck ; altera_reserved_tck ; 50.000       ; 0.078      ; 1.783      ;
; 94.516 ; sld_hub:auto_hub|alt_sld_fab_with_jtag_input:\instrumentation_fabric_with_node_gen:fabric_gen_new_way:with_jtag_input_gen:instrumentation_fabric|alt_sld_fab:instrumentation_fabric|alt_sld_fab_alt_sld_fab:alt_sld_fab|alt_sld_fab_alt_sld_fab_sldfabric:sldfabric|sld_jtag_hub:\jtag_hub_gen:real_sld_jtag_hub|virtual_ir_scan_reg                ; BCDto7Seg:inst|BCDto7Seg_CPU:cpu|BCDto7Seg_CPU_cpu:cpu|BCDto7Seg_CPU_cpu_nios2_oci:the_BCDto7Seg_CPU_cpu_nios2_oci|BCDto7Seg_CPU_cpu_debug_slave_wrapper:the_BCDto7Seg_CPU_cpu_debug_slave_wrapper|BCDto7Seg_CPU_cpu_debug_slave_tck:the_BCDto7Seg_CPU_cpu_debug_slave_tck|sr[34]                                    ; altera_reserved_tck ; altera_reserved_tck ; 100.000      ; -0.075     ; 5.427      ;
; 94.516 ; sld_hub:auto_hub|alt_sld_fab_with_jtag_input:\instrumentation_fabric_with_node_gen:fabric_gen_new_way:with_jtag_input_gen:instrumentation_fabric|alt_sld_fab:instrumentation_fabric|alt_sld_fab_alt_sld_fab:alt_sld_fab|alt_sld_fab_alt_sld_fab_sldfabric:sldfabric|sld_jtag_hub:\jtag_hub_gen:real_sld_jtag_hub|virtual_ir_scan_reg                ; BCDto7Seg:inst|BCDto7Seg_CPU:cpu|BCDto7Seg_CPU_cpu:cpu|BCDto7Seg_CPU_cpu_nios2_oci:the_BCDto7Seg_CPU_cpu_nios2_oci|BCDto7Seg_CPU_cpu_debug_slave_wrapper:the_BCDto7Seg_CPU_cpu_debug_slave_wrapper|BCDto7Seg_CPU_cpu_debug_slave_tck:the_BCDto7Seg_CPU_cpu_debug_slave_tck|sr[33]                                    ; altera_reserved_tck ; altera_reserved_tck ; 100.000      ; -0.075     ; 5.427      ;
; 94.711 ; sld_hub:auto_hub|alt_sld_fab_with_jtag_input:\instrumentation_fabric_with_node_gen:fabric_gen_new_way:with_jtag_input_gen:instrumentation_fabric|alt_sld_fab:instrumentation_fabric|alt_sld_fab_alt_sld_fab:alt_sld_fab|alt_sld_fab_alt_sld_fab_sldfabric:sldfabric|sld_jtag_hub:\jtag_hub_gen:real_sld_jtag_hub|virtual_ir_scan_reg                ; BCDto7Seg:inst|BCDto7Seg_CPU:cpu|BCDto7Seg_CPU_cpu:cpu|BCDto7Seg_CPU_cpu_nios2_oci:the_BCDto7Seg_CPU_cpu_nios2_oci|BCDto7Seg_CPU_cpu_debug_slave_wrapper:the_BCDto7Seg_CPU_cpu_debug_slave_wrapper|BCDto7Seg_CPU_cpu_debug_slave_tck:the_BCDto7Seg_CPU_cpu_debug_slave_tck|sr[29]                                    ; altera_reserved_tck ; altera_reserved_tck ; 100.000      ; -0.076     ; 5.231      ;
; 94.714 ; sld_hub:auto_hub|alt_sld_fab_with_jtag_input:\instrumentation_fabric_with_node_gen:fabric_gen_new_way:with_jtag_input_gen:instrumentation_fabric|alt_sld_fab:instrumentation_fabric|alt_sld_fab_alt_sld_fab:alt_sld_fab|alt_sld_fab_alt_sld_fab_sldfabric:sldfabric|sld_jtag_hub:\jtag_hub_gen:real_sld_jtag_hub|virtual_ir_scan_reg                ; BCDto7Seg:inst|BCDto7Seg_CPU:cpu|BCDto7Seg_CPU_cpu:cpu|BCDto7Seg_CPU_cpu_nios2_oci:the_BCDto7Seg_CPU_cpu_nios2_oci|BCDto7Seg_CPU_cpu_debug_slave_wrapper:the_BCDto7Seg_CPU_cpu_debug_slave_wrapper|BCDto7Seg_CPU_cpu_debug_slave_tck:the_BCDto7Seg_CPU_cpu_debug_slave_tck|sr[19]                                    ; altera_reserved_tck ; altera_reserved_tck ; 100.000      ; -0.076     ; 5.228      ;
; 94.716 ; sld_hub:auto_hub|alt_sld_fab_with_jtag_input:\instrumentation_fabric_with_node_gen:fabric_gen_new_way:with_jtag_input_gen:instrumentation_fabric|alt_sld_fab:instrumentation_fabric|alt_sld_fab_alt_sld_fab:alt_sld_fab|alt_sld_fab_alt_sld_fab_sldfabric:sldfabric|sld_jtag_hub:\jtag_hub_gen:real_sld_jtag_hub|virtual_ir_scan_reg                ; BCDto7Seg:inst|BCDto7Seg_CPU:cpu|BCDto7Seg_CPU_cpu:cpu|BCDto7Seg_CPU_cpu_nios2_oci:the_BCDto7Seg_CPU_cpu_nios2_oci|BCDto7Seg_CPU_cpu_debug_slave_wrapper:the_BCDto7Seg_CPU_cpu_debug_slave_wrapper|BCDto7Seg_CPU_cpu_debug_slave_tck:the_BCDto7Seg_CPU_cpu_debug_slave_tck|sr[20]                                    ; altera_reserved_tck ; altera_reserved_tck ; 100.000      ; -0.076     ; 5.226      ;
; 94.718 ; sld_hub:auto_hub|alt_sld_fab_with_jtag_input:\instrumentation_fabric_with_node_gen:fabric_gen_new_way:with_jtag_input_gen:instrumentation_fabric|alt_sld_fab:instrumentation_fabric|alt_sld_fab_alt_sld_fab:alt_sld_fab|alt_sld_fab_alt_sld_fab_sldfabric:sldfabric|sld_jtag_hub:\jtag_hub_gen:real_sld_jtag_hub|virtual_ir_scan_reg                ; BCDto7Seg:inst|BCDto7Seg_CPU:cpu|BCDto7Seg_CPU_cpu:cpu|BCDto7Seg_CPU_cpu_nios2_oci:the_BCDto7Seg_CPU_cpu_nios2_oci|BCDto7Seg_CPU_cpu_debug_slave_wrapper:the_BCDto7Seg_CPU_cpu_debug_slave_wrapper|BCDto7Seg_CPU_cpu_debug_slave_tck:the_BCDto7Seg_CPU_cpu_debug_slave_tck|sr[21]                                    ; altera_reserved_tck ; altera_reserved_tck ; 100.000      ; -0.076     ; 5.224      ;
; 94.722 ; sld_hub:auto_hub|alt_sld_fab_with_jtag_input:\instrumentation_fabric_with_node_gen:fabric_gen_new_way:with_jtag_input_gen:instrumentation_fabric|alt_sld_fab:instrumentation_fabric|alt_sld_fab_alt_sld_fab:alt_sld_fab|alt_sld_fab_alt_sld_fab_sldfabric:sldfabric|sld_jtag_hub:\jtag_hub_gen:real_sld_jtag_hub|virtual_ir_scan_reg                ; BCDto7Seg:inst|BCDto7Seg_CPU:cpu|BCDto7Seg_CPU_cpu:cpu|BCDto7Seg_CPU_cpu_nios2_oci:the_BCDto7Seg_CPU_cpu_nios2_oci|BCDto7Seg_CPU_cpu_debug_slave_wrapper:the_BCDto7Seg_CPU_cpu_debug_slave_wrapper|BCDto7Seg_CPU_cpu_debug_slave_tck:the_BCDto7Seg_CPU_cpu_debug_slave_tck|sr[16]                                    ; altera_reserved_tck ; altera_reserved_tck ; 100.000      ; -0.076     ; 5.220      ;
; 94.775 ; sld_hub:auto_hub|alt_sld_fab_with_jtag_input:\instrumentation_fabric_with_node_gen:fabric_gen_new_way:with_jtag_input_gen:instrumentation_fabric|alt_sld_fab:instrumentation_fabric|alt_sld_fab_alt_sld_fab:alt_sld_fab|alt_sld_fab_alt_sld_fab_sldfabric:sldfabric|sld_jtag_hub:\jtag_hub_gen:real_sld_jtag_hub|virtual_ir_scan_reg                ; BCDto7Seg:inst|BCDto7Seg_CPU:cpu|BCDto7Seg_CPU_cpu:cpu|BCDto7Seg_CPU_cpu_nios2_oci:the_BCDto7Seg_CPU_cpu_nios2_oci|BCDto7Seg_CPU_cpu_debug_slave_wrapper:the_BCDto7Seg_CPU_cpu_debug_slave_wrapper|BCDto7Seg_CPU_cpu_debug_slave_tck:the_BCDto7Seg_CPU_cpu_debug_slave_tck|sr[24]                                    ; altera_reserved_tck ; altera_reserved_tck ; 100.000      ; -0.076     ; 5.167      ;
; 94.778 ; sld_hub:auto_hub|alt_sld_fab_with_jtag_input:\instrumentation_fabric_with_node_gen:fabric_gen_new_way:with_jtag_input_gen:instrumentation_fabric|alt_sld_fab:instrumentation_fabric|alt_sld_fab_alt_sld_fab:alt_sld_fab|alt_sld_fab_alt_sld_fab_sldfabric:sldfabric|sld_jtag_hub:\jtag_hub_gen:real_sld_jtag_hub|virtual_ir_scan_reg                ; BCDto7Seg:inst|BCDto7Seg_CPU:cpu|BCDto7Seg_CPU_cpu:cpu|BCDto7Seg_CPU_cpu_nios2_oci:the_BCDto7Seg_CPU_cpu_nios2_oci|BCDto7Seg_CPU_cpu_debug_slave_wrapper:the_BCDto7Seg_CPU_cpu_debug_slave_wrapper|BCDto7Seg_CPU_cpu_debug_slave_tck:the_BCDto7Seg_CPU_cpu_debug_slave_tck|sr[23]                                    ; altera_reserved_tck ; altera_reserved_tck ; 100.000      ; -0.076     ; 5.164      ;
; 94.782 ; sld_hub:auto_hub|alt_sld_fab_with_jtag_input:\instrumentation_fabric_with_node_gen:fabric_gen_new_way:with_jtag_input_gen:instrumentation_fabric|alt_sld_fab:instrumentation_fabric|alt_sld_fab_alt_sld_fab:alt_sld_fab|alt_sld_fab_alt_sld_fab_sldfabric:sldfabric|sld_jtag_hub:\jtag_hub_gen:real_sld_jtag_hub|virtual_ir_scan_reg                ; BCDto7Seg:inst|BCDto7Seg_CPU:cpu|BCDto7Seg_CPU_cpu:cpu|BCDto7Seg_CPU_cpu_nios2_oci:the_BCDto7Seg_CPU_cpu_nios2_oci|BCDto7Seg_CPU_cpu_debug_slave_wrapper:the_BCDto7Seg_CPU_cpu_debug_slave_wrapper|BCDto7Seg_CPU_cpu_debug_slave_tck:the_BCDto7Seg_CPU_cpu_debug_slave_tck|sr[26]                                    ; altera_reserved_tck ; altera_reserved_tck ; 100.000      ; -0.076     ; 5.160      ;
; 94.792 ; sld_hub:auto_hub|alt_sld_fab_with_jtag_input:\instrumentation_fabric_with_node_gen:fabric_gen_new_way:with_jtag_input_gen:instrumentation_fabric|alt_sld_fab:instrumentation_fabric|alt_sld_fab_alt_sld_fab:alt_sld_fab|alt_sld_fab_alt_sld_fab_sldfabric:sldfabric|sld_jtag_hub:\jtag_hub_gen:real_sld_jtag_hub|virtual_ir_scan_reg                ; BCDto7Seg:inst|BCDto7Seg_CPU:cpu|BCDto7Seg_CPU_cpu:cpu|BCDto7Seg_CPU_cpu_nios2_oci:the_BCDto7Seg_CPU_cpu_nios2_oci|BCDto7Seg_CPU_cpu_debug_slave_wrapper:the_BCDto7Seg_CPU_cpu_debug_slave_wrapper|BCDto7Seg_CPU_cpu_debug_slave_tck:the_BCDto7Seg_CPU_cpu_debug_slave_tck|sr[28]                                    ; altera_reserved_tck ; altera_reserved_tck ; 100.000      ; -0.076     ; 5.150      ;
; 94.795 ; sld_hub:auto_hub|alt_sld_fab_with_jtag_input:\instrumentation_fabric_with_node_gen:fabric_gen_new_way:with_jtag_input_gen:instrumentation_fabric|alt_sld_fab:instrumentation_fabric|alt_sld_fab_alt_sld_fab:alt_sld_fab|alt_sld_fab_alt_sld_fab_sldfabric:sldfabric|sld_jtag_hub:\jtag_hub_gen:real_sld_jtag_hub|virtual_ir_scan_reg                ; BCDto7Seg:inst|BCDto7Seg_CPU:cpu|BCDto7Seg_CPU_cpu:cpu|BCDto7Seg_CPU_cpu_nios2_oci:the_BCDto7Seg_CPU_cpu_nios2_oci|BCDto7Seg_CPU_cpu_debug_slave_wrapper:the_BCDto7Seg_CPU_cpu_debug_slave_wrapper|BCDto7Seg_CPU_cpu_debug_slave_tck:the_BCDto7Seg_CPU_cpu_debug_slave_tck|sr[22]                                    ; altera_reserved_tck ; altera_reserved_tck ; 100.000      ; -0.076     ; 5.147      ;
; 94.883 ; sld_hub:auto_hub|alt_sld_fab_with_jtag_input:\instrumentation_fabric_with_node_gen:fabric_gen_new_way:with_jtag_input_gen:instrumentation_fabric|alt_sld_fab:instrumentation_fabric|alt_sld_fab_alt_sld_fab:alt_sld_fab|alt_sld_fab_alt_sld_fab_sldfabric:sldfabric|sld_jtag_hub:\jtag_hub_gen:real_sld_jtag_hub|virtual_ir_scan_reg                ; BCDto7Seg:inst|BCDto7Seg_CPU:cpu|BCDto7Seg_CPU_cpu:cpu|BCDto7Seg_CPU_cpu_nios2_oci:the_BCDto7Seg_CPU_cpu_nios2_oci|BCDto7Seg_CPU_cpu_debug_slave_wrapper:the_BCDto7Seg_CPU_cpu_debug_slave_wrapper|BCDto7Seg_CPU_cpu_debug_slave_tck:the_BCDto7Seg_CPU_cpu_debug_slave_tck|sr[25]                                    ; altera_reserved_tck ; altera_reserved_tck ; 100.000      ; -0.076     ; 5.059      ;
; 94.883 ; sld_hub:auto_hub|alt_sld_fab_with_jtag_input:\instrumentation_fabric_with_node_gen:fabric_gen_new_way:with_jtag_input_gen:instrumentation_fabric|alt_sld_fab:instrumentation_fabric|alt_sld_fab_alt_sld_fab:alt_sld_fab|alt_sld_fab_alt_sld_fab_sldfabric:sldfabric|sld_jtag_hub:\jtag_hub_gen:real_sld_jtag_hub|virtual_ir_scan_reg                ; BCDto7Seg:inst|BCDto7Seg_CPU:cpu|BCDto7Seg_CPU_cpu:cpu|BCDto7Seg_CPU_cpu_nios2_oci:the_BCDto7Seg_CPU_cpu_nios2_oci|BCDto7Seg_CPU_cpu_debug_slave_wrapper:the_BCDto7Seg_CPU_cpu_debug_slave_wrapper|BCDto7Seg_CPU_cpu_debug_slave_tck:the_BCDto7Seg_CPU_cpu_debug_slave_tck|sr[17]                                    ; altera_reserved_tck ; altera_reserved_tck ; 100.000      ; -0.076     ; 5.059      ;
; 94.883 ; sld_hub:auto_hub|alt_sld_fab_with_jtag_input:\instrumentation_fabric_with_node_gen:fabric_gen_new_way:with_jtag_input_gen:instrumentation_fabric|alt_sld_fab:instrumentation_fabric|alt_sld_fab_alt_sld_fab:alt_sld_fab|alt_sld_fab_alt_sld_fab_sldfabric:sldfabric|sld_jtag_hub:\jtag_hub_gen:real_sld_jtag_hub|virtual_ir_scan_reg                ; BCDto7Seg:inst|BCDto7Seg_CPU:cpu|BCDto7Seg_CPU_cpu:cpu|BCDto7Seg_CPU_cpu_nios2_oci:the_BCDto7Seg_CPU_cpu_nios2_oci|BCDto7Seg_CPU_cpu_debug_slave_wrapper:the_BCDto7Seg_CPU_cpu_debug_slave_wrapper|BCDto7Seg_CPU_cpu_debug_slave_tck:the_BCDto7Seg_CPU_cpu_debug_slave_tck|sr[18]                                    ; altera_reserved_tck ; altera_reserved_tck ; 100.000      ; -0.076     ; 5.059      ;
; 94.883 ; sld_hub:auto_hub|alt_sld_fab_with_jtag_input:\instrumentation_fabric_with_node_gen:fabric_gen_new_way:with_jtag_input_gen:instrumentation_fabric|alt_sld_fab:instrumentation_fabric|alt_sld_fab_alt_sld_fab:alt_sld_fab|alt_sld_fab_alt_sld_fab_sldfabric:sldfabric|sld_jtag_hub:\jtag_hub_gen:real_sld_jtag_hub|virtual_ir_scan_reg                ; BCDto7Seg:inst|BCDto7Seg_CPU:cpu|BCDto7Seg_CPU_cpu:cpu|BCDto7Seg_CPU_cpu_nios2_oci:the_BCDto7Seg_CPU_cpu_nios2_oci|BCDto7Seg_CPU_cpu_debug_slave_wrapper:the_BCDto7Seg_CPU_cpu_debug_slave_wrapper|BCDto7Seg_CPU_cpu_debug_slave_tck:the_BCDto7Seg_CPU_cpu_debug_slave_tck|sr[27]                                    ; altera_reserved_tck ; altera_reserved_tck ; 100.000      ; -0.076     ; 5.059      ;
; 94.883 ; sld_hub:auto_hub|alt_sld_fab_with_jtag_input:\instrumentation_fabric_with_node_gen:fabric_gen_new_way:with_jtag_input_gen:instrumentation_fabric|alt_sld_fab:instrumentation_fabric|alt_sld_fab_alt_sld_fab:alt_sld_fab|alt_sld_fab_alt_sld_fab_sldfabric:sldfabric|sld_jtag_hub:\jtag_hub_gen:real_sld_jtag_hub|virtual_ir_scan_reg                ; BCDto7Seg:inst|BCDto7Seg_CPU:cpu|BCDto7Seg_CPU_cpu:cpu|BCDto7Seg_CPU_cpu_nios2_oci:the_BCDto7Seg_CPU_cpu_nios2_oci|BCDto7Seg_CPU_cpu_debug_slave_wrapper:the_BCDto7Seg_CPU_cpu_debug_slave_wrapper|BCDto7Seg_CPU_cpu_debug_slave_tck:the_BCDto7Seg_CPU_cpu_debug_slave_tck|sr[30]                                    ; altera_reserved_tck ; altera_reserved_tck ; 100.000      ; -0.076     ; 5.059      ;
; 94.883 ; sld_hub:auto_hub|alt_sld_fab_with_jtag_input:\instrumentation_fabric_with_node_gen:fabric_gen_new_way:with_jtag_input_gen:instrumentation_fabric|alt_sld_fab:instrumentation_fabric|alt_sld_fab_alt_sld_fab:alt_sld_fab|alt_sld_fab_alt_sld_fab_sldfabric:sldfabric|sld_jtag_hub:\jtag_hub_gen:real_sld_jtag_hub|virtual_ir_scan_reg                ; BCDto7Seg:inst|BCDto7Seg_CPU:cpu|BCDto7Seg_CPU_cpu:cpu|BCDto7Seg_CPU_cpu_nios2_oci:the_BCDto7Seg_CPU_cpu_nios2_oci|BCDto7Seg_CPU_cpu_debug_slave_wrapper:the_BCDto7Seg_CPU_cpu_debug_slave_wrapper|BCDto7Seg_CPU_cpu_debug_slave_tck:the_BCDto7Seg_CPU_cpu_debug_slave_tck|sr[32]                                    ; altera_reserved_tck ; altera_reserved_tck ; 100.000      ; -0.076     ; 5.059      ;
; 95.043 ; sld_hub:auto_hub|alt_sld_fab_with_jtag_input:\instrumentation_fabric_with_node_gen:fabric_gen_new_way:with_jtag_input_gen:instrumentation_fabric|alt_sld_fab:instrumentation_fabric|alt_sld_fab_alt_sld_fab:alt_sld_fab|alt_sld_fab_alt_sld_fab_sldfabric:sldfabric|sld_jtag_hub:\jtag_hub_gen:real_sld_jtag_hub|sld_shadow_jsm:shadow_jsm|state[4] ; BCDto7Seg:inst|BCDto7Seg_CPU:cpu|BCDto7Seg_CPU_cpu:cpu|BCDto7Seg_CPU_cpu_nios2_oci:the_BCDto7Seg_CPU_cpu_nios2_oci|BCDto7Seg_CPU_cpu_debug_slave_wrapper:the_BCDto7Seg_CPU_cpu_debug_slave_wrapper|BCDto7Seg_CPU_cpu_debug_slave_tck:the_BCDto7Seg_CPU_cpu_debug_slave_tck|sr[34]                                    ; altera_reserved_tck ; altera_reserved_tck ; 100.000      ; -0.074     ; 4.901      ;
; 95.043 ; sld_hub:auto_hub|alt_sld_fab_with_jtag_input:\instrumentation_fabric_with_node_gen:fabric_gen_new_way:with_jtag_input_gen:instrumentation_fabric|alt_sld_fab:instrumentation_fabric|alt_sld_fab_alt_sld_fab:alt_sld_fab|alt_sld_fab_alt_sld_fab_sldfabric:sldfabric|sld_jtag_hub:\jtag_hub_gen:real_sld_jtag_hub|sld_shadow_jsm:shadow_jsm|state[4] ; BCDto7Seg:inst|BCDto7Seg_CPU:cpu|BCDto7Seg_CPU_cpu:cpu|BCDto7Seg_CPU_cpu_nios2_oci:the_BCDto7Seg_CPU_cpu_nios2_oci|BCDto7Seg_CPU_cpu_debug_slave_wrapper:the_BCDto7Seg_CPU_cpu_debug_slave_wrapper|BCDto7Seg_CPU_cpu_debug_slave_tck:the_BCDto7Seg_CPU_cpu_debug_slave_tck|sr[33]                                    ; altera_reserved_tck ; altera_reserved_tck ; 100.000      ; -0.074     ; 4.901      ;
; 95.096 ; sld_hub:auto_hub|alt_sld_fab_with_jtag_input:\instrumentation_fabric_with_node_gen:fabric_gen_new_way:with_jtag_input_gen:instrumentation_fabric|alt_sld_fab:instrumentation_fabric|alt_sld_fab_alt_sld_fab:alt_sld_fab|alt_sld_fab_alt_sld_fab_sldfabric:sldfabric|sld_jtag_hub:\jtag_hub_gen:real_sld_jtag_hub|irf_reg[1][1]                      ; BCDto7Seg:inst|BCDto7Seg_CPU:cpu|BCDto7Seg_CPU_cpu:cpu|BCDto7Seg_CPU_cpu_nios2_oci:the_BCDto7Seg_CPU_cpu_nios2_oci|BCDto7Seg_CPU_cpu_debug_slave_wrapper:the_BCDto7Seg_CPU_cpu_debug_slave_wrapper|BCDto7Seg_CPU_cpu_debug_slave_tck:the_BCDto7Seg_CPU_cpu_debug_slave_tck|sr[21]                                    ; altera_reserved_tck ; altera_reserved_tck ; 100.000      ; -0.074     ; 4.848      ;
; 95.188 ; sld_hub:auto_hub|alt_sld_fab_with_jtag_input:\instrumentation_fabric_with_node_gen:fabric_gen_new_way:with_jtag_input_gen:instrumentation_fabric|alt_sld_fab:instrumentation_fabric|alt_sld_fab_alt_sld_fab:alt_sld_fab|alt_sld_fab_alt_sld_fab_sldfabric:sldfabric|sld_jtag_hub:\jtag_hub_gen:real_sld_jtag_hub|irf_reg[1][1]                      ; BCDto7Seg:inst|BCDto7Seg_CPU:cpu|BCDto7Seg_CPU_cpu:cpu|BCDto7Seg_CPU_cpu_nios2_oci:the_BCDto7Seg_CPU_cpu_nios2_oci|BCDto7Seg_CPU_cpu_debug_slave_wrapper:the_BCDto7Seg_CPU_cpu_debug_slave_wrapper|BCDto7Seg_CPU_cpu_debug_slave_tck:the_BCDto7Seg_CPU_cpu_debug_slave_tck|sr[34]                                    ; altera_reserved_tck ; altera_reserved_tck ; 100.000      ; -0.073     ; 4.757      ;
; 95.188 ; sld_hub:auto_hub|alt_sld_fab_with_jtag_input:\instrumentation_fabric_with_node_gen:fabric_gen_new_way:with_jtag_input_gen:instrumentation_fabric|alt_sld_fab:instrumentation_fabric|alt_sld_fab_alt_sld_fab:alt_sld_fab|alt_sld_fab_alt_sld_fab_sldfabric:sldfabric|sld_jtag_hub:\jtag_hub_gen:real_sld_jtag_hub|irf_reg[1][1]                      ; BCDto7Seg:inst|BCDto7Seg_CPU:cpu|BCDto7Seg_CPU_cpu:cpu|BCDto7Seg_CPU_cpu_nios2_oci:the_BCDto7Seg_CPU_cpu_nios2_oci|BCDto7Seg_CPU_cpu_debug_slave_wrapper:the_BCDto7Seg_CPU_cpu_debug_slave_wrapper|BCDto7Seg_CPU_cpu_debug_slave_tck:the_BCDto7Seg_CPU_cpu_debug_slave_tck|sr[33]                                    ; altera_reserved_tck ; altera_reserved_tck ; 100.000      ; -0.073     ; 4.757      ;
; 95.238 ; sld_hub:auto_hub|alt_sld_fab_with_jtag_input:\instrumentation_fabric_with_node_gen:fabric_gen_new_way:with_jtag_input_gen:instrumentation_fabric|alt_sld_fab:instrumentation_fabric|alt_sld_fab_alt_sld_fab:alt_sld_fab|alt_sld_fab_alt_sld_fab_sldfabric:sldfabric|sld_jtag_hub:\jtag_hub_gen:real_sld_jtag_hub|sld_shadow_jsm:shadow_jsm|state[4] ; BCDto7Seg:inst|BCDto7Seg_CPU:cpu|BCDto7Seg_CPU_cpu:cpu|BCDto7Seg_CPU_cpu_nios2_oci:the_BCDto7Seg_CPU_cpu_nios2_oci|BCDto7Seg_CPU_cpu_debug_slave_wrapper:the_BCDto7Seg_CPU_cpu_debug_slave_wrapper|BCDto7Seg_CPU_cpu_debug_slave_tck:the_BCDto7Seg_CPU_cpu_debug_slave_tck|sr[29]                                    ; altera_reserved_tck ; altera_reserved_tck ; 100.000      ; -0.075     ; 4.705      ;
; 95.241 ; sld_hub:auto_hub|alt_sld_fab_with_jtag_input:\instrumentation_fabric_with_node_gen:fabric_gen_new_way:with_jtag_input_gen:instrumentation_fabric|alt_sld_fab:instrumentation_fabric|alt_sld_fab_alt_sld_fab:alt_sld_fab|alt_sld_fab_alt_sld_fab_sldfabric:sldfabric|sld_jtag_hub:\jtag_hub_gen:real_sld_jtag_hub|sld_shadow_jsm:shadow_jsm|state[4] ; BCDto7Seg:inst|BCDto7Seg_CPU:cpu|BCDto7Seg_CPU_cpu:cpu|BCDto7Seg_CPU_cpu_nios2_oci:the_BCDto7Seg_CPU_cpu_nios2_oci|BCDto7Seg_CPU_cpu_debug_slave_wrapper:the_BCDto7Seg_CPU_cpu_debug_slave_wrapper|BCDto7Seg_CPU_cpu_debug_slave_tck:the_BCDto7Seg_CPU_cpu_debug_slave_tck|sr[19]                                    ; altera_reserved_tck ; altera_reserved_tck ; 100.000      ; -0.075     ; 4.702      ;
; 95.243 ; sld_hub:auto_hub|alt_sld_fab_with_jtag_input:\instrumentation_fabric_with_node_gen:fabric_gen_new_way:with_jtag_input_gen:instrumentation_fabric|alt_sld_fab:instrumentation_fabric|alt_sld_fab_alt_sld_fab:alt_sld_fab|alt_sld_fab_alt_sld_fab_sldfabric:sldfabric|sld_jtag_hub:\jtag_hub_gen:real_sld_jtag_hub|sld_shadow_jsm:shadow_jsm|state[4] ; BCDto7Seg:inst|BCDto7Seg_CPU:cpu|BCDto7Seg_CPU_cpu:cpu|BCDto7Seg_CPU_cpu_nios2_oci:the_BCDto7Seg_CPU_cpu_nios2_oci|BCDto7Seg_CPU_cpu_debug_slave_wrapper:the_BCDto7Seg_CPU_cpu_debug_slave_wrapper|BCDto7Seg_CPU_cpu_debug_slave_tck:the_BCDto7Seg_CPU_cpu_debug_slave_tck|sr[20]                                    ; altera_reserved_tck ; altera_reserved_tck ; 100.000      ; -0.075     ; 4.700      ;
; 95.245 ; sld_hub:auto_hub|alt_sld_fab_with_jtag_input:\instrumentation_fabric_with_node_gen:fabric_gen_new_way:with_jtag_input_gen:instrumentation_fabric|alt_sld_fab:instrumentation_fabric|alt_sld_fab_alt_sld_fab:alt_sld_fab|alt_sld_fab_alt_sld_fab_sldfabric:sldfabric|sld_jtag_hub:\jtag_hub_gen:real_sld_jtag_hub|sld_shadow_jsm:shadow_jsm|state[4] ; BCDto7Seg:inst|BCDto7Seg_CPU:cpu|BCDto7Seg_CPU_cpu:cpu|BCDto7Seg_CPU_cpu_nios2_oci:the_BCDto7Seg_CPU_cpu_nios2_oci|BCDto7Seg_CPU_cpu_debug_slave_wrapper:the_BCDto7Seg_CPU_cpu_debug_slave_wrapper|BCDto7Seg_CPU_cpu_debug_slave_tck:the_BCDto7Seg_CPU_cpu_debug_slave_tck|sr[21]                                    ; altera_reserved_tck ; altera_reserved_tck ; 100.000      ; -0.075     ; 4.698      ;
; 95.249 ; sld_hub:auto_hub|alt_sld_fab_with_jtag_input:\instrumentation_fabric_with_node_gen:fabric_gen_new_way:with_jtag_input_gen:instrumentation_fabric|alt_sld_fab:instrumentation_fabric|alt_sld_fab_alt_sld_fab:alt_sld_fab|alt_sld_fab_alt_sld_fab_sldfabric:sldfabric|sld_jtag_hub:\jtag_hub_gen:real_sld_jtag_hub|sld_shadow_jsm:shadow_jsm|state[4] ; BCDto7Seg:inst|BCDto7Seg_CPU:cpu|BCDto7Seg_CPU_cpu:cpu|BCDto7Seg_CPU_cpu_nios2_oci:the_BCDto7Seg_CPU_cpu_nios2_oci|BCDto7Seg_CPU_cpu_debug_slave_wrapper:the_BCDto7Seg_CPU_cpu_debug_slave_wrapper|BCDto7Seg_CPU_cpu_debug_slave_tck:the_BCDto7Seg_CPU_cpu_debug_slave_tck|sr[16]                                    ; altera_reserved_tck ; altera_reserved_tck ; 100.000      ; -0.075     ; 4.694      ;
; 95.302 ; sld_hub:auto_hub|alt_sld_fab_with_jtag_input:\instrumentation_fabric_with_node_gen:fabric_gen_new_way:with_jtag_input_gen:instrumentation_fabric|alt_sld_fab:instrumentation_fabric|alt_sld_fab_alt_sld_fab:alt_sld_fab|alt_sld_fab_alt_sld_fab_sldfabric:sldfabric|sld_jtag_hub:\jtag_hub_gen:real_sld_jtag_hub|sld_shadow_jsm:shadow_jsm|state[4] ; BCDto7Seg:inst|BCDto7Seg_CPU:cpu|BCDto7Seg_CPU_cpu:cpu|BCDto7Seg_CPU_cpu_nios2_oci:the_BCDto7Seg_CPU_cpu_nios2_oci|BCDto7Seg_CPU_cpu_debug_slave_wrapper:the_BCDto7Seg_CPU_cpu_debug_slave_wrapper|BCDto7Seg_CPU_cpu_debug_slave_tck:the_BCDto7Seg_CPU_cpu_debug_slave_tck|sr[24]                                    ; altera_reserved_tck ; altera_reserved_tck ; 100.000      ; -0.075     ; 4.641      ;
; 95.305 ; sld_hub:auto_hub|alt_sld_fab_with_jtag_input:\instrumentation_fabric_with_node_gen:fabric_gen_new_way:with_jtag_input_gen:instrumentation_fabric|alt_sld_fab:instrumentation_fabric|alt_sld_fab_alt_sld_fab:alt_sld_fab|alt_sld_fab_alt_sld_fab_sldfabric:sldfabric|sld_jtag_hub:\jtag_hub_gen:real_sld_jtag_hub|sld_shadow_jsm:shadow_jsm|state[4] ; BCDto7Seg:inst|BCDto7Seg_CPU:cpu|BCDto7Seg_CPU_cpu:cpu|BCDto7Seg_CPU_cpu_nios2_oci:the_BCDto7Seg_CPU_cpu_nios2_oci|BCDto7Seg_CPU_cpu_debug_slave_wrapper:the_BCDto7Seg_CPU_cpu_debug_slave_wrapper|BCDto7Seg_CPU_cpu_debug_slave_tck:the_BCDto7Seg_CPU_cpu_debug_slave_tck|sr[23]                                    ; altera_reserved_tck ; altera_reserved_tck ; 100.000      ; -0.075     ; 4.638      ;
; 95.309 ; sld_hub:auto_hub|alt_sld_fab_with_jtag_input:\instrumentation_fabric_with_node_gen:fabric_gen_new_way:with_jtag_input_gen:instrumentation_fabric|alt_sld_fab:instrumentation_fabric|alt_sld_fab_alt_sld_fab:alt_sld_fab|alt_sld_fab_alt_sld_fab_sldfabric:sldfabric|sld_jtag_hub:\jtag_hub_gen:real_sld_jtag_hub|sld_shadow_jsm:shadow_jsm|state[4] ; BCDto7Seg:inst|BCDto7Seg_CPU:cpu|BCDto7Seg_CPU_cpu:cpu|BCDto7Seg_CPU_cpu_nios2_oci:the_BCDto7Seg_CPU_cpu_nios2_oci|BCDto7Seg_CPU_cpu_debug_slave_wrapper:the_BCDto7Seg_CPU_cpu_debug_slave_wrapper|BCDto7Seg_CPU_cpu_debug_slave_tck:the_BCDto7Seg_CPU_cpu_debug_slave_tck|sr[26]                                    ; altera_reserved_tck ; altera_reserved_tck ; 100.000      ; -0.075     ; 4.634      ;
; 95.319 ; sld_hub:auto_hub|alt_sld_fab_with_jtag_input:\instrumentation_fabric_with_node_gen:fabric_gen_new_way:with_jtag_input_gen:instrumentation_fabric|alt_sld_fab:instrumentation_fabric|alt_sld_fab_alt_sld_fab:alt_sld_fab|alt_sld_fab_alt_sld_fab_sldfabric:sldfabric|sld_jtag_hub:\jtag_hub_gen:real_sld_jtag_hub|sld_shadow_jsm:shadow_jsm|state[4] ; BCDto7Seg:inst|BCDto7Seg_CPU:cpu|BCDto7Seg_CPU_cpu:cpu|BCDto7Seg_CPU_cpu_nios2_oci:the_BCDto7Seg_CPU_cpu_nios2_oci|BCDto7Seg_CPU_cpu_debug_slave_wrapper:the_BCDto7Seg_CPU_cpu_debug_slave_wrapper|BCDto7Seg_CPU_cpu_debug_slave_tck:the_BCDto7Seg_CPU_cpu_debug_slave_tck|sr[28]                                    ; altera_reserved_tck ; altera_reserved_tck ; 100.000      ; -0.075     ; 4.624      ;
; 95.322 ; sld_hub:auto_hub|alt_sld_fab_with_jtag_input:\instrumentation_fabric_with_node_gen:fabric_gen_new_way:with_jtag_input_gen:instrumentation_fabric|alt_sld_fab:instrumentation_fabric|alt_sld_fab_alt_sld_fab:alt_sld_fab|alt_sld_fab_alt_sld_fab_sldfabric:sldfabric|sld_jtag_hub:\jtag_hub_gen:real_sld_jtag_hub|sld_shadow_jsm:shadow_jsm|state[4] ; BCDto7Seg:inst|BCDto7Seg_CPU:cpu|BCDto7Seg_CPU_cpu:cpu|BCDto7Seg_CPU_cpu_nios2_oci:the_BCDto7Seg_CPU_cpu_nios2_oci|BCDto7Seg_CPU_cpu_debug_slave_wrapper:the_BCDto7Seg_CPU_cpu_debug_slave_wrapper|BCDto7Seg_CPU_cpu_debug_slave_tck:the_BCDto7Seg_CPU_cpu_debug_slave_tck|sr[22]                                    ; altera_reserved_tck ; altera_reserved_tck ; 100.000      ; -0.075     ; 4.621      ;
; 95.394 ; sld_hub:auto_hub|alt_sld_fab_with_jtag_input:\instrumentation_fabric_with_node_gen:fabric_gen_new_way:with_jtag_input_gen:instrumentation_fabric|alt_sld_fab:instrumentation_fabric|alt_sld_fab_alt_sld_fab:alt_sld_fab|alt_sld_fab_alt_sld_fab_sldfabric:sldfabric|sld_jtag_hub:\jtag_hub_gen:real_sld_jtag_hub|sld_shadow_jsm:shadow_jsm|state[3] ; BCDto7Seg:inst|BCDto7Seg_CPU:cpu|BCDto7Seg_CPU_cpu:cpu|BCDto7Seg_CPU_cpu_nios2_oci:the_BCDto7Seg_CPU_cpu_nios2_oci|BCDto7Seg_CPU_cpu_debug_slave_wrapper:the_BCDto7Seg_CPU_cpu_debug_slave_wrapper|BCDto7Seg_CPU_cpu_debug_slave_tck:the_BCDto7Seg_CPU_cpu_debug_slave_tck|sr[34]                                    ; altera_reserved_tck ; altera_reserved_tck ; 100.000      ; -0.074     ; 4.550      ;
; 95.394 ; sld_hub:auto_hub|alt_sld_fab_with_jtag_input:\instrumentation_fabric_with_node_gen:fabric_gen_new_way:with_jtag_input_gen:instrumentation_fabric|alt_sld_fab:instrumentation_fabric|alt_sld_fab_alt_sld_fab:alt_sld_fab|alt_sld_fab_alt_sld_fab_sldfabric:sldfabric|sld_jtag_hub:\jtag_hub_gen:real_sld_jtag_hub|sld_shadow_jsm:shadow_jsm|state[3] ; BCDto7Seg:inst|BCDto7Seg_CPU:cpu|BCDto7Seg_CPU_cpu:cpu|BCDto7Seg_CPU_cpu_nios2_oci:the_BCDto7Seg_CPU_cpu_nios2_oci|BCDto7Seg_CPU_cpu_debug_slave_wrapper:the_BCDto7Seg_CPU_cpu_debug_slave_wrapper|BCDto7Seg_CPU_cpu_debug_slave_tck:the_BCDto7Seg_CPU_cpu_debug_slave_tck|sr[33]                                    ; altera_reserved_tck ; altera_reserved_tck ; 100.000      ; -0.074     ; 4.550      ;
; 95.410 ; sld_hub:auto_hub|alt_sld_fab_with_jtag_input:\instrumentation_fabric_with_node_gen:fabric_gen_new_way:with_jtag_input_gen:instrumentation_fabric|alt_sld_fab:instrumentation_fabric|alt_sld_fab_alt_sld_fab:alt_sld_fab|alt_sld_fab_alt_sld_fab_sldfabric:sldfabric|sld_jtag_hub:\jtag_hub_gen:real_sld_jtag_hub|sld_shadow_jsm:shadow_jsm|state[4] ; BCDto7Seg:inst|BCDto7Seg_CPU:cpu|BCDto7Seg_CPU_cpu:cpu|BCDto7Seg_CPU_cpu_nios2_oci:the_BCDto7Seg_CPU_cpu_nios2_oci|BCDto7Seg_CPU_cpu_debug_slave_wrapper:the_BCDto7Seg_CPU_cpu_debug_slave_wrapper|BCDto7Seg_CPU_cpu_debug_slave_tck:the_BCDto7Seg_CPU_cpu_debug_slave_tck|sr[25]                                    ; altera_reserved_tck ; altera_reserved_tck ; 100.000      ; -0.075     ; 4.533      ;
; 95.410 ; sld_hub:auto_hub|alt_sld_fab_with_jtag_input:\instrumentation_fabric_with_node_gen:fabric_gen_new_way:with_jtag_input_gen:instrumentation_fabric|alt_sld_fab:instrumentation_fabric|alt_sld_fab_alt_sld_fab:alt_sld_fab|alt_sld_fab_alt_sld_fab_sldfabric:sldfabric|sld_jtag_hub:\jtag_hub_gen:real_sld_jtag_hub|sld_shadow_jsm:shadow_jsm|state[4] ; BCDto7Seg:inst|BCDto7Seg_CPU:cpu|BCDto7Seg_CPU_cpu:cpu|BCDto7Seg_CPU_cpu_nios2_oci:the_BCDto7Seg_CPU_cpu_nios2_oci|BCDto7Seg_CPU_cpu_debug_slave_wrapper:the_BCDto7Seg_CPU_cpu_debug_slave_wrapper|BCDto7Seg_CPU_cpu_debug_slave_tck:the_BCDto7Seg_CPU_cpu_debug_slave_tck|sr[17]                                    ; altera_reserved_tck ; altera_reserved_tck ; 100.000      ; -0.075     ; 4.533      ;
; 95.410 ; sld_hub:auto_hub|alt_sld_fab_with_jtag_input:\instrumentation_fabric_with_node_gen:fabric_gen_new_way:with_jtag_input_gen:instrumentation_fabric|alt_sld_fab:instrumentation_fabric|alt_sld_fab_alt_sld_fab:alt_sld_fab|alt_sld_fab_alt_sld_fab_sldfabric:sldfabric|sld_jtag_hub:\jtag_hub_gen:real_sld_jtag_hub|sld_shadow_jsm:shadow_jsm|state[4] ; BCDto7Seg:inst|BCDto7Seg_CPU:cpu|BCDto7Seg_CPU_cpu:cpu|BCDto7Seg_CPU_cpu_nios2_oci:the_BCDto7Seg_CPU_cpu_nios2_oci|BCDto7Seg_CPU_cpu_debug_slave_wrapper:the_BCDto7Seg_CPU_cpu_debug_slave_wrapper|BCDto7Seg_CPU_cpu_debug_slave_tck:the_BCDto7Seg_CPU_cpu_debug_slave_tck|sr[18]                                    ; altera_reserved_tck ; altera_reserved_tck ; 100.000      ; -0.075     ; 4.533      ;
; 95.410 ; sld_hub:auto_hub|alt_sld_fab_with_jtag_input:\instrumentation_fabric_with_node_gen:fabric_gen_new_way:with_jtag_input_gen:instrumentation_fabric|alt_sld_fab:instrumentation_fabric|alt_sld_fab_alt_sld_fab:alt_sld_fab|alt_sld_fab_alt_sld_fab_sldfabric:sldfabric|sld_jtag_hub:\jtag_hub_gen:real_sld_jtag_hub|sld_shadow_jsm:shadow_jsm|state[4] ; BCDto7Seg:inst|BCDto7Seg_CPU:cpu|BCDto7Seg_CPU_cpu:cpu|BCDto7Seg_CPU_cpu_nios2_oci:the_BCDto7Seg_CPU_cpu_nios2_oci|BCDto7Seg_CPU_cpu_debug_slave_wrapper:the_BCDto7Seg_CPU_cpu_debug_slave_wrapper|BCDto7Seg_CPU_cpu_debug_slave_tck:the_BCDto7Seg_CPU_cpu_debug_slave_tck|sr[27]                                    ; altera_reserved_tck ; altera_reserved_tck ; 100.000      ; -0.075     ; 4.533      ;
; 95.410 ; sld_hub:auto_hub|alt_sld_fab_with_jtag_input:\instrumentation_fabric_with_node_gen:fabric_gen_new_way:with_jtag_input_gen:instrumentation_fabric|alt_sld_fab:instrumentation_fabric|alt_sld_fab_alt_sld_fab:alt_sld_fab|alt_sld_fab_alt_sld_fab_sldfabric:sldfabric|sld_jtag_hub:\jtag_hub_gen:real_sld_jtag_hub|sld_shadow_jsm:shadow_jsm|state[4] ; BCDto7Seg:inst|BCDto7Seg_CPU:cpu|BCDto7Seg_CPU_cpu:cpu|BCDto7Seg_CPU_cpu_nios2_oci:the_BCDto7Seg_CPU_cpu_nios2_oci|BCDto7Seg_CPU_cpu_debug_slave_wrapper:the_BCDto7Seg_CPU_cpu_debug_slave_wrapper|BCDto7Seg_CPU_cpu_debug_slave_tck:the_BCDto7Seg_CPU_cpu_debug_slave_tck|sr[30]                                    ; altera_reserved_tck ; altera_reserved_tck ; 100.000      ; -0.075     ; 4.533      ;
; 95.410 ; sld_hub:auto_hub|alt_sld_fab_with_jtag_input:\instrumentation_fabric_with_node_gen:fabric_gen_new_way:with_jtag_input_gen:instrumentation_fabric|alt_sld_fab:instrumentation_fabric|alt_sld_fab_alt_sld_fab:alt_sld_fab|alt_sld_fab_alt_sld_fab_sldfabric:sldfabric|sld_jtag_hub:\jtag_hub_gen:real_sld_jtag_hub|sld_shadow_jsm:shadow_jsm|state[4] ; BCDto7Seg:inst|BCDto7Seg_CPU:cpu|BCDto7Seg_CPU_cpu:cpu|BCDto7Seg_CPU_cpu_nios2_oci:the_BCDto7Seg_CPU_cpu_nios2_oci|BCDto7Seg_CPU_cpu_debug_slave_wrapper:the_BCDto7Seg_CPU_cpu_debug_slave_wrapper|BCDto7Seg_CPU_cpu_debug_slave_tck:the_BCDto7Seg_CPU_cpu_debug_slave_tck|sr[32]                                    ; altera_reserved_tck ; altera_reserved_tck ; 100.000      ; -0.075     ; 4.533      ;
; 95.416 ; sld_hub:auto_hub|alt_sld_fab_with_jtag_input:\instrumentation_fabric_with_node_gen:fabric_gen_new_way:with_jtag_input_gen:instrumentation_fabric|alt_sld_fab:instrumentation_fabric|alt_sld_fab_alt_sld_fab:alt_sld_fab|alt_sld_fab_alt_sld_fab_sldfabric:sldfabric|sld_jtag_hub:\jtag_hub_gen:real_sld_jtag_hub|irf_reg[1][1]                      ; BCDto7Seg:inst|BCDto7Seg_CPU:cpu|BCDto7Seg_CPU_cpu:cpu|BCDto7Seg_CPU_cpu_nios2_oci:the_BCDto7Seg_CPU_cpu_nios2_oci|BCDto7Seg_CPU_cpu_debug_slave_wrapper:the_BCDto7Seg_CPU_cpu_debug_slave_wrapper|BCDto7Seg_CPU_cpu_debug_slave_tck:the_BCDto7Seg_CPU_cpu_debug_slave_tck|sr[0]                                     ; altera_reserved_tck ; altera_reserved_tck ; 100.000      ; -0.071     ; 4.531      ;
; 95.418 ; sld_hub:auto_hub|alt_sld_fab_with_jtag_input:\instrumentation_fabric_with_node_gen:fabric_gen_new_way:with_jtag_input_gen:instrumentation_fabric|alt_sld_fab:instrumentation_fabric|alt_sld_fab_alt_sld_fab:alt_sld_fab|alt_sld_fab_alt_sld_fab_sldfabric:sldfabric|sld_jtag_hub:\jtag_hub_gen:real_sld_jtag_hub|sld_shadow_jsm:shadow_jsm|state[3] ; BCDto7Seg:inst|BCDto7Seg_CPU:cpu|BCDto7Seg_CPU_cpu:cpu|BCDto7Seg_CPU_cpu_nios2_oci:the_BCDto7Seg_CPU_cpu_nios2_oci|BCDto7Seg_CPU_cpu_debug_slave_wrapper:the_BCDto7Seg_CPU_cpu_debug_slave_wrapper|BCDto7Seg_CPU_cpu_debug_slave_tck:the_BCDto7Seg_CPU_cpu_debug_slave_tck|sr[36]                                    ; altera_reserved_tck ; altera_reserved_tck ; 100.000      ; -0.075     ; 4.525      ;
; 95.418 ; sld_hub:auto_hub|alt_sld_fab_with_jtag_input:\instrumentation_fabric_with_node_gen:fabric_gen_new_way:with_jtag_input_gen:instrumentation_fabric|alt_sld_fab:instrumentation_fabric|alt_sld_fab_alt_sld_fab:alt_sld_fab|alt_sld_fab_alt_sld_fab_sldfabric:sldfabric|sld_jtag_hub:\jtag_hub_gen:real_sld_jtag_hub|sld_shadow_jsm:shadow_jsm|state[3] ; BCDto7Seg:inst|BCDto7Seg_CPU:cpu|BCDto7Seg_CPU_cpu:cpu|BCDto7Seg_CPU_cpu_nios2_oci:the_BCDto7Seg_CPU_cpu_nios2_oci|BCDto7Seg_CPU_cpu_debug_slave_wrapper:the_BCDto7Seg_CPU_cpu_debug_slave_wrapper|BCDto7Seg_CPU_cpu_debug_slave_tck:the_BCDto7Seg_CPU_cpu_debug_slave_tck|sr[37]                                    ; altera_reserved_tck ; altera_reserved_tck ; 100.000      ; -0.075     ; 4.525      ;
; 95.499 ; sld_hub:auto_hub|alt_sld_fab_with_jtag_input:\instrumentation_fabric_with_node_gen:fabric_gen_new_way:with_jtag_input_gen:instrumentation_fabric|alt_sld_fab:instrumentation_fabric|alt_sld_fab_alt_sld_fab:alt_sld_fab|alt_sld_fab_alt_sld_fab_sldfabric:sldfabric|sld_jtag_hub:\jtag_hub_gen:real_sld_jtag_hub|virtual_ir_scan_reg                ; BCDto7Seg:inst|BCDto7Seg_CPU:cpu|BCDto7Seg_CPU_cpu:cpu|BCDto7Seg_CPU_cpu_nios2_oci:the_BCDto7Seg_CPU_cpu_nios2_oci|BCDto7Seg_CPU_cpu_debug_slave_wrapper:the_BCDto7Seg_CPU_cpu_debug_slave_wrapper|BCDto7Seg_CPU_cpu_debug_slave_tck:the_BCDto7Seg_CPU_cpu_debug_slave_tck|sr[36]                                    ; altera_reserved_tck ; altera_reserved_tck ; 100.000      ; -0.076     ; 4.443      ;
; 95.499 ; sld_hub:auto_hub|alt_sld_fab_with_jtag_input:\instrumentation_fabric_with_node_gen:fabric_gen_new_way:with_jtag_input_gen:instrumentation_fabric|alt_sld_fab:instrumentation_fabric|alt_sld_fab_alt_sld_fab:alt_sld_fab|alt_sld_fab_alt_sld_fab_sldfabric:sldfabric|sld_jtag_hub:\jtag_hub_gen:real_sld_jtag_hub|virtual_ir_scan_reg                ; BCDto7Seg:inst|BCDto7Seg_CPU:cpu|BCDto7Seg_CPU_cpu:cpu|BCDto7Seg_CPU_cpu_nios2_oci:the_BCDto7Seg_CPU_cpu_nios2_oci|BCDto7Seg_CPU_cpu_debug_slave_wrapper:the_BCDto7Seg_CPU_cpu_debug_slave_wrapper|BCDto7Seg_CPU_cpu_debug_slave_tck:the_BCDto7Seg_CPU_cpu_debug_slave_tck|sr[37]                                    ; altera_reserved_tck ; altera_reserved_tck ; 100.000      ; -0.076     ; 4.443      ;
; 95.534 ; sld_hub:auto_hub|alt_sld_fab_with_jtag_input:\instrumentation_fabric_with_node_gen:fabric_gen_new_way:with_jtag_input_gen:instrumentation_fabric|alt_sld_fab:instrumentation_fabric|alt_sld_fab_alt_sld_fab:alt_sld_fab|alt_sld_fab_alt_sld_fab_sldfabric:sldfabric|sld_jtag_hub:\jtag_hub_gen:real_sld_jtag_hub|irf_reg[1][1]                      ; BCDto7Seg:inst|BCDto7Seg_CPU:cpu|BCDto7Seg_CPU_cpu:cpu|BCDto7Seg_CPU_cpu_nios2_oci:the_BCDto7Seg_CPU_cpu_nios2_oci|BCDto7Seg_CPU_cpu_debug_slave_wrapper:the_BCDto7Seg_CPU_cpu_debug_slave_wrapper|BCDto7Seg_CPU_cpu_debug_slave_tck:the_BCDto7Seg_CPU_cpu_debug_slave_tck|sr[35]                                    ; altera_reserved_tck ; altera_reserved_tck ; 100.000      ; -0.071     ; 4.413      ;
; 95.541 ; sld_hub:auto_hub|alt_sld_fab_with_jtag_input:\instrumentation_fabric_with_node_gen:fabric_gen_new_way:with_jtag_input_gen:instrumentation_fabric|alt_sld_fab:instrumentation_fabric|alt_sld_fab_alt_sld_fab:alt_sld_fab|alt_sld_fab_alt_sld_fab_sldfabric:sldfabric|sld_jtag_hub:\jtag_hub_gen:real_sld_jtag_hub|irf_reg[1][1]                      ; BCDto7Seg:inst|BCDto7Seg_CPU:cpu|BCDto7Seg_CPU_cpu:cpu|BCDto7Seg_CPU_cpu_nios2_oci:the_BCDto7Seg_CPU_cpu_nios2_oci|BCDto7Seg_CPU_cpu_debug_slave_wrapper:the_BCDto7Seg_CPU_cpu_debug_slave_wrapper|BCDto7Seg_CPU_cpu_debug_slave_tck:the_BCDto7Seg_CPU_cpu_debug_slave_tck|sr[16]                                    ; altera_reserved_tck ; altera_reserved_tck ; 100.000      ; -0.074     ; 4.403      ;
; 95.555 ; sld_hub:auto_hub|alt_sld_fab_with_jtag_input:\instrumentation_fabric_with_node_gen:fabric_gen_new_way:with_jtag_input_gen:instrumentation_fabric|alt_sld_fab:instrumentation_fabric|alt_sld_fab_alt_sld_fab:alt_sld_fab|alt_sld_fab_alt_sld_fab_sldfabric:sldfabric|sld_jtag_hub:\jtag_hub_gen:real_sld_jtag_hub|irf_reg[1][1]                      ; BCDto7Seg:inst|BCDto7Seg_CPU:cpu|BCDto7Seg_CPU_cpu:cpu|BCDto7Seg_CPU_cpu_nios2_oci:the_BCDto7Seg_CPU_cpu_nios2_oci|BCDto7Seg_CPU_cpu_debug_slave_wrapper:the_BCDto7Seg_CPU_cpu_debug_slave_wrapper|BCDto7Seg_CPU_cpu_debug_slave_tck:the_BCDto7Seg_CPU_cpu_debug_slave_tck|sr[26]                                    ; altera_reserved_tck ; altera_reserved_tck ; 100.000      ; -0.074     ; 4.389      ;
; 95.555 ; sld_hub:auto_hub|alt_sld_fab_with_jtag_input:\instrumentation_fabric_with_node_gen:fabric_gen_new_way:with_jtag_input_gen:instrumentation_fabric|alt_sld_fab:instrumentation_fabric|alt_sld_fab_alt_sld_fab:alt_sld_fab|alt_sld_fab_alt_sld_fab_sldfabric:sldfabric|sld_jtag_hub:\jtag_hub_gen:real_sld_jtag_hub|irf_reg[1][1]                      ; BCDto7Seg:inst|BCDto7Seg_CPU:cpu|BCDto7Seg_CPU_cpu:cpu|BCDto7Seg_CPU_cpu_nios2_oci:the_BCDto7Seg_CPU_cpu_nios2_oci|BCDto7Seg_CPU_cpu_debug_slave_wrapper:the_BCDto7Seg_CPU_cpu_debug_slave_wrapper|BCDto7Seg_CPU_cpu_debug_slave_tck:the_BCDto7Seg_CPU_cpu_debug_slave_tck|sr[25]                                    ; altera_reserved_tck ; altera_reserved_tck ; 100.000      ; -0.074     ; 4.389      ;
; 95.555 ; sld_hub:auto_hub|alt_sld_fab_with_jtag_input:\instrumentation_fabric_with_node_gen:fabric_gen_new_way:with_jtag_input_gen:instrumentation_fabric|alt_sld_fab:instrumentation_fabric|alt_sld_fab_alt_sld_fab:alt_sld_fab|alt_sld_fab_alt_sld_fab_sldfabric:sldfabric|sld_jtag_hub:\jtag_hub_gen:real_sld_jtag_hub|irf_reg[1][1]                      ; BCDto7Seg:inst|BCDto7Seg_CPU:cpu|BCDto7Seg_CPU_cpu:cpu|BCDto7Seg_CPU_cpu_nios2_oci:the_BCDto7Seg_CPU_cpu_nios2_oci|BCDto7Seg_CPU_cpu_debug_slave_wrapper:the_BCDto7Seg_CPU_cpu_debug_slave_wrapper|BCDto7Seg_CPU_cpu_debug_slave_tck:the_BCDto7Seg_CPU_cpu_debug_slave_tck|sr[24]                                    ; altera_reserved_tck ; altera_reserved_tck ; 100.000      ; -0.074     ; 4.389      ;
; 95.555 ; sld_hub:auto_hub|alt_sld_fab_with_jtag_input:\instrumentation_fabric_with_node_gen:fabric_gen_new_way:with_jtag_input_gen:instrumentation_fabric|alt_sld_fab:instrumentation_fabric|alt_sld_fab_alt_sld_fab:alt_sld_fab|alt_sld_fab_alt_sld_fab_sldfabric:sldfabric|sld_jtag_hub:\jtag_hub_gen:real_sld_jtag_hub|irf_reg[1][1]                      ; BCDto7Seg:inst|BCDto7Seg_CPU:cpu|BCDto7Seg_CPU_cpu:cpu|BCDto7Seg_CPU_cpu_nios2_oci:the_BCDto7Seg_CPU_cpu_nios2_oci|BCDto7Seg_CPU_cpu_debug_slave_wrapper:the_BCDto7Seg_CPU_cpu_debug_slave_wrapper|BCDto7Seg_CPU_cpu_debug_slave_tck:the_BCDto7Seg_CPU_cpu_debug_slave_tck|sr[23]                                    ; altera_reserved_tck ; altera_reserved_tck ; 100.000      ; -0.074     ; 4.389      ;
; 95.555 ; sld_hub:auto_hub|alt_sld_fab_with_jtag_input:\instrumentation_fabric_with_node_gen:fabric_gen_new_way:with_jtag_input_gen:instrumentation_fabric|alt_sld_fab:instrumentation_fabric|alt_sld_fab_alt_sld_fab:alt_sld_fab|alt_sld_fab_alt_sld_fab_sldfabric:sldfabric|sld_jtag_hub:\jtag_hub_gen:real_sld_jtag_hub|irf_reg[1][1]                      ; BCDto7Seg:inst|BCDto7Seg_CPU:cpu|BCDto7Seg_CPU_cpu:cpu|BCDto7Seg_CPU_cpu_nios2_oci:the_BCDto7Seg_CPU_cpu_nios2_oci|BCDto7Seg_CPU_cpu_debug_slave_wrapper:the_BCDto7Seg_CPU_cpu_debug_slave_wrapper|BCDto7Seg_CPU_cpu_debug_slave_tck:the_BCDto7Seg_CPU_cpu_debug_slave_tck|sr[22]                                    ; altera_reserved_tck ; altera_reserved_tck ; 100.000      ; -0.074     ; 4.389      ;
; 95.555 ; sld_hub:auto_hub|alt_sld_fab_with_jtag_input:\instrumentation_fabric_with_node_gen:fabric_gen_new_way:with_jtag_input_gen:instrumentation_fabric|alt_sld_fab:instrumentation_fabric|alt_sld_fab_alt_sld_fab:alt_sld_fab|alt_sld_fab_alt_sld_fab_sldfabric:sldfabric|sld_jtag_hub:\jtag_hub_gen:real_sld_jtag_hub|irf_reg[1][1]                      ; BCDto7Seg:inst|BCDto7Seg_CPU:cpu|BCDto7Seg_CPU_cpu:cpu|BCDto7Seg_CPU_cpu_nios2_oci:the_BCDto7Seg_CPU_cpu_nios2_oci|BCDto7Seg_CPU_cpu_debug_slave_wrapper:the_BCDto7Seg_CPU_cpu_debug_slave_wrapper|BCDto7Seg_CPU_cpu_debug_slave_tck:the_BCDto7Seg_CPU_cpu_debug_slave_tck|sr[17]                                    ; altera_reserved_tck ; altera_reserved_tck ; 100.000      ; -0.074     ; 4.389      ;
; 95.555 ; sld_hub:auto_hub|alt_sld_fab_with_jtag_input:\instrumentation_fabric_with_node_gen:fabric_gen_new_way:with_jtag_input_gen:instrumentation_fabric|alt_sld_fab:instrumentation_fabric|alt_sld_fab_alt_sld_fab:alt_sld_fab|alt_sld_fab_alt_sld_fab_sldfabric:sldfabric|sld_jtag_hub:\jtag_hub_gen:real_sld_jtag_hub|irf_reg[1][1]                      ; BCDto7Seg:inst|BCDto7Seg_CPU:cpu|BCDto7Seg_CPU_cpu:cpu|BCDto7Seg_CPU_cpu_nios2_oci:the_BCDto7Seg_CPU_cpu_nios2_oci|BCDto7Seg_CPU_cpu_debug_slave_wrapper:the_BCDto7Seg_CPU_cpu_debug_slave_wrapper|BCDto7Seg_CPU_cpu_debug_slave_tck:the_BCDto7Seg_CPU_cpu_debug_slave_tck|sr[18]                                    ; altera_reserved_tck ; altera_reserved_tck ; 100.000      ; -0.074     ; 4.389      ;
; 95.555 ; sld_hub:auto_hub|alt_sld_fab_with_jtag_input:\instrumentation_fabric_with_node_gen:fabric_gen_new_way:with_jtag_input_gen:instrumentation_fabric|alt_sld_fab:instrumentation_fabric|alt_sld_fab_alt_sld_fab:alt_sld_fab|alt_sld_fab_alt_sld_fab_sldfabric:sldfabric|sld_jtag_hub:\jtag_hub_gen:real_sld_jtag_hub|irf_reg[1][1]                      ; BCDto7Seg:inst|BCDto7Seg_CPU:cpu|BCDto7Seg_CPU_cpu:cpu|BCDto7Seg_CPU_cpu_nios2_oci:the_BCDto7Seg_CPU_cpu_nios2_oci|BCDto7Seg_CPU_cpu_debug_slave_wrapper:the_BCDto7Seg_CPU_cpu_debug_slave_wrapper|BCDto7Seg_CPU_cpu_debug_slave_tck:the_BCDto7Seg_CPU_cpu_debug_slave_tck|sr[20]                                    ; altera_reserved_tck ; altera_reserved_tck ; 100.000      ; -0.074     ; 4.389      ;
; 95.555 ; sld_hub:auto_hub|alt_sld_fab_with_jtag_input:\instrumentation_fabric_with_node_gen:fabric_gen_new_way:with_jtag_input_gen:instrumentation_fabric|alt_sld_fab:instrumentation_fabric|alt_sld_fab_alt_sld_fab:alt_sld_fab|alt_sld_fab_alt_sld_fab_sldfabric:sldfabric|sld_jtag_hub:\jtag_hub_gen:real_sld_jtag_hub|irf_reg[1][1]                      ; BCDto7Seg:inst|BCDto7Seg_CPU:cpu|BCDto7Seg_CPU_cpu:cpu|BCDto7Seg_CPU_cpu_nios2_oci:the_BCDto7Seg_CPU_cpu_nios2_oci|BCDto7Seg_CPU_cpu_debug_slave_wrapper:the_BCDto7Seg_CPU_cpu_debug_slave_wrapper|BCDto7Seg_CPU_cpu_debug_slave_tck:the_BCDto7Seg_CPU_cpu_debug_slave_tck|sr[19]                                    ; altera_reserved_tck ; altera_reserved_tck ; 100.000      ; -0.074     ; 4.389      ;
; 95.555 ; sld_hub:auto_hub|alt_sld_fab_with_jtag_input:\instrumentation_fabric_with_node_gen:fabric_gen_new_way:with_jtag_input_gen:instrumentation_fabric|alt_sld_fab:instrumentation_fabric|alt_sld_fab_alt_sld_fab:alt_sld_fab|alt_sld_fab_alt_sld_fab_sldfabric:sldfabric|sld_jtag_hub:\jtag_hub_gen:real_sld_jtag_hub|irf_reg[1][1]                      ; BCDto7Seg:inst|BCDto7Seg_CPU:cpu|BCDto7Seg_CPU_cpu:cpu|BCDto7Seg_CPU_cpu_nios2_oci:the_BCDto7Seg_CPU_cpu_nios2_oci|BCDto7Seg_CPU_cpu_debug_slave_wrapper:the_BCDto7Seg_CPU_cpu_debug_slave_wrapper|BCDto7Seg_CPU_cpu_debug_slave_tck:the_BCDto7Seg_CPU_cpu_debug_slave_tck|sr[28]                                    ; altera_reserved_tck ; altera_reserved_tck ; 100.000      ; -0.074     ; 4.389      ;
; 95.555 ; sld_hub:auto_hub|alt_sld_fab_with_jtag_input:\instrumentation_fabric_with_node_gen:fabric_gen_new_way:with_jtag_input_gen:instrumentation_fabric|alt_sld_fab:instrumentation_fabric|alt_sld_fab_alt_sld_fab:alt_sld_fab|alt_sld_fab_alt_sld_fab_sldfabric:sldfabric|sld_jtag_hub:\jtag_hub_gen:real_sld_jtag_hub|irf_reg[1][1]                      ; BCDto7Seg:inst|BCDto7Seg_CPU:cpu|BCDto7Seg_CPU_cpu:cpu|BCDto7Seg_CPU_cpu_nios2_oci:the_BCDto7Seg_CPU_cpu_nios2_oci|BCDto7Seg_CPU_cpu_debug_slave_wrapper:the_BCDto7Seg_CPU_cpu_debug_slave_wrapper|BCDto7Seg_CPU_cpu_debug_slave_tck:the_BCDto7Seg_CPU_cpu_debug_slave_tck|sr[27]                                    ; altera_reserved_tck ; altera_reserved_tck ; 100.000      ; -0.074     ; 4.389      ;
; 95.555 ; sld_hub:auto_hub|alt_sld_fab_with_jtag_input:\instrumentation_fabric_with_node_gen:fabric_gen_new_way:with_jtag_input_gen:instrumentation_fabric|alt_sld_fab:instrumentation_fabric|alt_sld_fab_alt_sld_fab:alt_sld_fab|alt_sld_fab_alt_sld_fab_sldfabric:sldfabric|sld_jtag_hub:\jtag_hub_gen:real_sld_jtag_hub|irf_reg[1][1]                      ; BCDto7Seg:inst|BCDto7Seg_CPU:cpu|BCDto7Seg_CPU_cpu:cpu|BCDto7Seg_CPU_cpu_nios2_oci:the_BCDto7Seg_CPU_cpu_nios2_oci|BCDto7Seg_CPU_cpu_debug_slave_wrapper:the_BCDto7Seg_CPU_cpu_debug_slave_wrapper|BCDto7Seg_CPU_cpu_debug_slave_tck:the_BCDto7Seg_CPU_cpu_debug_slave_tck|sr[29]                                    ; altera_reserved_tck ; altera_reserved_tck ; 100.000      ; -0.074     ; 4.389      ;
; 95.555 ; sld_hub:auto_hub|alt_sld_fab_with_jtag_input:\instrumentation_fabric_with_node_gen:fabric_gen_new_way:with_jtag_input_gen:instrumentation_fabric|alt_sld_fab:instrumentation_fabric|alt_sld_fab_alt_sld_fab:alt_sld_fab|alt_sld_fab_alt_sld_fab_sldfabric:sldfabric|sld_jtag_hub:\jtag_hub_gen:real_sld_jtag_hub|irf_reg[1][1]                      ; BCDto7Seg:inst|BCDto7Seg_CPU:cpu|BCDto7Seg_CPU_cpu:cpu|BCDto7Seg_CPU_cpu_nios2_oci:the_BCDto7Seg_CPU_cpu_nios2_oci|BCDto7Seg_CPU_cpu_debug_slave_wrapper:the_BCDto7Seg_CPU_cpu_debug_slave_wrapper|BCDto7Seg_CPU_cpu_debug_slave_tck:the_BCDto7Seg_CPU_cpu_debug_slave_tck|sr[30]                                    ; altera_reserved_tck ; altera_reserved_tck ; 100.000      ; -0.074     ; 4.389      ;
; 95.555 ; sld_hub:auto_hub|alt_sld_fab_with_jtag_input:\instrumentation_fabric_with_node_gen:fabric_gen_new_way:with_jtag_input_gen:instrumentation_fabric|alt_sld_fab:instrumentation_fabric|alt_sld_fab_alt_sld_fab:alt_sld_fab|alt_sld_fab_alt_sld_fab_sldfabric:sldfabric|sld_jtag_hub:\jtag_hub_gen:real_sld_jtag_hub|irf_reg[1][1]                      ; BCDto7Seg:inst|BCDto7Seg_CPU:cpu|BCDto7Seg_CPU_cpu:cpu|BCDto7Seg_CPU_cpu_nios2_oci:the_BCDto7Seg_CPU_cpu_nios2_oci|BCDto7Seg_CPU_cpu_debug_slave_wrapper:the_BCDto7Seg_CPU_cpu_debug_slave_wrapper|BCDto7Seg_CPU_cpu_debug_slave_tck:the_BCDto7Seg_CPU_cpu_debug_slave_tck|sr[32]                                    ; altera_reserved_tck ; altera_reserved_tck ; 100.000      ; -0.074     ; 4.389      ;
; 95.671 ; sld_hub:auto_hub|alt_sld_fab_with_jtag_input:\instrumentation_fabric_with_node_gen:fabric_gen_new_way:with_jtag_input_gen:instrumentation_fabric|alt_sld_fab:instrumentation_fabric|alt_sld_fab_alt_sld_fab:alt_sld_fab|alt_sld_fab_alt_sld_fab_sldfabric:sldfabric|sld_jtag_hub:\jtag_hub_gen:real_sld_jtag_hub|irf_reg[1][1]                      ; BCDto7Seg:inst|BCDto7Seg_CPU:cpu|BCDto7Seg_CPU_cpu:cpu|BCDto7Seg_CPU_cpu_nios2_oci:the_BCDto7Seg_CPU_cpu_nios2_oci|BCDto7Seg_CPU_cpu_debug_slave_wrapper:the_BCDto7Seg_CPU_cpu_debug_slave_wrapper|BCDto7Seg_CPU_cpu_debug_slave_tck:the_BCDto7Seg_CPU_cpu_debug_slave_tck|sr[8]                                     ; altera_reserved_tck ; altera_reserved_tck ; 100.000      ; -0.073     ; 4.274      ;
; 95.674 ; sld_hub:auto_hub|alt_sld_fab_with_jtag_input:\instrumentation_fabric_with_node_gen:fabric_gen_new_way:with_jtag_input_gen:instrumentation_fabric|alt_sld_fab:instrumentation_fabric|alt_sld_fab_alt_sld_fab:alt_sld_fab|splitter_nodes_receive_0[3]                                                                                                 ; BCDto7Seg:inst|BCDto7Seg_CPU:cpu|BCDto7Seg_CPU_cpu:cpu|BCDto7Seg_CPU_cpu_nios2_oci:the_BCDto7Seg_CPU_cpu_nios2_oci|BCDto7Seg_CPU_cpu_debug_slave_wrapper:the_BCDto7Seg_CPU_cpu_debug_slave_wrapper|BCDto7Seg_CPU_cpu_debug_slave_tck:the_BCDto7Seg_CPU_cpu_debug_slave_tck|sr[34]                                    ; altera_reserved_tck ; altera_reserved_tck ; 100.000      ; -0.073     ; 4.271      ;
; 95.674 ; sld_hub:auto_hub|alt_sld_fab_with_jtag_input:\instrumentation_fabric_with_node_gen:fabric_gen_new_way:with_jtag_input_gen:instrumentation_fabric|alt_sld_fab:instrumentation_fabric|alt_sld_fab_alt_sld_fab:alt_sld_fab|splitter_nodes_receive_0[3]                                                                                                 ; BCDto7Seg:inst|BCDto7Seg_CPU:cpu|BCDto7Seg_CPU_cpu:cpu|BCDto7Seg_CPU_cpu_nios2_oci:the_BCDto7Seg_CPU_cpu_nios2_oci|BCDto7Seg_CPU_cpu_debug_slave_wrapper:the_BCDto7Seg_CPU_cpu_debug_slave_wrapper|BCDto7Seg_CPU_cpu_debug_slave_tck:the_BCDto7Seg_CPU_cpu_debug_slave_tck|sr[33]                                    ; altera_reserved_tck ; altera_reserved_tck ; 100.000      ; -0.073     ; 4.271      ;
; 95.717 ; sld_hub:auto_hub|alt_sld_fab_with_jtag_input:\instrumentation_fabric_with_node_gen:fabric_gen_new_way:with_jtag_input_gen:instrumentation_fabric|alt_sld_fab:instrumentation_fabric|alt_sld_fab_alt_sld_fab:alt_sld_fab|alt_sld_fab_alt_sld_fab_sldfabric:sldfabric|sld_jtag_hub:\jtag_hub_gen:real_sld_jtag_hub|sld_shadow_jsm:shadow_jsm|state[3] ; BCDto7Seg:inst|BCDto7Seg_CPU:cpu|BCDto7Seg_CPU_cpu:cpu|BCDto7Seg_CPU_cpu_nios2_oci:the_BCDto7Seg_CPU_cpu_nios2_oci|BCDto7Seg_CPU_cpu_debug_slave_wrapper:the_BCDto7Seg_CPU_cpu_debug_slave_wrapper|BCDto7Seg_CPU_cpu_debug_slave_tck:the_BCDto7Seg_CPU_cpu_debug_slave_tck|sr[35]                                    ; altera_reserved_tck ; altera_reserved_tck ; 100.000      ; -0.072     ; 4.229      ;
; 95.761 ; sld_hub:auto_hub|alt_sld_fab_with_jtag_input:\instrumentation_fabric_with_node_gen:fabric_gen_new_way:with_jtag_input_gen:instrumentation_fabric|alt_sld_fab:instrumentation_fabric|alt_sld_fab_alt_sld_fab:alt_sld_fab|alt_sld_fab_alt_sld_fab_sldfabric:sldfabric|sld_jtag_hub:\jtag_hub_gen:real_sld_jtag_hub|sld_shadow_jsm:shadow_jsm|state[3] ; BCDto7Seg:inst|BCDto7Seg_CPU:cpu|BCDto7Seg_CPU_cpu:cpu|BCDto7Seg_CPU_cpu_nios2_oci:the_BCDto7Seg_CPU_cpu_nios2_oci|BCDto7Seg_CPU_cpu_debug_slave_wrapper:the_BCDto7Seg_CPU_cpu_debug_slave_wrapper|BCDto7Seg_CPU_cpu_debug_slave_tck:the_BCDto7Seg_CPU_cpu_debug_slave_tck|sr[26]                                    ; altera_reserved_tck ; altera_reserved_tck ; 100.000      ; -0.075     ; 4.182      ;
; 95.761 ; sld_hub:auto_hub|alt_sld_fab_with_jtag_input:\instrumentation_fabric_with_node_gen:fabric_gen_new_way:with_jtag_input_gen:instrumentation_fabric|alt_sld_fab:instrumentation_fabric|alt_sld_fab_alt_sld_fab:alt_sld_fab|alt_sld_fab_alt_sld_fab_sldfabric:sldfabric|sld_jtag_hub:\jtag_hub_gen:real_sld_jtag_hub|sld_shadow_jsm:shadow_jsm|state[3] ; BCDto7Seg:inst|BCDto7Seg_CPU:cpu|BCDto7Seg_CPU_cpu:cpu|BCDto7Seg_CPU_cpu_nios2_oci:the_BCDto7Seg_CPU_cpu_nios2_oci|BCDto7Seg_CPU_cpu_debug_slave_wrapper:the_BCDto7Seg_CPU_cpu_debug_slave_wrapper|BCDto7Seg_CPU_cpu_debug_slave_tck:the_BCDto7Seg_CPU_cpu_debug_slave_tck|sr[25]                                    ; altera_reserved_tck ; altera_reserved_tck ; 100.000      ; -0.075     ; 4.182      ;
; 95.761 ; sld_hub:auto_hub|alt_sld_fab_with_jtag_input:\instrumentation_fabric_with_node_gen:fabric_gen_new_way:with_jtag_input_gen:instrumentation_fabric|alt_sld_fab:instrumentation_fabric|alt_sld_fab_alt_sld_fab:alt_sld_fab|alt_sld_fab_alt_sld_fab_sldfabric:sldfabric|sld_jtag_hub:\jtag_hub_gen:real_sld_jtag_hub|sld_shadow_jsm:shadow_jsm|state[3] ; BCDto7Seg:inst|BCDto7Seg_CPU:cpu|BCDto7Seg_CPU_cpu:cpu|BCDto7Seg_CPU_cpu_nios2_oci:the_BCDto7Seg_CPU_cpu_nios2_oci|BCDto7Seg_CPU_cpu_debug_slave_wrapper:the_BCDto7Seg_CPU_cpu_debug_slave_wrapper|BCDto7Seg_CPU_cpu_debug_slave_tck:the_BCDto7Seg_CPU_cpu_debug_slave_tck|sr[24]                                    ; altera_reserved_tck ; altera_reserved_tck ; 100.000      ; -0.075     ; 4.182      ;
; 95.761 ; sld_hub:auto_hub|alt_sld_fab_with_jtag_input:\instrumentation_fabric_with_node_gen:fabric_gen_new_way:with_jtag_input_gen:instrumentation_fabric|alt_sld_fab:instrumentation_fabric|alt_sld_fab_alt_sld_fab:alt_sld_fab|alt_sld_fab_alt_sld_fab_sldfabric:sldfabric|sld_jtag_hub:\jtag_hub_gen:real_sld_jtag_hub|sld_shadow_jsm:shadow_jsm|state[3] ; BCDto7Seg:inst|BCDto7Seg_CPU:cpu|BCDto7Seg_CPU_cpu:cpu|BCDto7Seg_CPU_cpu_nios2_oci:the_BCDto7Seg_CPU_cpu_nios2_oci|BCDto7Seg_CPU_cpu_debug_slave_wrapper:the_BCDto7Seg_CPU_cpu_debug_slave_wrapper|BCDto7Seg_CPU_cpu_debug_slave_tck:the_BCDto7Seg_CPU_cpu_debug_slave_tck|sr[23]                                    ; altera_reserved_tck ; altera_reserved_tck ; 100.000      ; -0.075     ; 4.182      ;
; 95.761 ; sld_hub:auto_hub|alt_sld_fab_with_jtag_input:\instrumentation_fabric_with_node_gen:fabric_gen_new_way:with_jtag_input_gen:instrumentation_fabric|alt_sld_fab:instrumentation_fabric|alt_sld_fab_alt_sld_fab:alt_sld_fab|alt_sld_fab_alt_sld_fab_sldfabric:sldfabric|sld_jtag_hub:\jtag_hub_gen:real_sld_jtag_hub|sld_shadow_jsm:shadow_jsm|state[3] ; BCDto7Seg:inst|BCDto7Seg_CPU:cpu|BCDto7Seg_CPU_cpu:cpu|BCDto7Seg_CPU_cpu_nios2_oci:the_BCDto7Seg_CPU_cpu_nios2_oci|BCDto7Seg_CPU_cpu_debug_slave_wrapper:the_BCDto7Seg_CPU_cpu_debug_slave_wrapper|BCDto7Seg_CPU_cpu_debug_slave_tck:the_BCDto7Seg_CPU_cpu_debug_slave_tck|sr[22]                                    ; altera_reserved_tck ; altera_reserved_tck ; 100.000      ; -0.075     ; 4.182      ;
; 95.761 ; sld_hub:auto_hub|alt_sld_fab_with_jtag_input:\instrumentation_fabric_with_node_gen:fabric_gen_new_way:with_jtag_input_gen:instrumentation_fabric|alt_sld_fab:instrumentation_fabric|alt_sld_fab_alt_sld_fab:alt_sld_fab|alt_sld_fab_alt_sld_fab_sldfabric:sldfabric|sld_jtag_hub:\jtag_hub_gen:real_sld_jtag_hub|sld_shadow_jsm:shadow_jsm|state[3] ; BCDto7Seg:inst|BCDto7Seg_CPU:cpu|BCDto7Seg_CPU_cpu:cpu|BCDto7Seg_CPU_cpu_nios2_oci:the_BCDto7Seg_CPU_cpu_nios2_oci|BCDto7Seg_CPU_cpu_debug_slave_wrapper:the_BCDto7Seg_CPU_cpu_debug_slave_wrapper|BCDto7Seg_CPU_cpu_debug_slave_tck:the_BCDto7Seg_CPU_cpu_debug_slave_tck|sr[21]                                    ; altera_reserved_tck ; altera_reserved_tck ; 100.000      ; -0.075     ; 4.182      ;
; 95.761 ; sld_hub:auto_hub|alt_sld_fab_with_jtag_input:\instrumentation_fabric_with_node_gen:fabric_gen_new_way:with_jtag_input_gen:instrumentation_fabric|alt_sld_fab:instrumentation_fabric|alt_sld_fab_alt_sld_fab:alt_sld_fab|alt_sld_fab_alt_sld_fab_sldfabric:sldfabric|sld_jtag_hub:\jtag_hub_gen:real_sld_jtag_hub|sld_shadow_jsm:shadow_jsm|state[3] ; BCDto7Seg:inst|BCDto7Seg_CPU:cpu|BCDto7Seg_CPU_cpu:cpu|BCDto7Seg_CPU_cpu_nios2_oci:the_BCDto7Seg_CPU_cpu_nios2_oci|BCDto7Seg_CPU_cpu_debug_slave_wrapper:the_BCDto7Seg_CPU_cpu_debug_slave_wrapper|BCDto7Seg_CPU_cpu_debug_slave_tck:the_BCDto7Seg_CPU_cpu_debug_slave_tck|sr[17]                                    ; altera_reserved_tck ; altera_reserved_tck ; 100.000      ; -0.075     ; 4.182      ;
; 95.761 ; sld_hub:auto_hub|alt_sld_fab_with_jtag_input:\instrumentation_fabric_with_node_gen:fabric_gen_new_way:with_jtag_input_gen:instrumentation_fabric|alt_sld_fab:instrumentation_fabric|alt_sld_fab_alt_sld_fab:alt_sld_fab|alt_sld_fab_alt_sld_fab_sldfabric:sldfabric|sld_jtag_hub:\jtag_hub_gen:real_sld_jtag_hub|sld_shadow_jsm:shadow_jsm|state[3] ; BCDto7Seg:inst|BCDto7Seg_CPU:cpu|BCDto7Seg_CPU_cpu:cpu|BCDto7Seg_CPU_cpu_nios2_oci:the_BCDto7Seg_CPU_cpu_nios2_oci|BCDto7Seg_CPU_cpu_debug_slave_wrapper:the_BCDto7Seg_CPU_cpu_debug_slave_wrapper|BCDto7Seg_CPU_cpu_debug_slave_tck:the_BCDto7Seg_CPU_cpu_debug_slave_tck|sr[18]                                    ; altera_reserved_tck ; altera_reserved_tck ; 100.000      ; -0.075     ; 4.182      ;
; 95.761 ; sld_hub:auto_hub|alt_sld_fab_with_jtag_input:\instrumentation_fabric_with_node_gen:fabric_gen_new_way:with_jtag_input_gen:instrumentation_fabric|alt_sld_fab:instrumentation_fabric|alt_sld_fab_alt_sld_fab:alt_sld_fab|alt_sld_fab_alt_sld_fab_sldfabric:sldfabric|sld_jtag_hub:\jtag_hub_gen:real_sld_jtag_hub|sld_shadow_jsm:shadow_jsm|state[3] ; BCDto7Seg:inst|BCDto7Seg_CPU:cpu|BCDto7Seg_CPU_cpu:cpu|BCDto7Seg_CPU_cpu_nios2_oci:the_BCDto7Seg_CPU_cpu_nios2_oci|BCDto7Seg_CPU_cpu_debug_slave_wrapper:the_BCDto7Seg_CPU_cpu_debug_slave_wrapper|BCDto7Seg_CPU_cpu_debug_slave_tck:the_BCDto7Seg_CPU_cpu_debug_slave_tck|sr[20]                                    ; altera_reserved_tck ; altera_reserved_tck ; 100.000      ; -0.075     ; 4.182      ;
; 95.761 ; sld_hub:auto_hub|alt_sld_fab_with_jtag_input:\instrumentation_fabric_with_node_gen:fabric_gen_new_way:with_jtag_input_gen:instrumentation_fabric|alt_sld_fab:instrumentation_fabric|alt_sld_fab_alt_sld_fab:alt_sld_fab|alt_sld_fab_alt_sld_fab_sldfabric:sldfabric|sld_jtag_hub:\jtag_hub_gen:real_sld_jtag_hub|sld_shadow_jsm:shadow_jsm|state[3] ; BCDto7Seg:inst|BCDto7Seg_CPU:cpu|BCDto7Seg_CPU_cpu:cpu|BCDto7Seg_CPU_cpu_nios2_oci:the_BCDto7Seg_CPU_cpu_nios2_oci|BCDto7Seg_CPU_cpu_debug_slave_wrapper:the_BCDto7Seg_CPU_cpu_debug_slave_wrapper|BCDto7Seg_CPU_cpu_debug_slave_tck:the_BCDto7Seg_CPU_cpu_debug_slave_tck|sr[19]                                    ; altera_reserved_tck ; altera_reserved_tck ; 100.000      ; -0.075     ; 4.182      ;
; 95.761 ; sld_hub:auto_hub|alt_sld_fab_with_jtag_input:\instrumentation_fabric_with_node_gen:fabric_gen_new_way:with_jtag_input_gen:instrumentation_fabric|alt_sld_fab:instrumentation_fabric|alt_sld_fab_alt_sld_fab:alt_sld_fab|alt_sld_fab_alt_sld_fab_sldfabric:sldfabric|sld_jtag_hub:\jtag_hub_gen:real_sld_jtag_hub|sld_shadow_jsm:shadow_jsm|state[3] ; BCDto7Seg:inst|BCDto7Seg_CPU:cpu|BCDto7Seg_CPU_cpu:cpu|BCDto7Seg_CPU_cpu_nios2_oci:the_BCDto7Seg_CPU_cpu_nios2_oci|BCDto7Seg_CPU_cpu_debug_slave_wrapper:the_BCDto7Seg_CPU_cpu_debug_slave_wrapper|BCDto7Seg_CPU_cpu_debug_slave_tck:the_BCDto7Seg_CPU_cpu_debug_slave_tck|sr[28]                                    ; altera_reserved_tck ; altera_reserved_tck ; 100.000      ; -0.075     ; 4.182      ;
; 95.761 ; sld_hub:auto_hub|alt_sld_fab_with_jtag_input:\instrumentation_fabric_with_node_gen:fabric_gen_new_way:with_jtag_input_gen:instrumentation_fabric|alt_sld_fab:instrumentation_fabric|alt_sld_fab_alt_sld_fab:alt_sld_fab|alt_sld_fab_alt_sld_fab_sldfabric:sldfabric|sld_jtag_hub:\jtag_hub_gen:real_sld_jtag_hub|sld_shadow_jsm:shadow_jsm|state[3] ; BCDto7Seg:inst|BCDto7Seg_CPU:cpu|BCDto7Seg_CPU_cpu:cpu|BCDto7Seg_CPU_cpu_nios2_oci:the_BCDto7Seg_CPU_cpu_nios2_oci|BCDto7Seg_CPU_cpu_debug_slave_wrapper:the_BCDto7Seg_CPU_cpu_debug_slave_wrapper|BCDto7Seg_CPU_cpu_debug_slave_tck:the_BCDto7Seg_CPU_cpu_debug_slave_tck|sr[27]                                    ; altera_reserved_tck ; altera_reserved_tck ; 100.000      ; -0.075     ; 4.182      ;
; 95.761 ; sld_hub:auto_hub|alt_sld_fab_with_jtag_input:\instrumentation_fabric_with_node_gen:fabric_gen_new_way:with_jtag_input_gen:instrumentation_fabric|alt_sld_fab:instrumentation_fabric|alt_sld_fab_alt_sld_fab:alt_sld_fab|alt_sld_fab_alt_sld_fab_sldfabric:sldfabric|sld_jtag_hub:\jtag_hub_gen:real_sld_jtag_hub|sld_shadow_jsm:shadow_jsm|state[3] ; BCDto7Seg:inst|BCDto7Seg_CPU:cpu|BCDto7Seg_CPU_cpu:cpu|BCDto7Seg_CPU_cpu_nios2_oci:the_BCDto7Seg_CPU_cpu_nios2_oci|BCDto7Seg_CPU_cpu_debug_slave_wrapper:the_BCDto7Seg_CPU_cpu_debug_slave_wrapper|BCDto7Seg_CPU_cpu_debug_slave_tck:the_BCDto7Seg_CPU_cpu_debug_slave_tck|sr[29]                                    ; altera_reserved_tck ; altera_reserved_tck ; 100.000      ; -0.075     ; 4.182      ;
; 95.761 ; sld_hub:auto_hub|alt_sld_fab_with_jtag_input:\instrumentation_fabric_with_node_gen:fabric_gen_new_way:with_jtag_input_gen:instrumentation_fabric|alt_sld_fab:instrumentation_fabric|alt_sld_fab_alt_sld_fab:alt_sld_fab|alt_sld_fab_alt_sld_fab_sldfabric:sldfabric|sld_jtag_hub:\jtag_hub_gen:real_sld_jtag_hub|sld_shadow_jsm:shadow_jsm|state[3] ; BCDto7Seg:inst|BCDto7Seg_CPU:cpu|BCDto7Seg_CPU_cpu:cpu|BCDto7Seg_CPU_cpu_nios2_oci:the_BCDto7Seg_CPU_cpu_nios2_oci|BCDto7Seg_CPU_cpu_debug_slave_wrapper:the_BCDto7Seg_CPU_cpu_debug_slave_wrapper|BCDto7Seg_CPU_cpu_debug_slave_tck:the_BCDto7Seg_CPU_cpu_debug_slave_tck|sr[30]                                    ; altera_reserved_tck ; altera_reserved_tck ; 100.000      ; -0.075     ; 4.182      ;
; 95.761 ; sld_hub:auto_hub|alt_sld_fab_with_jtag_input:\instrumentation_fabric_with_node_gen:fabric_gen_new_way:with_jtag_input_gen:instrumentation_fabric|alt_sld_fab:instrumentation_fabric|alt_sld_fab_alt_sld_fab:alt_sld_fab|alt_sld_fab_alt_sld_fab_sldfabric:sldfabric|sld_jtag_hub:\jtag_hub_gen:real_sld_jtag_hub|sld_shadow_jsm:shadow_jsm|state[3] ; BCDto7Seg:inst|BCDto7Seg_CPU:cpu|BCDto7Seg_CPU_cpu:cpu|BCDto7Seg_CPU_cpu_nios2_oci:the_BCDto7Seg_CPU_cpu_nios2_oci|BCDto7Seg_CPU_cpu_debug_slave_wrapper:the_BCDto7Seg_CPU_cpu_debug_slave_wrapper|BCDto7Seg_CPU_cpu_debug_slave_tck:the_BCDto7Seg_CPU_cpu_debug_slave_tck|sr[32]                                    ; altera_reserved_tck ; altera_reserved_tck ; 100.000      ; -0.075     ; 4.182      ;
; 95.761 ; sld_hub:auto_hub|alt_sld_fab_with_jtag_input:\instrumentation_fabric_with_node_gen:fabric_gen_new_way:with_jtag_input_gen:instrumentation_fabric|alt_sld_fab:instrumentation_fabric|alt_sld_fab_alt_sld_fab:alt_sld_fab|alt_sld_fab_alt_sld_fab_sldfabric:sldfabric|sld_jtag_hub:\jtag_hub_gen:real_sld_jtag_hub|sld_shadow_jsm:shadow_jsm|state[3] ; BCDto7Seg:inst|BCDto7Seg_CPU:cpu|BCDto7Seg_CPU_cpu:cpu|BCDto7Seg_CPU_cpu_nios2_oci:the_BCDto7Seg_CPU_cpu_nios2_oci|BCDto7Seg_CPU_cpu_debug_slave_wrapper:the_BCDto7Seg_CPU_cpu_debug_slave_wrapper|BCDto7Seg_CPU_cpu_debug_slave_tck:the_BCDto7Seg_CPU_cpu_debug_slave_tck|sr[16]                                    ; altera_reserved_tck ; altera_reserved_tck ; 100.000      ; -0.075     ; 4.182      ;
; 95.830 ; sld_hub:auto_hub|alt_sld_fab_with_jtag_input:\instrumentation_fabric_with_node_gen:fabric_gen_new_way:with_jtag_input_gen:instrumentation_fabric|alt_sld_fab:instrumentation_fabric|alt_sld_fab_alt_sld_fab:alt_sld_fab|alt_sld_fab_alt_sld_fab_sldfabric:sldfabric|sld_jtag_hub:\jtag_hub_gen:real_sld_jtag_hub|virtual_ir_scan_reg                ; BCDto7Seg:inst|BCDto7Seg_CPU:cpu|BCDto7Seg_CPU_cpu:cpu|BCDto7Seg_CPU_cpu_nios2_oci:the_BCDto7Seg_CPU_cpu_nios2_oci|BCDto7Seg_CPU_cpu_debug_slave_wrapper:the_BCDto7Seg_CPU_cpu_debug_slave_wrapper|BCDto7Seg_CPU_cpu_debug_slave_tck:the_BCDto7Seg_CPU_cpu_debug_slave_tck|sr[0]                                     ; altera_reserved_tck ; altera_reserved_tck ; 100.000      ; -0.073     ; 4.115      ;
; 95.830 ; sld_hub:auto_hub|alt_sld_fab_with_jtag_input:\instrumentation_fabric_with_node_gen:fabric_gen_new_way:with_jtag_input_gen:instrumentation_fabric|alt_sld_fab:instrumentation_fabric|alt_sld_fab_alt_sld_fab:alt_sld_fab|alt_sld_fab_alt_sld_fab_sldfabric:sldfabric|sld_jtag_hub:\jtag_hub_gen:real_sld_jtag_hub|virtual_ir_scan_reg                ; BCDto7Seg:inst|BCDto7Seg_CPU:cpu|BCDto7Seg_CPU_cpu:cpu|BCDto7Seg_CPU_cpu_nios2_oci:the_BCDto7Seg_CPU_cpu_nios2_oci|BCDto7Seg_CPU_cpu_debug_slave_wrapper:the_BCDto7Seg_CPU_cpu_debug_slave_wrapper|BCDto7Seg_CPU_cpu_debug_slave_tck:the_BCDto7Seg_CPU_cpu_debug_slave_tck|sr[35]                                    ; altera_reserved_tck ; altera_reserved_tck ; 100.000      ; -0.073     ; 4.115      ;
; 95.830 ; sld_hub:auto_hub|alt_sld_fab_with_jtag_input:\instrumentation_fabric_with_node_gen:fabric_gen_new_way:with_jtag_input_gen:instrumentation_fabric|alt_sld_fab:instrumentation_fabric|alt_sld_fab_alt_sld_fab:alt_sld_fab|alt_sld_fab_alt_sld_fab_sldfabric:sldfabric|sld_jtag_hub:\jtag_hub_gen:real_sld_jtag_hub|virtual_ir_scan_reg                ; BCDto7Seg:inst|BCDto7Seg_CPU:cpu|BCDto7Seg_CPU_cpu:cpu|BCDto7Seg_CPU_cpu_nios2_oci:the_BCDto7Seg_CPU_cpu_nios2_oci|BCDto7Seg_CPU_cpu_debug_slave_wrapper:the_BCDto7Seg_CPU_cpu_debug_slave_wrapper|BCDto7Seg_CPU_cpu_debug_slave_tck:the_BCDto7Seg_CPU_cpu_debug_slave_tck|sr[15]                                    ; altera_reserved_tck ; altera_reserved_tck ; 100.000      ; -0.073     ; 4.115      ;
; 95.869 ; sld_hub:auto_hub|alt_sld_fab_with_jtag_input:\instrumentation_fabric_with_node_gen:fabric_gen_new_way:with_jtag_input_gen:instrumentation_fabric|alt_sld_fab:instrumentation_fabric|alt_sld_fab_alt_sld_fab:alt_sld_fab|splitter_nodes_receive_0[3]                                                                                                 ; BCDto7Seg:inst|BCDto7Seg_CPU:cpu|BCDto7Seg_CPU_cpu:cpu|BCDto7Seg_CPU_cpu_nios2_oci:the_BCDto7Seg_CPU_cpu_nios2_oci|BCDto7Seg_CPU_cpu_debug_slave_wrapper:the_BCDto7Seg_CPU_cpu_debug_slave_wrapper|BCDto7Seg_CPU_cpu_debug_slave_tck:the_BCDto7Seg_CPU_cpu_debug_slave_tck|sr[29]                                    ; altera_reserved_tck ; altera_reserved_tck ; 100.000      ; -0.074     ; 4.075      ;
+--------+-----------------------------------------------------------------------------------------------------------------------------------------------------------------------------------------------------------------------------------------------------------------------------------------------------------------------------------------------------+----------------------------------------------------------------------------------------------------------------------------------------------------------------------------------------------------------------------------------------------------------------------------------------------------------------------+---------------------+---------------------+--------------+------------+------------+


+------------------------------------------------------------------------------------------------------------------------------------------------------------------------------------------------------------------------------------------------------------------------------------------------------------------------------------------------------------------------------------------------------------------------------------------------------------------------------------------------------------------------------------------------------------------------------------------------------------------------------------------------------------------------------------------------------------------------------------------------------------------------------------------------------------------+
; Slow 1200mV 85C Model Hold: 'altera_reserved_tck'                                                                                                                                                                                                                                                                                                                                                                                                                                                                                                                                                                                                                                                                                                                                                                ;
+-------+----------------------------------------------------------------------------------------------------------------------------------------------------------------------------------------------------------------------------------------------------------------------------------------------------------------------------------------------------------+----------------------------------------------------------------------------------------------------------------------------------------------------------------------------------------------------------------------------------------------------------------------------------------------------------------------------------------------------------+---------------------+---------------------+--------------+------------+------------+
; Slack ; From Node                                                                                                                                                                                                                                                                                                                                                ; To Node                                                                                                                                                                                                                                                                                                                                                  ; Launch Clock        ; Latch Clock         ; Relationship ; Clock Skew ; Data Delay ;
+-------+----------------------------------------------------------------------------------------------------------------------------------------------------------------------------------------------------------------------------------------------------------------------------------------------------------------------------------------------------------+----------------------------------------------------------------------------------------------------------------------------------------------------------------------------------------------------------------------------------------------------------------------------------------------------------------------------------------------------------+---------------------+---------------------+--------------+------------+------------+
; 0.403 ; sld_hub:auto_hub|alt_sld_fab_with_jtag_input:\instrumentation_fabric_with_node_gen:fabric_gen_new_way:with_jtag_input_gen:instrumentation_fabric|alt_sld_fab:instrumentation_fabric|alt_sld_fab_alt_sld_fab:alt_sld_fab|splitter_nodes_receive_0[3]                                                                                                      ; sld_hub:auto_hub|alt_sld_fab_with_jtag_input:\instrumentation_fabric_with_node_gen:fabric_gen_new_way:with_jtag_input_gen:instrumentation_fabric|alt_sld_fab:instrumentation_fabric|alt_sld_fab_alt_sld_fab:alt_sld_fab|splitter_nodes_receive_0[3]                                                                                                      ; altera_reserved_tck ; altera_reserved_tck ; 0.000        ; 0.080      ; 0.669      ;
; 0.403 ; sld_hub:auto_hub|alt_sld_fab_with_jtag_input:\instrumentation_fabric_with_node_gen:fabric_gen_new_way:with_jtag_input_gen:instrumentation_fabric|alt_sld_fab:instrumentation_fabric|alt_sld_fab_alt_sld_fab:alt_sld_fab|alt_sld_fab_alt_sld_fab_sldfabric:sldfabric|sld_jtag_hub:\jtag_hub_gen:real_sld_jtag_hub|tdo_bypass_reg                          ; sld_hub:auto_hub|alt_sld_fab_with_jtag_input:\instrumentation_fabric_with_node_gen:fabric_gen_new_way:with_jtag_input_gen:instrumentation_fabric|alt_sld_fab:instrumentation_fabric|alt_sld_fab_alt_sld_fab:alt_sld_fab|alt_sld_fab_alt_sld_fab_sldfabric:sldfabric|sld_jtag_hub:\jtag_hub_gen:real_sld_jtag_hub|tdo_bypass_reg                          ; altera_reserved_tck ; altera_reserved_tck ; 0.000        ; 0.080      ; 0.669      ;
; 0.403 ; sld_hub:auto_hub|alt_sld_fab_with_jtag_input:\instrumentation_fabric_with_node_gen:fabric_gen_new_way:with_jtag_input_gen:instrumentation_fabric|alt_sld_fab:instrumentation_fabric|alt_sld_fab_alt_sld_fab:alt_sld_fab|alt_sld_fab_alt_sld_fab_sldfabric:sldfabric|sld_jtag_hub:\jtag_hub_gen:real_sld_jtag_hub|hub_mode_reg[1]                         ; sld_hub:auto_hub|alt_sld_fab_with_jtag_input:\instrumentation_fabric_with_node_gen:fabric_gen_new_way:with_jtag_input_gen:instrumentation_fabric|alt_sld_fab:instrumentation_fabric|alt_sld_fab_alt_sld_fab:alt_sld_fab|alt_sld_fab_alt_sld_fab_sldfabric:sldfabric|sld_jtag_hub:\jtag_hub_gen:real_sld_jtag_hub|hub_mode_reg[1]                         ; altera_reserved_tck ; altera_reserved_tck ; 0.000        ; 0.080      ; 0.669      ;
; 0.403 ; sld_hub:auto_hub|alt_sld_fab_with_jtag_input:\instrumentation_fabric_with_node_gen:fabric_gen_new_way:with_jtag_input_gen:instrumentation_fabric|alt_sld_fab:instrumentation_fabric|alt_sld_fab_alt_sld_fab:alt_sld_fab|alt_sld_fab_alt_sld_fab_sldfabric:sldfabric|sld_jtag_hub:\jtag_hub_gen:real_sld_jtag_hub|irsr_reg[3]                             ; sld_hub:auto_hub|alt_sld_fab_with_jtag_input:\instrumentation_fabric_with_node_gen:fabric_gen_new_way:with_jtag_input_gen:instrumentation_fabric|alt_sld_fab:instrumentation_fabric|alt_sld_fab_alt_sld_fab:alt_sld_fab|alt_sld_fab_alt_sld_fab_sldfabric:sldfabric|sld_jtag_hub:\jtag_hub_gen:real_sld_jtag_hub|irsr_reg[3]                             ; altera_reserved_tck ; altera_reserved_tck ; 0.000        ; 0.080      ; 0.669      ;
; 0.403 ; sld_hub:auto_hub|alt_sld_fab_with_jtag_input:\instrumentation_fabric_with_node_gen:fabric_gen_new_way:with_jtag_input_gen:instrumentation_fabric|alt_sld_fab:instrumentation_fabric|alt_sld_fab_alt_sld_fab:alt_sld_fab|alt_sld_fab_alt_sld_fab_sldfabric:sldfabric|sld_jtag_hub:\jtag_hub_gen:real_sld_jtag_hub|hub_mode_reg[2]                         ; sld_hub:auto_hub|alt_sld_fab_with_jtag_input:\instrumentation_fabric_with_node_gen:fabric_gen_new_way:with_jtag_input_gen:instrumentation_fabric|alt_sld_fab:instrumentation_fabric|alt_sld_fab_alt_sld_fab:alt_sld_fab|alt_sld_fab_alt_sld_fab_sldfabric:sldfabric|sld_jtag_hub:\jtag_hub_gen:real_sld_jtag_hub|hub_mode_reg[2]                         ; altera_reserved_tck ; altera_reserved_tck ; 0.000        ; 0.080      ; 0.669      ;
; 0.403 ; sld_hub:auto_hub|alt_sld_fab_with_jtag_input:\instrumentation_fabric_with_node_gen:fabric_gen_new_way:with_jtag_input_gen:instrumentation_fabric|alt_sld_fab:instrumentation_fabric|alt_sld_fab_alt_sld_fab:alt_sld_fab|alt_sld_fab_alt_sld_fab_sldfabric:sldfabric|sld_jtag_hub:\jtag_hub_gen:real_sld_jtag_hub|sld_shadow_jsm:shadow_jsm|state[11]     ; sld_hub:auto_hub|alt_sld_fab_with_jtag_input:\instrumentation_fabric_with_node_gen:fabric_gen_new_way:with_jtag_input_gen:instrumentation_fabric|alt_sld_fab:instrumentation_fabric|alt_sld_fab_alt_sld_fab:alt_sld_fab|alt_sld_fab_alt_sld_fab_sldfabric:sldfabric|sld_jtag_hub:\jtag_hub_gen:real_sld_jtag_hub|sld_shadow_jsm:shadow_jsm|state[11]     ; altera_reserved_tck ; altera_reserved_tck ; 0.000        ; 0.080      ; 0.669      ;
; 0.403 ; sld_hub:auto_hub|alt_sld_fab_with_jtag_input:\instrumentation_fabric_with_node_gen:fabric_gen_new_way:with_jtag_input_gen:instrumentation_fabric|alt_sld_fab:instrumentation_fabric|alt_sld_fab_alt_sld_fab:alt_sld_fab|alt_sld_fab_alt_sld_fab_sldfabric:sldfabric|sld_jtag_hub:\jtag_hub_gen:real_sld_jtag_hub|sld_shadow_jsm:shadow_jsm|state[13]     ; sld_hub:auto_hub|alt_sld_fab_with_jtag_input:\instrumentation_fabric_with_node_gen:fabric_gen_new_way:with_jtag_input_gen:instrumentation_fabric|alt_sld_fab:instrumentation_fabric|alt_sld_fab_alt_sld_fab:alt_sld_fab|alt_sld_fab_alt_sld_fab_sldfabric:sldfabric|sld_jtag_hub:\jtag_hub_gen:real_sld_jtag_hub|sld_shadow_jsm:shadow_jsm|state[13]     ; altera_reserved_tck ; altera_reserved_tck ; 0.000        ; 0.080      ; 0.669      ;
; 0.403 ; sld_hub:auto_hub|alt_sld_fab_with_jtag_input:\instrumentation_fabric_with_node_gen:fabric_gen_new_way:with_jtag_input_gen:instrumentation_fabric|alt_sld_fab:instrumentation_fabric|alt_sld_fab_alt_sld_fab:alt_sld_fab|alt_sld_fab_alt_sld_fab_sldfabric:sldfabric|sld_jtag_hub:\jtag_hub_gen:real_sld_jtag_hub|sld_shadow_jsm:shadow_jsm|state[0]      ; sld_hub:auto_hub|alt_sld_fab_with_jtag_input:\instrumentation_fabric_with_node_gen:fabric_gen_new_way:with_jtag_input_gen:instrumentation_fabric|alt_sld_fab:instrumentation_fabric|alt_sld_fab_alt_sld_fab:alt_sld_fab|alt_sld_fab_alt_sld_fab_sldfabric:sldfabric|sld_jtag_hub:\jtag_hub_gen:real_sld_jtag_hub|sld_shadow_jsm:shadow_jsm|state[0]      ; altera_reserved_tck ; altera_reserved_tck ; 0.000        ; 0.080      ; 0.669      ;
; 0.403 ; sld_hub:auto_hub|alt_sld_fab_with_jtag_input:\instrumentation_fabric_with_node_gen:fabric_gen_new_way:with_jtag_input_gen:instrumentation_fabric|alt_sld_fab:instrumentation_fabric|alt_sld_fab_alt_sld_fab:alt_sld_fab|alt_sld_fab_alt_sld_fab_sldfabric:sldfabric|sld_jtag_hub:\jtag_hub_gen:real_sld_jtag_hub|sld_shadow_jsm:shadow_jsm|state[1]      ; sld_hub:auto_hub|alt_sld_fab_with_jtag_input:\instrumentation_fabric_with_node_gen:fabric_gen_new_way:with_jtag_input_gen:instrumentation_fabric|alt_sld_fab:instrumentation_fabric|alt_sld_fab_alt_sld_fab:alt_sld_fab|alt_sld_fab_alt_sld_fab_sldfabric:sldfabric|sld_jtag_hub:\jtag_hub_gen:real_sld_jtag_hub|sld_shadow_jsm:shadow_jsm|state[1]      ; altera_reserved_tck ; altera_reserved_tck ; 0.000        ; 0.080      ; 0.669      ;
; 0.403 ; sld_hub:auto_hub|alt_sld_fab_with_jtag_input:\instrumentation_fabric_with_node_gen:fabric_gen_new_way:with_jtag_input_gen:instrumentation_fabric|alt_sld_fab:instrumentation_fabric|alt_sld_fab_alt_sld_fab:alt_sld_fab|alt_sld_fab_alt_sld_fab_sldfabric:sldfabric|sld_jtag_hub:\jtag_hub_gen:real_sld_jtag_hub|sld_shadow_jsm:shadow_jsm|state[4]      ; sld_hub:auto_hub|alt_sld_fab_with_jtag_input:\instrumentation_fabric_with_node_gen:fabric_gen_new_way:with_jtag_input_gen:instrumentation_fabric|alt_sld_fab:instrumentation_fabric|alt_sld_fab_alt_sld_fab:alt_sld_fab|alt_sld_fab_alt_sld_fab_sldfabric:sldfabric|sld_jtag_hub:\jtag_hub_gen:real_sld_jtag_hub|sld_shadow_jsm:shadow_jsm|state[4]      ; altera_reserved_tck ; altera_reserved_tck ; 0.000        ; 0.080      ; 0.669      ;
; 0.403 ; sld_hub:auto_hub|alt_sld_fab_with_jtag_input:\instrumentation_fabric_with_node_gen:fabric_gen_new_way:with_jtag_input_gen:instrumentation_fabric|alt_sld_fab:instrumentation_fabric|alt_sld_fab_alt_sld_fab:alt_sld_fab|alt_sld_fab_alt_sld_fab_sldfabric:sldfabric|sld_jtag_hub:\jtag_hub_gen:real_sld_jtag_hub|sld_shadow_jsm:shadow_jsm|state[6]      ; sld_hub:auto_hub|alt_sld_fab_with_jtag_input:\instrumentation_fabric_with_node_gen:fabric_gen_new_way:with_jtag_input_gen:instrumentation_fabric|alt_sld_fab:instrumentation_fabric|alt_sld_fab_alt_sld_fab:alt_sld_fab|alt_sld_fab_alt_sld_fab_sldfabric:sldfabric|sld_jtag_hub:\jtag_hub_gen:real_sld_jtag_hub|sld_shadow_jsm:shadow_jsm|state[6]      ; altera_reserved_tck ; altera_reserved_tck ; 0.000        ; 0.080      ; 0.669      ;
; 0.403 ; sld_hub:auto_hub|alt_sld_fab_with_jtag_input:\instrumentation_fabric_with_node_gen:fabric_gen_new_way:with_jtag_input_gen:instrumentation_fabric|alt_sld_fab:instrumentation_fabric|alt_sld_fab_alt_sld_fab:alt_sld_fab|alt_sld_fab_alt_sld_fab_sldfabric:sldfabric|sld_jtag_hub:\jtag_hub_gen:real_sld_jtag_hub|sld_shadow_jsm:shadow_jsm|tms_cnt[2]    ; sld_hub:auto_hub|alt_sld_fab_with_jtag_input:\instrumentation_fabric_with_node_gen:fabric_gen_new_way:with_jtag_input_gen:instrumentation_fabric|alt_sld_fab:instrumentation_fabric|alt_sld_fab_alt_sld_fab:alt_sld_fab|alt_sld_fab_alt_sld_fab_sldfabric:sldfabric|sld_jtag_hub:\jtag_hub_gen:real_sld_jtag_hub|sld_shadow_jsm:shadow_jsm|tms_cnt[2]    ; altera_reserved_tck ; altera_reserved_tck ; 0.000        ; 0.080      ; 0.669      ;
; 0.403 ; sld_hub:auto_hub|alt_sld_fab_with_jtag_input:\instrumentation_fabric_with_node_gen:fabric_gen_new_way:with_jtag_input_gen:instrumentation_fabric|alt_sld_fab:instrumentation_fabric|alt_sld_fab_alt_sld_fab:alt_sld_fab|alt_sld_fab_alt_sld_fab_sldfabric:sldfabric|sld_jtag_hub:\jtag_hub_gen:real_sld_jtag_hub|sld_shadow_jsm:shadow_jsm|tms_cnt[1]    ; sld_hub:auto_hub|alt_sld_fab_with_jtag_input:\instrumentation_fabric_with_node_gen:fabric_gen_new_way:with_jtag_input_gen:instrumentation_fabric|alt_sld_fab:instrumentation_fabric|alt_sld_fab_alt_sld_fab:alt_sld_fab|alt_sld_fab_alt_sld_fab_sldfabric:sldfabric|sld_jtag_hub:\jtag_hub_gen:real_sld_jtag_hub|sld_shadow_jsm:shadow_jsm|tms_cnt[1]    ; altera_reserved_tck ; altera_reserved_tck ; 0.000        ; 0.080      ; 0.669      ;
; 0.408 ; sld_hub:auto_hub|alt_sld_fab_with_jtag_input:\instrumentation_fabric_with_node_gen:fabric_gen_new_way:with_jtag_input_gen:instrumentation_fabric|alt_sld_fab:instrumentation_fabric|alt_sld_fab_alt_sld_fab:alt_sld_fab|alt_sld_fab_alt_sld_fab_sldfabric:sldfabric|sld_jtag_hub:\jtag_hub_gen:real_sld_jtag_hub|sld_shadow_jsm:shadow_jsm|tms_cnt[0]    ; sld_hub:auto_hub|alt_sld_fab_with_jtag_input:\instrumentation_fabric_with_node_gen:fabric_gen_new_way:with_jtag_input_gen:instrumentation_fabric|alt_sld_fab:instrumentation_fabric|alt_sld_fab_alt_sld_fab:alt_sld_fab|alt_sld_fab_alt_sld_fab_sldfabric:sldfabric|sld_jtag_hub:\jtag_hub_gen:real_sld_jtag_hub|sld_shadow_jsm:shadow_jsm|tms_cnt[0]    ; altera_reserved_tck ; altera_reserved_tck ; 0.000        ; 0.080      ; 0.674      ;
; 0.422 ; sld_hub:auto_hub|alt_sld_fab_with_jtag_input:\instrumentation_fabric_with_node_gen:fabric_gen_new_way:with_jtag_input_gen:instrumentation_fabric|alt_sld_fab:instrumentation_fabric|alt_sld_fab_alt_sld_fab:alt_sld_fab|alt_sld_fab_alt_sld_fab_sldfabric:sldfabric|sld_jtag_hub:\jtag_hub_gen:real_sld_jtag_hub|sld_shadow_jsm:shadow_jsm|tms_cnt[1]    ; sld_hub:auto_hub|alt_sld_fab_with_jtag_input:\instrumentation_fabric_with_node_gen:fabric_gen_new_way:with_jtag_input_gen:instrumentation_fabric|alt_sld_fab:instrumentation_fabric|alt_sld_fab_alt_sld_fab:alt_sld_fab|alt_sld_fab_alt_sld_fab_sldfabric:sldfabric|sld_jtag_hub:\jtag_hub_gen:real_sld_jtag_hub|sld_shadow_jsm:shadow_jsm|tms_cnt[2]    ; altera_reserved_tck ; altera_reserved_tck ; 0.000        ; 0.080      ; 0.688      ;
; 0.429 ; sld_hub:auto_hub|alt_sld_fab_with_jtag_input:\instrumentation_fabric_with_node_gen:fabric_gen_new_way:with_jtag_input_gen:instrumentation_fabric|alt_sld_fab:instrumentation_fabric|alt_sld_fab_alt_sld_fab:alt_sld_fab|alt_sld_fab_alt_sld_fab_sldfabric:sldfabric|sld_jtag_hub:\jtag_hub_gen:real_sld_jtag_hub|sld_rom_sr:hub_info_reg|WORD_SR[1]      ; sld_hub:auto_hub|alt_sld_fab_with_jtag_input:\instrumentation_fabric_with_node_gen:fabric_gen_new_way:with_jtag_input_gen:instrumentation_fabric|alt_sld_fab:instrumentation_fabric|alt_sld_fab_alt_sld_fab:alt_sld_fab|alt_sld_fab_alt_sld_fab_sldfabric:sldfabric|sld_jtag_hub:\jtag_hub_gen:real_sld_jtag_hub|sld_rom_sr:hub_info_reg|WORD_SR[0]      ; altera_reserved_tck ; altera_reserved_tck ; 0.000        ; 0.080      ; 0.695      ;
; 0.429 ; BCDto7Seg:inst|BCDto7Seg_CPU:cpu|BCDto7Seg_CPU_cpu:cpu|BCDto7Seg_CPU_cpu_nios2_oci:the_BCDto7Seg_CPU_cpu_nios2_oci|BCDto7Seg_CPU_cpu_debug_slave_wrapper:the_BCDto7Seg_CPU_cpu_debug_slave_wrapper|BCDto7Seg_CPU_cpu_debug_slave_tck:the_BCDto7Seg_CPU_cpu_debug_slave_tck|altera_std_synchronizer:the_altera_std_synchronizer2|din_s1                   ; BCDto7Seg:inst|BCDto7Seg_CPU:cpu|BCDto7Seg_CPU_cpu:cpu|BCDto7Seg_CPU_cpu_nios2_oci:the_BCDto7Seg_CPU_cpu_nios2_oci|BCDto7Seg_CPU_cpu_debug_slave_wrapper:the_BCDto7Seg_CPU_cpu_debug_slave_wrapper|BCDto7Seg_CPU_cpu_debug_slave_tck:the_BCDto7Seg_CPU_cpu_debug_slave_tck|altera_std_synchronizer:the_altera_std_synchronizer2|dreg[0]                  ; altera_reserved_tck ; altera_reserved_tck ; 0.000        ; 0.081      ; 0.696      ;
; 0.429 ; sld_hub:auto_hub|alt_sld_fab_with_jtag_input:\instrumentation_fabric_with_node_gen:fabric_gen_new_way:with_jtag_input_gen:instrumentation_fabric|alt_sld_fab:instrumentation_fabric|alt_sld_fab_alt_sld_fab:alt_sld_fab|alt_sld_fab_alt_sld_fab_sldfabric:sldfabric|sld_jtag_hub:\jtag_hub_gen:real_sld_jtag_hub|jtag_ir_reg[3]                          ; sld_hub:auto_hub|alt_sld_fab_with_jtag_input:\instrumentation_fabric_with_node_gen:fabric_gen_new_way:with_jtag_input_gen:instrumentation_fabric|alt_sld_fab:instrumentation_fabric|alt_sld_fab_alt_sld_fab:alt_sld_fab|alt_sld_fab_alt_sld_fab_sldfabric:sldfabric|sld_jtag_hub:\jtag_hub_gen:real_sld_jtag_hub|jtag_ir_reg[2]                          ; altera_reserved_tck ; altera_reserved_tck ; 0.000        ; 0.080      ; 0.695      ;
; 0.430 ; sld_hub:auto_hub|alt_sld_fab_with_jtag_input:\instrumentation_fabric_with_node_gen:fabric_gen_new_way:with_jtag_input_gen:instrumentation_fabric|alt_sld_fab:instrumentation_fabric|alt_sld_fab_alt_sld_fab:alt_sld_fab|alt_sld_fab_alt_sld_fab_sldfabric:sldfabric|sld_jtag_hub:\jtag_hub_gen:real_sld_jtag_hub|identity_contrib_shift_reg[0]           ; sld_hub:auto_hub|alt_sld_fab_with_jtag_input:\instrumentation_fabric_with_node_gen:fabric_gen_new_way:with_jtag_input_gen:instrumentation_fabric|alt_sld_fab:instrumentation_fabric|alt_sld_fab_alt_sld_fab:alt_sld_fab|sldfabric_ident_writedata[0]                                                                                                     ; altera_reserved_tck ; altera_reserved_tck ; 0.000        ; 0.080      ; 0.696      ;
; 0.430 ; sld_hub:auto_hub|alt_sld_fab_with_jtag_input:\instrumentation_fabric_with_node_gen:fabric_gen_new_way:with_jtag_input_gen:instrumentation_fabric|alt_sld_fab:instrumentation_fabric|alt_sld_fab_alt_sld_fab:alt_sld_fab|alt_sld_fab_alt_sld_fab_sldfabric:sldfabric|sld_jtag_hub:\jtag_hub_gen:real_sld_jtag_hub|jtag_ir_reg[9]                          ; sld_hub:auto_hub|alt_sld_fab_with_jtag_input:\instrumentation_fabric_with_node_gen:fabric_gen_new_way:with_jtag_input_gen:instrumentation_fabric|alt_sld_fab:instrumentation_fabric|alt_sld_fab_alt_sld_fab:alt_sld_fab|alt_sld_fab_alt_sld_fab_sldfabric:sldfabric|sld_jtag_hub:\jtag_hub_gen:real_sld_jtag_hub|jtag_ir_reg[8]                          ; altera_reserved_tck ; altera_reserved_tck ; 0.000        ; 0.080      ; 0.696      ;
; 0.430 ; sld_hub:auto_hub|alt_sld_fab_with_jtag_input:\instrumentation_fabric_with_node_gen:fabric_gen_new_way:with_jtag_input_gen:instrumentation_fabric|alt_sld_fab:instrumentation_fabric|alt_sld_fab_alt_sld_fab:alt_sld_fab|alt_sld_fab_alt_sld_fab_sldfabric:sldfabric|sld_jtag_hub:\jtag_hub_gen:real_sld_jtag_hub|sld_shadow_jsm:shadow_jsm|state[13]     ; sld_hub:auto_hub|alt_sld_fab_with_jtag_input:\instrumentation_fabric_with_node_gen:fabric_gen_new_way:with_jtag_input_gen:instrumentation_fabric|alt_sld_fab:instrumentation_fabric|alt_sld_fab_alt_sld_fab:alt_sld_fab|alt_sld_fab_alt_sld_fab_sldfabric:sldfabric|sld_jtag_hub:\jtag_hub_gen:real_sld_jtag_hub|sld_shadow_jsm:shadow_jsm|state[14]     ; altera_reserved_tck ; altera_reserved_tck ; 0.000        ; 0.080      ; 0.696      ;
; 0.431 ; sld_hub:auto_hub|alt_sld_fab_with_jtag_input:\instrumentation_fabric_with_node_gen:fabric_gen_new_way:with_jtag_input_gen:instrumentation_fabric|alt_sld_fab:instrumentation_fabric|alt_sld_fab_alt_sld_fab:alt_sld_fab|alt_sld_fab_alt_sld_fab_sldfabric:sldfabric|sld_jtag_hub:\jtag_hub_gen:real_sld_jtag_hub|hub_mode_reg[2]                         ; sld_hub:auto_hub|alt_sld_fab_with_jtag_input:\instrumentation_fabric_with_node_gen:fabric_gen_new_way:with_jtag_input_gen:instrumentation_fabric|alt_sld_fab:instrumentation_fabric|alt_sld_fab_alt_sld_fab:alt_sld_fab|alt_sld_fab_alt_sld_fab_sldfabric:sldfabric|sld_jtag_hub:\jtag_hub_gen:real_sld_jtag_hub|clr_reg                                 ; altera_reserved_tck ; altera_reserved_tck ; 0.000        ; 0.080      ; 0.697      ;
; 0.431 ; BCDto7Seg:inst|BCDto7Seg_CPU:cpu|BCDto7Seg_CPU_cpu:cpu|BCDto7Seg_CPU_cpu_nios2_oci:the_BCDto7Seg_CPU_cpu_nios2_oci|BCDto7Seg_CPU_cpu_debug_slave_wrapper:the_BCDto7Seg_CPU_cpu_debug_slave_wrapper|BCDto7Seg_CPU_cpu_debug_slave_tck:the_BCDto7Seg_CPU_cpu_debug_slave_tck|altera_std_synchronizer:the_altera_std_synchronizer1|din_s1                   ; BCDto7Seg:inst|BCDto7Seg_CPU:cpu|BCDto7Seg_CPU_cpu:cpu|BCDto7Seg_CPU_cpu_nios2_oci:the_BCDto7Seg_CPU_cpu_nios2_oci|BCDto7Seg_CPU_cpu_debug_slave_wrapper:the_BCDto7Seg_CPU_cpu_debug_slave_wrapper|BCDto7Seg_CPU_cpu_debug_slave_tck:the_BCDto7Seg_CPU_cpu_debug_slave_tck|altera_std_synchronizer:the_altera_std_synchronizer1|dreg[0]                  ; altera_reserved_tck ; altera_reserved_tck ; 0.000        ; 0.080      ; 0.697      ;
; 0.433 ; sld_hub:auto_hub|alt_sld_fab_with_jtag_input:\instrumentation_fabric_with_node_gen:fabric_gen_new_way:with_jtag_input_gen:instrumentation_fabric|alt_sld_fab:instrumentation_fabric|alt_sld_fab_alt_sld_fab:alt_sld_fab|alt_sld_fab_alt_sld_fab_sldfabric:sldfabric|sld_jtag_hub:\jtag_hub_gen:real_sld_jtag_hub|sld_shadow_jsm:shadow_jsm|state[6]      ; sld_hub:auto_hub|alt_sld_fab_with_jtag_input:\instrumentation_fabric_with_node_gen:fabric_gen_new_way:with_jtag_input_gen:instrumentation_fabric|alt_sld_fab:instrumentation_fabric|alt_sld_fab_alt_sld_fab:alt_sld_fab|alt_sld_fab_alt_sld_fab_sldfabric:sldfabric|sld_jtag_hub:\jtag_hub_gen:real_sld_jtag_hub|sld_shadow_jsm:shadow_jsm|state[7]      ; altera_reserved_tck ; altera_reserved_tck ; 0.000        ; 0.080      ; 0.699      ;
; 0.435 ; sld_hub:auto_hub|alt_sld_fab_with_jtag_input:\instrumentation_fabric_with_node_gen:fabric_gen_new_way:with_jtag_input_gen:instrumentation_fabric|alt_sld_fab:instrumentation_fabric|alt_sld_fab_alt_sld_fab:alt_sld_fab|alt_sld_fab_alt_sld_fab_sldfabric:sldfabric|sld_jtag_hub:\jtag_hub_gen:real_sld_jtag_hub|jtag_ir_reg[1]                          ; sld_hub:auto_hub|alt_sld_fab_with_jtag_input:\instrumentation_fabric_with_node_gen:fabric_gen_new_way:with_jtag_input_gen:instrumentation_fabric|alt_sld_fab:instrumentation_fabric|alt_sld_fab_alt_sld_fab:alt_sld_fab|alt_sld_fab_alt_sld_fab_sldfabric:sldfabric|sld_jtag_hub:\jtag_hub_gen:real_sld_jtag_hub|jtag_ir_reg[0]                          ; altera_reserved_tck ; altera_reserved_tck ; 0.000        ; 0.080      ; 0.701      ;
; 0.436 ; BCDto7Seg:inst|BCDto7Seg_CPU:cpu|BCDto7Seg_CPU_cpu:cpu|BCDto7Seg_CPU_cpu_nios2_oci:the_BCDto7Seg_CPU_cpu_nios2_oci|BCDto7Seg_CPU_cpu_debug_slave_wrapper:the_BCDto7Seg_CPU_cpu_debug_slave_wrapper|BCDto7Seg_CPU_cpu_debug_slave_tck:the_BCDto7Seg_CPU_cpu_debug_slave_tck|altera_std_synchronizer:the_altera_std_synchronizer2|dreg[0]                  ; BCDto7Seg:inst|BCDto7Seg_CPU:cpu|BCDto7Seg_CPU_cpu:cpu|BCDto7Seg_CPU_cpu_nios2_oci:the_BCDto7Seg_CPU_cpu_nios2_oci|BCDto7Seg_CPU_cpu_debug_slave_wrapper:the_BCDto7Seg_CPU_cpu_debug_slave_wrapper|BCDto7Seg_CPU_cpu_debug_slave_tck:the_BCDto7Seg_CPU_cpu_debug_slave_tck|ir_out[0]                                                                     ; altera_reserved_tck ; altera_reserved_tck ; 0.000        ; 0.081      ; 0.703      ;
; 0.437 ; sld_hub:auto_hub|alt_sld_fab_with_jtag_input:\instrumentation_fabric_with_node_gen:fabric_gen_new_way:with_jtag_input_gen:instrumentation_fabric|alt_sld_fab:instrumentation_fabric|alt_sld_fab_alt_sld_fab:alt_sld_fab|alt_sld_fab_alt_sld_fab_sldfabric:sldfabric|sld_jtag_hub:\jtag_hub_gen:real_sld_jtag_hub|identity_contrib_shift_reg[2]           ; sld_hub:auto_hub|alt_sld_fab_with_jtag_input:\instrumentation_fabric_with_node_gen:fabric_gen_new_way:with_jtag_input_gen:instrumentation_fabric|alt_sld_fab:instrumentation_fabric|alt_sld_fab_alt_sld_fab:alt_sld_fab|alt_sld_fab_alt_sld_fab_sldfabric:sldfabric|sld_jtag_hub:\jtag_hub_gen:real_sld_jtag_hub|identity_contrib_shift_reg[1]           ; altera_reserved_tck ; altera_reserved_tck ; 0.000        ; 0.080      ; 0.703      ;
; 0.437 ; sld_hub:auto_hub|alt_sld_fab_with_jtag_input:\instrumentation_fabric_with_node_gen:fabric_gen_new_way:with_jtag_input_gen:instrumentation_fabric|alt_sld_fab:instrumentation_fabric|alt_sld_fab_alt_sld_fab:alt_sld_fab|alt_sld_fab_alt_sld_fab_sldfabric:sldfabric|sld_jtag_hub:\jtag_hub_gen:real_sld_jtag_hub|sld_shadow_jsm:shadow_jsm|state[14]     ; sld_hub:auto_hub|alt_sld_fab_with_jtag_input:\instrumentation_fabric_with_node_gen:fabric_gen_new_way:with_jtag_input_gen:instrumentation_fabric|alt_sld_fab:instrumentation_fabric|alt_sld_fab_alt_sld_fab:alt_sld_fab|alt_sld_fab_alt_sld_fab_sldfabric:sldfabric|sld_jtag_hub:\jtag_hub_gen:real_sld_jtag_hub|sld_shadow_jsm:shadow_jsm|state[15]     ; altera_reserved_tck ; altera_reserved_tck ; 0.000        ; 0.080      ; 0.703      ;
; 0.437 ; sld_hub:auto_hub|alt_sld_fab_with_jtag_input:\instrumentation_fabric_with_node_gen:fabric_gen_new_way:with_jtag_input_gen:instrumentation_fabric|alt_sld_fab:instrumentation_fabric|alt_sld_fab_alt_sld_fab:alt_sld_fab|alt_sld_fab_alt_sld_fab_sldfabric:sldfabric|sld_jtag_hub:\jtag_hub_gen:real_sld_jtag_hub|sld_shadow_jsm:shadow_jsm|state[10]     ; sld_hub:auto_hub|alt_sld_fab_with_jtag_input:\instrumentation_fabric_with_node_gen:fabric_gen_new_way:with_jtag_input_gen:instrumentation_fabric|alt_sld_fab:instrumentation_fabric|alt_sld_fab_alt_sld_fab:alt_sld_fab|alt_sld_fab_alt_sld_fab_sldfabric:sldfabric|sld_jtag_hub:\jtag_hub_gen:real_sld_jtag_hub|sld_shadow_jsm:shadow_jsm|state[11]     ; altera_reserved_tck ; altera_reserved_tck ; 0.000        ; 0.080      ; 0.703      ;
; 0.437 ; BCDto7Seg:inst|BCDto7Seg_CPU:cpu|BCDto7Seg_CPU_cpu:cpu|BCDto7Seg_CPU_cpu_nios2_oci:the_BCDto7Seg_CPU_cpu_nios2_oci|BCDto7Seg_CPU_cpu_debug_slave_wrapper:the_BCDto7Seg_CPU_cpu_debug_slave_wrapper|BCDto7Seg_CPU_cpu_debug_slave_tck:the_BCDto7Seg_CPU_cpu_debug_slave_tck|sr[5]                                                                         ; BCDto7Seg:inst|BCDto7Seg_CPU:cpu|BCDto7Seg_CPU_cpu:cpu|BCDto7Seg_CPU_cpu_nios2_oci:the_BCDto7Seg_CPU_cpu_nios2_oci|BCDto7Seg_CPU_cpu_debug_slave_wrapper:the_BCDto7Seg_CPU_cpu_debug_slave_wrapper|BCDto7Seg_CPU_cpu_debug_slave_tck:the_BCDto7Seg_CPU_cpu_debug_slave_tck|sr[4]                                                                         ; altera_reserved_tck ; altera_reserved_tck ; 0.000        ; 0.080      ; 0.703      ;
; 0.438 ; sld_hub:auto_hub|alt_sld_fab_with_jtag_input:\instrumentation_fabric_with_node_gen:fabric_gen_new_way:with_jtag_input_gen:instrumentation_fabric|alt_sld_fab:instrumentation_fabric|alt_sld_fab_alt_sld_fab:alt_sld_fab|alt_sld_fab_alt_sld_fab_sldfabric:sldfabric|sld_jtag_hub:\jtag_hub_gen:real_sld_jtag_hub|identity_contrib_shift_reg[2]           ; sld_hub:auto_hub|alt_sld_fab_with_jtag_input:\instrumentation_fabric_with_node_gen:fabric_gen_new_way:with_jtag_input_gen:instrumentation_fabric|alt_sld_fab:instrumentation_fabric|alt_sld_fab_alt_sld_fab:alt_sld_fab|sldfabric_ident_writedata[2]                                                                                                     ; altera_reserved_tck ; altera_reserved_tck ; 0.000        ; 0.080      ; 0.704      ;
; 0.438 ; sld_hub:auto_hub|alt_sld_fab_with_jtag_input:\instrumentation_fabric_with_node_gen:fabric_gen_new_way:with_jtag_input_gen:instrumentation_fabric|alt_sld_fab:instrumentation_fabric|alt_sld_fab_alt_sld_fab:alt_sld_fab|alt_sld_fab_alt_sld_fab_sldfabric:sldfabric|sld_jtag_hub:\jtag_hub_gen:real_sld_jtag_hub|identity_contrib_shift_reg[3]           ; sld_hub:auto_hub|alt_sld_fab_with_jtag_input:\instrumentation_fabric_with_node_gen:fabric_gen_new_way:with_jtag_input_gen:instrumentation_fabric|alt_sld_fab:instrumentation_fabric|alt_sld_fab_alt_sld_fab:alt_sld_fab|alt_sld_fab_alt_sld_fab_sldfabric:sldfabric|sld_jtag_hub:\jtag_hub_gen:real_sld_jtag_hub|identity_contrib_shift_reg[2]           ; altera_reserved_tck ; altera_reserved_tck ; 0.000        ; 0.080      ; 0.704      ;
; 0.438 ; sld_hub:auto_hub|alt_sld_fab_with_jtag_input:\instrumentation_fabric_with_node_gen:fabric_gen_new_way:with_jtag_input_gen:instrumentation_fabric|alt_sld_fab:instrumentation_fabric|alt_sld_fab_alt_sld_fab:alt_sld_fab|alt_sld_fab_alt_sld_fab_sldfabric:sldfabric|sld_jtag_hub:\jtag_hub_gen:real_sld_jtag_hub|jtag_ir_reg[2]                          ; sld_hub:auto_hub|alt_sld_fab_with_jtag_input:\instrumentation_fabric_with_node_gen:fabric_gen_new_way:with_jtag_input_gen:instrumentation_fabric|alt_sld_fab:instrumentation_fabric|alt_sld_fab_alt_sld_fab:alt_sld_fab|alt_sld_fab_alt_sld_fab_sldfabric:sldfabric|sld_jtag_hub:\jtag_hub_gen:real_sld_jtag_hub|jtag_ir_reg[1]                          ; altera_reserved_tck ; altera_reserved_tck ; 0.000        ; 0.080      ; 0.704      ;
; 0.438 ; sld_hub:auto_hub|alt_sld_fab_with_jtag_input:\instrumentation_fabric_with_node_gen:fabric_gen_new_way:with_jtag_input_gen:instrumentation_fabric|alt_sld_fab:instrumentation_fabric|alt_sld_fab_alt_sld_fab:alt_sld_fab|alt_sld_fab_alt_sld_fab_sldfabric:sldfabric|sld_jtag_hub:\jtag_hub_gen:real_sld_jtag_hub|jtag_ir_reg[4]                          ; sld_hub:auto_hub|alt_sld_fab_with_jtag_input:\instrumentation_fabric_with_node_gen:fabric_gen_new_way:with_jtag_input_gen:instrumentation_fabric|alt_sld_fab:instrumentation_fabric|alt_sld_fab_alt_sld_fab:alt_sld_fab|alt_sld_fab_alt_sld_fab_sldfabric:sldfabric|sld_jtag_hub:\jtag_hub_gen:real_sld_jtag_hub|jtag_ir_reg[3]                          ; altera_reserved_tck ; altera_reserved_tck ; 0.000        ; 0.080      ; 0.704      ;
; 0.439 ; sld_hub:auto_hub|alt_sld_fab_with_jtag_input:\instrumentation_fabric_with_node_gen:fabric_gen_new_way:with_jtag_input_gen:instrumentation_fabric|alt_sld_fab:instrumentation_fabric|alt_sld_fab_alt_sld_fab:alt_sld_fab|alt_sld_fab_alt_sld_fab_sldfabric:sldfabric|sld_jtag_hub:\jtag_hub_gen:real_sld_jtag_hub|identity_contrib_shift_reg[1]           ; sld_hub:auto_hub|alt_sld_fab_with_jtag_input:\instrumentation_fabric_with_node_gen:fabric_gen_new_way:with_jtag_input_gen:instrumentation_fabric|alt_sld_fab:instrumentation_fabric|alt_sld_fab_alt_sld_fab:alt_sld_fab|alt_sld_fab_alt_sld_fab_sldfabric:sldfabric|sld_jtag_hub:\jtag_hub_gen:real_sld_jtag_hub|identity_contrib_shift_reg[0]           ; altera_reserved_tck ; altera_reserved_tck ; 0.000        ; 0.080      ; 0.705      ;
; 0.439 ; sld_hub:auto_hub|alt_sld_fab_with_jtag_input:\instrumentation_fabric_with_node_gen:fabric_gen_new_way:with_jtag_input_gen:instrumentation_fabric|alt_sld_fab:instrumentation_fabric|alt_sld_fab_alt_sld_fab:alt_sld_fab|alt_sld_fab_alt_sld_fab_sldfabric:sldfabric|sld_jtag_hub:\jtag_hub_gen:real_sld_jtag_hub|identity_contrib_shift_reg[1]           ; sld_hub:auto_hub|alt_sld_fab_with_jtag_input:\instrumentation_fabric_with_node_gen:fabric_gen_new_way:with_jtag_input_gen:instrumentation_fabric|alt_sld_fab:instrumentation_fabric|alt_sld_fab_alt_sld_fab:alt_sld_fab|sldfabric_ident_writedata[1]                                                                                                     ; altera_reserved_tck ; altera_reserved_tck ; 0.000        ; 0.080      ; 0.705      ;
; 0.439 ; sld_hub:auto_hub|alt_sld_fab_with_jtag_input:\instrumentation_fabric_with_node_gen:fabric_gen_new_way:with_jtag_input_gen:instrumentation_fabric|alt_sld_fab:instrumentation_fabric|alt_sld_fab_alt_sld_fab:alt_sld_fab|alt_sld_fab_alt_sld_fab_sldfabric:sldfabric|sld_jtag_hub:\jtag_hub_gen:real_sld_jtag_hub|identity_contrib_shift_reg[3]           ; sld_hub:auto_hub|alt_sld_fab_with_jtag_input:\instrumentation_fabric_with_node_gen:fabric_gen_new_way:with_jtag_input_gen:instrumentation_fabric|alt_sld_fab:instrumentation_fabric|alt_sld_fab_alt_sld_fab:alt_sld_fab|sldfabric_ident_writedata[3]                                                                                                     ; altera_reserved_tck ; altera_reserved_tck ; 0.000        ; 0.080      ; 0.705      ;
; 0.442 ; sld_hub:auto_hub|alt_sld_fab_with_jtag_input:\instrumentation_fabric_with_node_gen:fabric_gen_new_way:with_jtag_input_gen:instrumentation_fabric|alt_sld_fab:instrumentation_fabric|alt_sld_fab_alt_sld_fab:alt_sld_fab|alt_sld_fab_alt_sld_fab_sldfabric:sldfabric|sld_jtag_hub:\jtag_hub_gen:real_sld_jtag_hub|sld_shadow_jsm:shadow_jsm|state[7]      ; sld_hub:auto_hub|alt_sld_fab_with_jtag_input:\instrumentation_fabric_with_node_gen:fabric_gen_new_way:with_jtag_input_gen:instrumentation_fabric|alt_sld_fab:instrumentation_fabric|alt_sld_fab_alt_sld_fab:alt_sld_fab|alt_sld_fab_alt_sld_fab_sldfabric:sldfabric|sld_jtag_hub:\jtag_hub_gen:real_sld_jtag_hub|sld_shadow_jsm:shadow_jsm|state[4]      ; altera_reserved_tck ; altera_reserved_tck ; 0.000        ; 0.080      ; 0.708      ;
; 0.443 ; sld_hub:auto_hub|alt_sld_fab_with_jtag_input:\instrumentation_fabric_with_node_gen:fabric_gen_new_way:with_jtag_input_gen:instrumentation_fabric|alt_sld_fab:instrumentation_fabric|alt_sld_fab_alt_sld_fab:alt_sld_fab|alt_sld_fab_alt_sld_fab_sldfabric:sldfabric|sld_jtag_hub:\jtag_hub_gen:real_sld_jtag_hub|sld_shadow_jsm:shadow_jsm|state[9]      ; sld_hub:auto_hub|alt_sld_fab_with_jtag_input:\instrumentation_fabric_with_node_gen:fabric_gen_new_way:with_jtag_input_gen:instrumentation_fabric|alt_sld_fab:instrumentation_fabric|alt_sld_fab_alt_sld_fab:alt_sld_fab|alt_sld_fab_alt_sld_fab_sldfabric:sldfabric|sld_jtag_hub:\jtag_hub_gen:real_sld_jtag_hub|sld_shadow_jsm:shadow_jsm|state[0]      ; altera_reserved_tck ; altera_reserved_tck ; 0.000        ; 0.080      ; 0.709      ;
; 0.452 ; sld_hub:auto_hub|alt_sld_fab_with_jtag_input:\instrumentation_fabric_with_node_gen:fabric_gen_new_way:with_jtag_input_gen:instrumentation_fabric|alt_sld_fab:instrumentation_fabric|alt_sld_fab_alt_sld_fab:alt_sld_fab|alt_sld_fab_alt_sld_fab_sldfabric:sldfabric|sld_jtag_hub:\jtag_hub_gen:real_sld_jtag_hub|sld_shadow_jsm:shadow_jsm|state[2]      ; sld_hub:auto_hub|alt_sld_fab_with_jtag_input:\instrumentation_fabric_with_node_gen:fabric_gen_new_way:with_jtag_input_gen:instrumentation_fabric|alt_sld_fab:instrumentation_fabric|alt_sld_fab_alt_sld_fab:alt_sld_fab|alt_sld_fab_alt_sld_fab_sldfabric:sldfabric|sld_jtag_hub:\jtag_hub_gen:real_sld_jtag_hub|sld_shadow_jsm:shadow_jsm|state[3]      ; altera_reserved_tck ; altera_reserved_tck ; 0.000        ; 0.080      ; 0.718      ;
; 0.452 ; BCDto7Seg:inst|BCDto7Seg_CPU:cpu|BCDto7Seg_CPU_cpu:cpu|BCDto7Seg_CPU_cpu_nios2_oci:the_BCDto7Seg_CPU_cpu_nios2_oci|BCDto7Seg_CPU_cpu_debug_slave_wrapper:the_BCDto7Seg_CPU_cpu_debug_slave_wrapper|BCDto7Seg_CPU_cpu_debug_slave_tck:the_BCDto7Seg_CPU_cpu_debug_slave_tck|sr[26]                                                                        ; BCDto7Seg:inst|BCDto7Seg_CPU:cpu|BCDto7Seg_CPU_cpu:cpu|BCDto7Seg_CPU_cpu_nios2_oci:the_BCDto7Seg_CPU_cpu_nios2_oci|BCDto7Seg_CPU_cpu_debug_slave_wrapper:the_BCDto7Seg_CPU_cpu_debug_slave_wrapper|BCDto7Seg_CPU_cpu_debug_slave_tck:the_BCDto7Seg_CPU_cpu_debug_slave_tck|sr[25]                                                                        ; altera_reserved_tck ; altera_reserved_tck ; 0.000        ; 0.080      ; 0.718      ;
; 0.452 ; BCDto7Seg:inst|BCDto7Seg_CPU:cpu|BCDto7Seg_CPU_cpu:cpu|BCDto7Seg_CPU_cpu_nios2_oci:the_BCDto7Seg_CPU_cpu_nios2_oci|BCDto7Seg_CPU_cpu_debug_slave_wrapper:the_BCDto7Seg_CPU_cpu_debug_slave_wrapper|BCDto7Seg_CPU_cpu_debug_slave_tck:the_BCDto7Seg_CPU_cpu_debug_slave_tck|sr[21]                                                                        ; BCDto7Seg:inst|BCDto7Seg_CPU:cpu|BCDto7Seg_CPU_cpu:cpu|BCDto7Seg_CPU_cpu_nios2_oci:the_BCDto7Seg_CPU_cpu_nios2_oci|BCDto7Seg_CPU_cpu_debug_slave_wrapper:the_BCDto7Seg_CPU_cpu_debug_slave_wrapper|BCDto7Seg_CPU_cpu_debug_slave_tck:the_BCDto7Seg_CPU_cpu_debug_slave_tck|sr[20]                                                                        ; altera_reserved_tck ; altera_reserved_tck ; 0.000        ; 0.080      ; 0.718      ;
; 0.452 ; BCDto7Seg:inst|BCDto7Seg_CPU:cpu|BCDto7Seg_CPU_cpu:cpu|BCDto7Seg_CPU_cpu_nios2_oci:the_BCDto7Seg_CPU_cpu_nios2_oci|BCDto7Seg_CPU_cpu_debug_slave_wrapper:the_BCDto7Seg_CPU_cpu_debug_slave_wrapper|BCDto7Seg_CPU_cpu_debug_slave_tck:the_BCDto7Seg_CPU_cpu_debug_slave_tck|sr[20]                                                                        ; BCDto7Seg:inst|BCDto7Seg_CPU:cpu|BCDto7Seg_CPU_cpu:cpu|BCDto7Seg_CPU_cpu_nios2_oci:the_BCDto7Seg_CPU_cpu_nios2_oci|BCDto7Seg_CPU_cpu_debug_slave_wrapper:the_BCDto7Seg_CPU_cpu_debug_slave_wrapper|BCDto7Seg_CPU_cpu_debug_slave_tck:the_BCDto7Seg_CPU_cpu_debug_slave_tck|sr[19]                                                                        ; altera_reserved_tck ; altera_reserved_tck ; 0.000        ; 0.080      ; 0.718      ;
; 0.452 ; BCDto7Seg:inst|BCDto7Seg_CPU:cpu|BCDto7Seg_CPU_cpu:cpu|BCDto7Seg_CPU_cpu_nios2_oci:the_BCDto7Seg_CPU_cpu_nios2_oci|BCDto7Seg_CPU_cpu_debug_slave_wrapper:the_BCDto7Seg_CPU_cpu_debug_slave_wrapper|BCDto7Seg_CPU_cpu_debug_slave_tck:the_BCDto7Seg_CPU_cpu_debug_slave_tck|sr[17]                                                                        ; BCDto7Seg:inst|BCDto7Seg_CPU:cpu|BCDto7Seg_CPU_cpu:cpu|BCDto7Seg_CPU_cpu_nios2_oci:the_BCDto7Seg_CPU_cpu_nios2_oci|BCDto7Seg_CPU_cpu_debug_slave_wrapper:the_BCDto7Seg_CPU_cpu_debug_slave_wrapper|BCDto7Seg_CPU_cpu_debug_slave_tck:the_BCDto7Seg_CPU_cpu_debug_slave_tck|sr[16]                                                                        ; altera_reserved_tck ; altera_reserved_tck ; 0.000        ; 0.080      ; 0.718      ;
; 0.455 ; sld_hub:auto_hub|alt_sld_fab_with_jtag_input:\instrumentation_fabric_with_node_gen:fabric_gen_new_way:with_jtag_input_gen:instrumentation_fabric|alt_sld_fab:instrumentation_fabric|alt_sld_fab_alt_sld_fab:alt_sld_fab|alt_sld_fab_alt_sld_fab_sldfabric:sldfabric|sld_jtag_hub:\jtag_hub_gen:real_sld_jtag_hub|sld_shadow_jsm:shadow_jsm|state[4]      ; sld_hub:auto_hub|alt_sld_fab_with_jtag_input:\instrumentation_fabric_with_node_gen:fabric_gen_new_way:with_jtag_input_gen:instrumentation_fabric|alt_sld_fab:instrumentation_fabric|alt_sld_fab_alt_sld_fab:alt_sld_fab|alt_sld_fab_alt_sld_fab_sldfabric:sldfabric|sld_jtag_hub:\jtag_hub_gen:real_sld_jtag_hub|sld_shadow_jsm:shadow_jsm|state[5]      ; altera_reserved_tck ; altera_reserved_tck ; 0.000        ; 0.080      ; 0.721      ;
; 0.460 ; sld_hub:auto_hub|alt_sld_fab_with_jtag_input:\instrumentation_fabric_with_node_gen:fabric_gen_new_way:with_jtag_input_gen:instrumentation_fabric|alt_sld_fab:instrumentation_fabric|alt_sld_fab_alt_sld_fab:alt_sld_fab|alt_sld_fab_alt_sld_fab_sldfabric:sldfabric|sld_jtag_hub:\jtag_hub_gen:real_sld_jtag_hub|sld_shadow_jsm:shadow_jsm|state[15]     ; sld_hub:auto_hub|alt_sld_fab_with_jtag_input:\instrumentation_fabric_with_node_gen:fabric_gen_new_way:with_jtag_input_gen:instrumentation_fabric|alt_sld_fab:instrumentation_fabric|alt_sld_fab_alt_sld_fab:alt_sld_fab|alt_sld_fab_alt_sld_fab_sldfabric:sldfabric|sld_jtag_hub:\jtag_hub_gen:real_sld_jtag_hub|sld_shadow_jsm:shadow_jsm|state[2]      ; altera_reserved_tck ; altera_reserved_tck ; 0.000        ; 0.080      ; 0.726      ;
; 0.462 ; sld_hub:auto_hub|alt_sld_fab_with_jtag_input:\instrumentation_fabric_with_node_gen:fabric_gen_new_way:with_jtag_input_gen:instrumentation_fabric|alt_sld_fab:instrumentation_fabric|alt_sld_fab_alt_sld_fab:alt_sld_fab|alt_sld_fab_alt_sld_fab_sldfabric:sldfabric|sld_jtag_hub:\jtag_hub_gen:real_sld_jtag_hub|irsr_reg[1]                             ; sld_hub:auto_hub|alt_sld_fab_with_jtag_input:\instrumentation_fabric_with_node_gen:fabric_gen_new_way:with_jtag_input_gen:instrumentation_fabric|alt_sld_fab:instrumentation_fabric|alt_sld_fab_alt_sld_fab:alt_sld_fab|alt_sld_fab_alt_sld_fab_sldfabric:sldfabric|sld_jtag_hub:\jtag_hub_gen:real_sld_jtag_hub|irsr_reg[0]                             ; altera_reserved_tck ; altera_reserved_tck ; 0.000        ; 0.080      ; 0.728      ;
; 0.481 ; sld_hub:auto_hub|alt_sld_fab_with_jtag_input:\instrumentation_fabric_with_node_gen:fabric_gen_new_way:with_jtag_input_gen:instrumentation_fabric|alt_sld_fab:instrumentation_fabric|alt_sld_fab_alt_sld_fab:alt_sld_fab|alt_sld_fab_alt_sld_fab_sldfabric:sldfabric|sld_jtag_hub:\jtag_hub_gen:real_sld_jtag_hub|mixer_addr_reg_internal[4]              ; sld_hub:auto_hub|alt_sld_fab_with_jtag_input:\instrumentation_fabric_with_node_gen:fabric_gen_new_way:with_jtag_input_gen:instrumentation_fabric|alt_sld_fab:instrumentation_fabric|alt_sld_fab_alt_sld_fab:alt_sld_fab|alt_sld_fab_alt_sld_fab_sldfabric:sldfabric|sld_jtag_hub:\jtag_hub_gen:real_sld_jtag_hub|mixer_addr_reg_internal[4]              ; altera_reserved_tck ; altera_reserved_tck ; 0.000        ; 0.080      ; 0.747      ;
; 0.554 ; sld_hub:auto_hub|alt_sld_fab_with_jtag_input:\instrumentation_fabric_with_node_gen:fabric_gen_new_way:with_jtag_input_gen:instrumentation_fabric|alt_sld_fab:instrumentation_fabric|alt_sld_fab_alt_sld_fab:alt_sld_fab|alt_sld_fab_alt_sld_fab_sldfabric:sldfabric|sld_jtag_hub:\jtag_hub_gen:real_sld_jtag_hub|hub_minor_ver_reg[3]                    ; sld_hub:auto_hub|alt_sld_fab_with_jtag_input:\instrumentation_fabric_with_node_gen:fabric_gen_new_way:with_jtag_input_gen:instrumentation_fabric|alt_sld_fab:instrumentation_fabric|alt_sld_fab_alt_sld_fab:alt_sld_fab|alt_sld_fab_alt_sld_fab_sldfabric:sldfabric|sld_jtag_hub:\jtag_hub_gen:real_sld_jtag_hub|hub_minor_ver_reg[2]                    ; altera_reserved_tck ; altera_reserved_tck ; 0.000        ; 0.080      ; 0.820      ;
; 0.554 ; sld_hub:auto_hub|alt_sld_fab_with_jtag_input:\instrumentation_fabric_with_node_gen:fabric_gen_new_way:with_jtag_input_gen:instrumentation_fabric|alt_sld_fab:instrumentation_fabric|alt_sld_fab_alt_sld_fab:alt_sld_fab|alt_sld_fab_alt_sld_fab_sldfabric:sldfabric|sld_jtag_hub:\jtag_hub_gen:real_sld_jtag_hub|sld_rom_sr:hub_info_reg|WORD_SR[2]      ; sld_hub:auto_hub|alt_sld_fab_with_jtag_input:\instrumentation_fabric_with_node_gen:fabric_gen_new_way:with_jtag_input_gen:instrumentation_fabric|alt_sld_fab:instrumentation_fabric|alt_sld_fab_alt_sld_fab:alt_sld_fab|alt_sld_fab_alt_sld_fab_sldfabric:sldfabric|sld_jtag_hub:\jtag_hub_gen:real_sld_jtag_hub|sld_rom_sr:hub_info_reg|WORD_SR[1]      ; altera_reserved_tck ; altera_reserved_tck ; 0.000        ; 0.080      ; 0.820      ;
; 0.561 ; sld_hub:auto_hub|alt_sld_fab_with_jtag_input:\instrumentation_fabric_with_node_gen:fabric_gen_new_way:with_jtag_input_gen:instrumentation_fabric|alt_sld_fab:instrumentation_fabric|alt_sld_fab_alt_sld_fab:alt_sld_fab|alt_sld_fab_alt_sld_fab_sldfabric:sldfabric|sld_jtag_hub:\jtag_hub_gen:real_sld_jtag_hub|irsr_reg[3]                             ; sld_hub:auto_hub|alt_sld_fab_with_jtag_input:\instrumentation_fabric_with_node_gen:fabric_gen_new_way:with_jtag_input_gen:instrumentation_fabric|alt_sld_fab:instrumentation_fabric|alt_sld_fab_alt_sld_fab:alt_sld_fab|alt_sld_fab_alt_sld_fab_sldfabric:sldfabric|sld_jtag_hub:\jtag_hub_gen:real_sld_jtag_hub|irsr_reg[2]                             ; altera_reserved_tck ; altera_reserved_tck ; 0.000        ; 0.080      ; 0.827      ;
; 0.561 ; BCDto7Seg:inst|BCDto7Seg_CPU:cpu|BCDto7Seg_CPU_cpu:cpu|BCDto7Seg_CPU_cpu_nios2_oci:the_BCDto7Seg_CPU_cpu_nios2_oci|BCDto7Seg_CPU_cpu_debug_slave_wrapper:the_BCDto7Seg_CPU_cpu_debug_slave_wrapper|BCDto7Seg_CPU_cpu_debug_slave_tck:the_BCDto7Seg_CPU_cpu_debug_slave_tck|altera_std_synchronizer:the_altera_std_synchronizer1|dreg[0]                  ; BCDto7Seg:inst|BCDto7Seg_CPU:cpu|BCDto7Seg_CPU_cpu:cpu|BCDto7Seg_CPU_cpu_nios2_oci:the_BCDto7Seg_CPU_cpu_nios2_oci|BCDto7Seg_CPU_cpu_debug_slave_wrapper:the_BCDto7Seg_CPU_cpu_debug_slave_wrapper|BCDto7Seg_CPU_cpu_debug_slave_tck:the_BCDto7Seg_CPU_cpu_debug_slave_tck|ir_out[1]                                                                     ; altera_reserved_tck ; altera_reserved_tck ; 0.000        ; 0.080      ; 0.827      ;
; 0.562 ; BCDto7Seg:inst|BCDto7Seg_CPU:cpu|BCDto7Seg_CPU_cpu:cpu|BCDto7Seg_CPU_cpu_nios2_oci:the_BCDto7Seg_CPU_cpu_nios2_oci|BCDto7Seg_CPU_cpu_debug_slave_wrapper:the_BCDto7Seg_CPU_cpu_debug_slave_wrapper|BCDto7Seg_CPU_cpu_debug_slave_tck:the_BCDto7Seg_CPU_cpu_debug_slave_tck|sr[4]                                                                         ; BCDto7Seg:inst|BCDto7Seg_CPU:cpu|BCDto7Seg_CPU_cpu:cpu|BCDto7Seg_CPU_cpu_nios2_oci:the_BCDto7Seg_CPU_cpu_nios2_oci|BCDto7Seg_CPU_cpu_debug_slave_wrapper:the_BCDto7Seg_CPU_cpu_debug_slave_wrapper|BCDto7Seg_CPU_cpu_debug_slave_tck:the_BCDto7Seg_CPU_cpu_debug_slave_tck|sr[3]                                                                         ; altera_reserved_tck ; altera_reserved_tck ; 0.000        ; 0.080      ; 0.828      ;
; 0.563 ; BCDto7Seg:inst|BCDto7Seg_CPU:cpu|BCDto7Seg_CPU_cpu:cpu|BCDto7Seg_CPU_cpu_nios2_oci:the_BCDto7Seg_CPU_cpu_nios2_oci|BCDto7Seg_CPU_cpu_debug_slave_wrapper:the_BCDto7Seg_CPU_cpu_debug_slave_wrapper|BCDto7Seg_CPU_cpu_debug_slave_tck:the_BCDto7Seg_CPU_cpu_debug_slave_tck|sr[3]                                                                         ; BCDto7Seg:inst|BCDto7Seg_CPU:cpu|BCDto7Seg_CPU_cpu:cpu|BCDto7Seg_CPU_cpu_nios2_oci:the_BCDto7Seg_CPU_cpu_nios2_oci|BCDto7Seg_CPU_cpu_debug_slave_wrapper:the_BCDto7Seg_CPU_cpu_debug_slave_wrapper|BCDto7Seg_CPU_cpu_debug_slave_tck:the_BCDto7Seg_CPU_cpu_debug_slave_tck|sr[2]                                                                         ; altera_reserved_tck ; altera_reserved_tck ; 0.000        ; 0.080      ; 0.829      ;
; 0.563 ; BCDto7Seg:inst|BCDto7Seg_CPU:cpu|BCDto7Seg_CPU_cpu:cpu|BCDto7Seg_CPU_cpu_nios2_oci:the_BCDto7Seg_CPU_cpu_nios2_oci|BCDto7Seg_CPU_cpu_debug_slave_wrapper:the_BCDto7Seg_CPU_cpu_debug_slave_wrapper|BCDto7Seg_CPU_cpu_debug_slave_tck:the_BCDto7Seg_CPU_cpu_debug_slave_tck|sr[13]                                                                        ; BCDto7Seg:inst|BCDto7Seg_CPU:cpu|BCDto7Seg_CPU_cpu:cpu|BCDto7Seg_CPU_cpu_nios2_oci:the_BCDto7Seg_CPU_cpu_nios2_oci|BCDto7Seg_CPU_cpu_debug_slave_wrapper:the_BCDto7Seg_CPU_cpu_debug_slave_wrapper|BCDto7Seg_CPU_cpu_debug_slave_tck:the_BCDto7Seg_CPU_cpu_debug_slave_tck|sr[12]                                                                        ; altera_reserved_tck ; altera_reserved_tck ; 0.000        ; 0.080      ; 0.829      ;
; 0.563 ; BCDto7Seg:inst|BCDto7Seg_CPU:cpu|BCDto7Seg_CPU_cpu:cpu|BCDto7Seg_CPU_cpu_nios2_oci:the_BCDto7Seg_CPU_cpu_nios2_oci|BCDto7Seg_CPU_cpu_debug_slave_wrapper:the_BCDto7Seg_CPU_cpu_debug_slave_wrapper|BCDto7Seg_CPU_cpu_debug_slave_tck:the_BCDto7Seg_CPU_cpu_debug_slave_tck|sr[11]                                                                        ; BCDto7Seg:inst|BCDto7Seg_CPU:cpu|BCDto7Seg_CPU_cpu:cpu|BCDto7Seg_CPU_cpu_nios2_oci:the_BCDto7Seg_CPU_cpu_nios2_oci|BCDto7Seg_CPU_cpu_debug_slave_wrapper:the_BCDto7Seg_CPU_cpu_debug_slave_wrapper|BCDto7Seg_CPU_cpu_debug_slave_tck:the_BCDto7Seg_CPU_cpu_debug_slave_tck|sr[10]                                                                        ; altera_reserved_tck ; altera_reserved_tck ; 0.000        ; 0.080      ; 0.829      ;
; 0.564 ; BCDto7Seg:inst|BCDto7Seg_CPU:cpu|BCDto7Seg_CPU_cpu:cpu|BCDto7Seg_CPU_cpu_nios2_oci:the_BCDto7Seg_CPU_cpu_nios2_oci|BCDto7Seg_CPU_cpu_debug_slave_wrapper:the_BCDto7Seg_CPU_cpu_debug_slave_wrapper|BCDto7Seg_CPU_cpu_debug_slave_tck:the_BCDto7Seg_CPU_cpu_debug_slave_tck|sr[6]                                                                         ; BCDto7Seg:inst|BCDto7Seg_CPU:cpu|BCDto7Seg_CPU_cpu:cpu|BCDto7Seg_CPU_cpu_nios2_oci:the_BCDto7Seg_CPU_cpu_nios2_oci|BCDto7Seg_CPU_cpu_debug_slave_wrapper:the_BCDto7Seg_CPU_cpu_debug_slave_wrapper|BCDto7Seg_CPU_cpu_debug_slave_tck:the_BCDto7Seg_CPU_cpu_debug_slave_tck|sr[5]                                                                         ; altera_reserved_tck ; altera_reserved_tck ; 0.000        ; 0.080      ; 0.830      ;
; 0.574 ; BCDto7Seg:inst|BCDto7Seg_CPU:cpu|BCDto7Seg_CPU_cpu:cpu|BCDto7Seg_CPU_cpu_nios2_oci:the_BCDto7Seg_CPU_cpu_nios2_oci|BCDto7Seg_CPU_cpu_debug_slave_wrapper:the_BCDto7Seg_CPU_cpu_debug_slave_wrapper|BCDto7Seg_CPU_cpu_debug_slave_tck:the_BCDto7Seg_CPU_cpu_debug_slave_tck|sr[24]                                                                        ; BCDto7Seg:inst|BCDto7Seg_CPU:cpu|BCDto7Seg_CPU_cpu:cpu|BCDto7Seg_CPU_cpu_nios2_oci:the_BCDto7Seg_CPU_cpu_nios2_oci|BCDto7Seg_CPU_cpu_debug_slave_wrapper:the_BCDto7Seg_CPU_cpu_debug_slave_wrapper|BCDto7Seg_CPU_cpu_debug_slave_tck:the_BCDto7Seg_CPU_cpu_debug_slave_tck|sr[23]                                                                        ; altera_reserved_tck ; altera_reserved_tck ; 0.000        ; 0.080      ; 0.840      ;
; 0.576 ; BCDto7Seg:inst|BCDto7Seg_CPU:cpu|BCDto7Seg_CPU_cpu:cpu|BCDto7Seg_CPU_cpu_nios2_oci:the_BCDto7Seg_CPU_cpu_nios2_oci|BCDto7Seg_CPU_cpu_debug_slave_wrapper:the_BCDto7Seg_CPU_cpu_debug_slave_wrapper|BCDto7Seg_CPU_cpu_debug_slave_tck:the_BCDto7Seg_CPU_cpu_debug_slave_tck|sr[2]                                                                         ; BCDto7Seg:inst|BCDto7Seg_CPU:cpu|BCDto7Seg_CPU_cpu:cpu|BCDto7Seg_CPU_cpu_nios2_oci:the_BCDto7Seg_CPU_cpu_nios2_oci|BCDto7Seg_CPU_cpu_debug_slave_wrapper:the_BCDto7Seg_CPU_cpu_debug_slave_wrapper|BCDto7Seg_CPU_cpu_debug_slave_tck:the_BCDto7Seg_CPU_cpu_debug_slave_tck|sr[1]                                                                         ; altera_reserved_tck ; altera_reserved_tck ; 0.000        ; 0.080      ; 0.842      ;
; 0.578 ; BCDto7Seg:inst|BCDto7Seg_CPU:cpu|BCDto7Seg_CPU_cpu:cpu|BCDto7Seg_CPU_cpu_nios2_oci:the_BCDto7Seg_CPU_cpu_nios2_oci|BCDto7Seg_CPU_cpu_debug_slave_wrapper:the_BCDto7Seg_CPU_cpu_debug_slave_wrapper|BCDto7Seg_CPU_cpu_debug_slave_tck:the_BCDto7Seg_CPU_cpu_debug_slave_tck|sr[23]                                                                        ; BCDto7Seg:inst|BCDto7Seg_CPU:cpu|BCDto7Seg_CPU_cpu:cpu|BCDto7Seg_CPU_cpu_nios2_oci:the_BCDto7Seg_CPU_cpu_nios2_oci|BCDto7Seg_CPU_cpu_debug_slave_wrapper:the_BCDto7Seg_CPU_cpu_debug_slave_wrapper|BCDto7Seg_CPU_cpu_debug_slave_tck:the_BCDto7Seg_CPU_cpu_debug_slave_tck|sr[22]                                                                        ; altera_reserved_tck ; altera_reserved_tck ; 0.000        ; 0.080      ; 0.844      ;
; 0.588 ; sld_hub:auto_hub|alt_sld_fab_with_jtag_input:\instrumentation_fabric_with_node_gen:fabric_gen_new_way:with_jtag_input_gen:instrumentation_fabric|alt_sld_fab:instrumentation_fabric|alt_sld_fab_alt_sld_fab:alt_sld_fab|alt_sld_fab_alt_sld_fab_sldfabric:sldfabric|sld_jtag_hub:\jtag_hub_gen:real_sld_jtag_hub|jtag_ir_reg[0]                          ; sld_hub:auto_hub|alt_sld_fab_with_jtag_input:\instrumentation_fabric_with_node_gen:fabric_gen_new_way:with_jtag_input_gen:instrumentation_fabric|alt_sld_fab:instrumentation_fabric|alt_sld_fab_alt_sld_fab:alt_sld_fab|alt_sld_fab_alt_sld_fab_sldfabric:sldfabric|sld_jtag_hub:\jtag_hub_gen:real_sld_jtag_hub|virtual_ir_scan_reg                     ; altera_reserved_tck ; altera_reserved_tck ; 0.000        ; 0.080      ; 0.854      ;
; 0.590 ; sld_hub:auto_hub|alt_sld_fab_with_jtag_input:\instrumentation_fabric_with_node_gen:fabric_gen_new_way:with_jtag_input_gen:instrumentation_fabric|alt_sld_fab:instrumentation_fabric|alt_sld_fab_alt_sld_fab:alt_sld_fab|alt_sld_fab_alt_sld_fab_sldfabric:sldfabric|sld_jtag_hub:\jtag_hub_gen:real_sld_jtag_hub|jtag_ir_reg[0]                          ; sld_hub:auto_hub|alt_sld_fab_with_jtag_input:\instrumentation_fabric_with_node_gen:fabric_gen_new_way:with_jtag_input_gen:instrumentation_fabric|alt_sld_fab:instrumentation_fabric|alt_sld_fab_alt_sld_fab:alt_sld_fab|alt_sld_fab_alt_sld_fab_sldfabric:sldfabric|sld_jtag_hub:\jtag_hub_gen:real_sld_jtag_hub|virtual_dr_scan_reg                     ; altera_reserved_tck ; altera_reserved_tck ; 0.000        ; 0.080      ; 0.856      ;
; 0.591 ; sld_hub:auto_hub|alt_sld_fab_with_jtag_input:\instrumentation_fabric_with_node_gen:fabric_gen_new_way:with_jtag_input_gen:instrumentation_fabric|alt_sld_fab:instrumentation_fabric|alt_sld_fab_alt_sld_fab:alt_sld_fab|alt_sld_fab_alt_sld_fab_sldfabric:sldfabric|sld_jtag_hub:\jtag_hub_gen:real_sld_jtag_hub|jtag_ir_reg[5]                          ; sld_hub:auto_hub|alt_sld_fab_with_jtag_input:\instrumentation_fabric_with_node_gen:fabric_gen_new_way:with_jtag_input_gen:instrumentation_fabric|alt_sld_fab:instrumentation_fabric|alt_sld_fab_alt_sld_fab:alt_sld_fab|alt_sld_fab_alt_sld_fab_sldfabric:sldfabric|sld_jtag_hub:\jtag_hub_gen:real_sld_jtag_hub|jtag_ir_reg[4]                          ; altera_reserved_tck ; altera_reserved_tck ; 0.000        ; 0.080      ; 0.857      ;
; 0.601 ; BCDto7Seg:inst|BCDto7Seg_CPU:cpu|BCDto7Seg_CPU_cpu:cpu|BCDto7Seg_CPU_cpu_nios2_oci:the_BCDto7Seg_CPU_cpu_nios2_oci|BCDto7Seg_CPU_cpu_debug_slave_wrapper:the_BCDto7Seg_CPU_cpu_debug_slave_wrapper|BCDto7Seg_CPU_cpu_debug_slave_tck:the_BCDto7Seg_CPU_cpu_debug_slave_tck|DRsize.000                                                                    ; BCDto7Seg:inst|BCDto7Seg_CPU:cpu|BCDto7Seg_CPU_cpu:cpu|BCDto7Seg_CPU_cpu_nios2_oci:the_BCDto7Seg_CPU_cpu_nios2_oci|BCDto7Seg_CPU_cpu_debug_slave_wrapper:the_BCDto7Seg_CPU_cpu_debug_slave_wrapper|BCDto7Seg_CPU_cpu_debug_slave_tck:the_BCDto7Seg_CPU_cpu_debug_slave_tck|sr[0]                                                                         ; altera_reserved_tck ; altera_reserved_tck ; 0.000        ; 0.081      ; 0.868      ;
; 0.601 ; sld_hub:auto_hub|alt_sld_fab_with_jtag_input:\instrumentation_fabric_with_node_gen:fabric_gen_new_way:with_jtag_input_gen:instrumentation_fabric|alt_sld_fab:instrumentation_fabric|alt_sld_fab_alt_sld_fab:alt_sld_fab|alt_sld_fab_alt_sld_fab_sldfabric:sldfabric|sld_jtag_hub:\jtag_hub_gen:real_sld_jtag_hub|design_hash_reg[1]                      ; sld_hub:auto_hub|alt_sld_fab_with_jtag_input:\instrumentation_fabric_with_node_gen:fabric_gen_new_way:with_jtag_input_gen:instrumentation_fabric|alt_sld_fab:instrumentation_fabric|alt_sld_fab_alt_sld_fab:alt_sld_fab|alt_sld_fab_alt_sld_fab_sldfabric:sldfabric|sld_jtag_hub:\jtag_hub_gen:real_sld_jtag_hub|design_hash_reg[0]                      ; altera_reserved_tck ; altera_reserved_tck ; 0.000        ; 0.080      ; 0.867      ;
; 0.603 ; sld_hub:auto_hub|alt_sld_fab_with_jtag_input:\instrumentation_fabric_with_node_gen:fabric_gen_new_way:with_jtag_input_gen:instrumentation_fabric|alt_sld_fab:instrumentation_fabric|alt_sld_fab_alt_sld_fab:alt_sld_fab|alt_sld_fab_alt_sld_fab_sldfabric:sldfabric|sld_jtag_hub:\jtag_hub_gen:real_sld_jtag_hub|design_hash_reg[2]                      ; sld_hub:auto_hub|alt_sld_fab_with_jtag_input:\instrumentation_fabric_with_node_gen:fabric_gen_new_way:with_jtag_input_gen:instrumentation_fabric|alt_sld_fab:instrumentation_fabric|alt_sld_fab_alt_sld_fab:alt_sld_fab|alt_sld_fab_alt_sld_fab_sldfabric:sldfabric|sld_jtag_hub:\jtag_hub_gen:real_sld_jtag_hub|design_hash_reg[1]                      ; altera_reserved_tck ; altera_reserved_tck ; 0.000        ; 0.080      ; 0.869      ;
; 0.603 ; sld_hub:auto_hub|alt_sld_fab_with_jtag_input:\instrumentation_fabric_with_node_gen:fabric_gen_new_way:with_jtag_input_gen:instrumentation_fabric|alt_sld_fab:instrumentation_fabric|alt_sld_fab_alt_sld_fab:alt_sld_fab|alt_sld_fab_alt_sld_fab_sldfabric:sldfabric|sld_jtag_hub:\jtag_hub_gen:real_sld_jtag_hub|design_hash_reg[3]                      ; sld_hub:auto_hub|alt_sld_fab_with_jtag_input:\instrumentation_fabric_with_node_gen:fabric_gen_new_way:with_jtag_input_gen:instrumentation_fabric|alt_sld_fab:instrumentation_fabric|alt_sld_fab_alt_sld_fab:alt_sld_fab|alt_sld_fab_alt_sld_fab_sldfabric:sldfabric|sld_jtag_hub:\jtag_hub_gen:real_sld_jtag_hub|design_hash_reg[2]                      ; altera_reserved_tck ; altera_reserved_tck ; 0.000        ; 0.080      ; 0.869      ;
; 0.607 ; sld_hub:auto_hub|alt_sld_fab_with_jtag_input:\instrumentation_fabric_with_node_gen:fabric_gen_new_way:with_jtag_input_gen:instrumentation_fabric|alt_sld_fab:instrumentation_fabric|alt_sld_fab_alt_sld_fab:alt_sld_fab|alt_sld_fab_alt_sld_fab_sldfabric:sldfabric|sld_jtag_hub:\jtag_hub_gen:real_sld_jtag_hub|jtag_ir_reg[6]                          ; sld_hub:auto_hub|alt_sld_fab_with_jtag_input:\instrumentation_fabric_with_node_gen:fabric_gen_new_way:with_jtag_input_gen:instrumentation_fabric|alt_sld_fab:instrumentation_fabric|alt_sld_fab_alt_sld_fab:alt_sld_fab|alt_sld_fab_alt_sld_fab_sldfabric:sldfabric|sld_jtag_hub:\jtag_hub_gen:real_sld_jtag_hub|jtag_ir_reg[5]                          ; altera_reserved_tck ; altera_reserved_tck ; 0.000        ; 0.080      ; 0.873      ;
; 0.607 ; sld_hub:auto_hub|alt_sld_fab_with_jtag_input:\instrumentation_fabric_with_node_gen:fabric_gen_new_way:with_jtag_input_gen:instrumentation_fabric|alt_sld_fab:instrumentation_fabric|alt_sld_fab_alt_sld_fab:alt_sld_fab|alt_sld_fab_alt_sld_fab_sldfabric:sldfabric|sld_jtag_hub:\jtag_hub_gen:real_sld_jtag_hub|jtag_ir_reg[8]                          ; sld_hub:auto_hub|alt_sld_fab_with_jtag_input:\instrumentation_fabric_with_node_gen:fabric_gen_new_way:with_jtag_input_gen:instrumentation_fabric|alt_sld_fab:instrumentation_fabric|alt_sld_fab_alt_sld_fab:alt_sld_fab|alt_sld_fab_alt_sld_fab_sldfabric:sldfabric|sld_jtag_hub:\jtag_hub_gen:real_sld_jtag_hub|jtag_ir_reg[7]                          ; altera_reserved_tck ; altera_reserved_tck ; 0.000        ; 0.080      ; 0.873      ;
; 0.612 ; BCDto7Seg:inst|BCDto7Seg_CPU:cpu|BCDto7Seg_CPU_cpu:cpu|BCDto7Seg_CPU_cpu_nios2_oci:the_BCDto7Seg_CPU_cpu_nios2_oci|BCDto7Seg_CPU_cpu_debug_slave_wrapper:the_BCDto7Seg_CPU_cpu_debug_slave_wrapper|BCDto7Seg_CPU_cpu_debug_slave_tck:the_BCDto7Seg_CPU_cpu_debug_slave_tck|sr[9]                                                                         ; BCDto7Seg:inst|BCDto7Seg_CPU:cpu|BCDto7Seg_CPU_cpu:cpu|BCDto7Seg_CPU_cpu_nios2_oci:the_BCDto7Seg_CPU_cpu_nios2_oci|BCDto7Seg_CPU_cpu_debug_slave_wrapper:the_BCDto7Seg_CPU_cpu_debug_slave_wrapper|BCDto7Seg_CPU_cpu_debug_slave_tck:the_BCDto7Seg_CPU_cpu_debug_slave_tck|sr[8]                                                                         ; altera_reserved_tck ; altera_reserved_tck ; 0.000        ; 0.080      ; 0.878      ;
; 0.616 ; BCDto7Seg:inst|BCDto7Seg_CPU:cpu|BCDto7Seg_CPU_cpu:cpu|BCDto7Seg_CPU_cpu_nios2_oci:the_BCDto7Seg_CPU_cpu_nios2_oci|BCDto7Seg_CPU_cpu_debug_slave_wrapper:the_BCDto7Seg_CPU_cpu_debug_slave_wrapper|BCDto7Seg_CPU_cpu_debug_slave_tck:the_BCDto7Seg_CPU_cpu_debug_slave_tck|sr[10]                                                                        ; BCDto7Seg:inst|BCDto7Seg_CPU:cpu|BCDto7Seg_CPU_cpu:cpu|BCDto7Seg_CPU_cpu_nios2_oci:the_BCDto7Seg_CPU_cpu_nios2_oci|BCDto7Seg_CPU_cpu_debug_slave_wrapper:the_BCDto7Seg_CPU_cpu_debug_slave_wrapper|BCDto7Seg_CPU_cpu_debug_slave_tck:the_BCDto7Seg_CPU_cpu_debug_slave_tck|sr[9]                                                                         ; altera_reserved_tck ; altera_reserved_tck ; 0.000        ; 0.080      ; 0.882      ;
; 0.622 ; sld_hub:auto_hub|alt_sld_fab_with_jtag_input:\instrumentation_fabric_with_node_gen:fabric_gen_new_way:with_jtag_input_gen:instrumentation_fabric|alt_sld_fab:instrumentation_fabric|alt_sld_fab_alt_sld_fab:alt_sld_fab|sldfabric_ident_writedata[0]                                                                                                     ; sld_hub:auto_hub|alt_sld_fab_with_jtag_input:\instrumentation_fabric_with_node_gen:fabric_gen_new_way:with_jtag_input_gen:instrumentation_fabric|alt_sld_fab:instrumentation_fabric|alt_sld_fab_alt_sld_fab:alt_sld_fab|alt_sld_fab_alt_sld_fab_sldfabric:sldfabric|sld_jtag_hub:\jtag_hub_gen:real_sld_jtag_hub|design_hash_reg[0]                      ; altera_reserved_tck ; altera_reserved_tck ; 0.000        ; 0.079      ; 0.887      ;
; 0.623 ; sld_hub:auto_hub|alt_sld_fab_with_jtag_input:\instrumentation_fabric_with_node_gen:fabric_gen_new_way:with_jtag_input_gen:instrumentation_fabric|alt_sld_fab:instrumentation_fabric|alt_sld_fab_alt_sld_fab:alt_sld_fab|sldfabric_ident_writedata[2]                                                                                                     ; sld_hub:auto_hub|alt_sld_fab_with_jtag_input:\instrumentation_fabric_with_node_gen:fabric_gen_new_way:with_jtag_input_gen:instrumentation_fabric|alt_sld_fab:instrumentation_fabric|alt_sld_fab_alt_sld_fab:alt_sld_fab|alt_sld_fab_alt_sld_fab_sldfabric:sldfabric|sld_jtag_hub:\jtag_hub_gen:real_sld_jtag_hub|design_hash_reg[2]                      ; altera_reserved_tck ; altera_reserved_tck ; 0.000        ; 0.079      ; 0.888      ;
; 0.624 ; sld_hub:auto_hub|alt_sld_fab_with_jtag_input:\instrumentation_fabric_with_node_gen:fabric_gen_new_way:with_jtag_input_gen:instrumentation_fabric|alt_sld_fab:instrumentation_fabric|alt_sld_fab_alt_sld_fab:alt_sld_fab|alt_sld_fab_alt_sld_fab_sldfabric:sldfabric|sld_jtag_hub:\jtag_hub_gen:real_sld_jtag_hub|jtag_ir_reg[7]                          ; sld_hub:auto_hub|alt_sld_fab_with_jtag_input:\instrumentation_fabric_with_node_gen:fabric_gen_new_way:with_jtag_input_gen:instrumentation_fabric|alt_sld_fab:instrumentation_fabric|alt_sld_fab_alt_sld_fab:alt_sld_fab|alt_sld_fab_alt_sld_fab_sldfabric:sldfabric|sld_jtag_hub:\jtag_hub_gen:real_sld_jtag_hub|jtag_ir_reg[6]                          ; altera_reserved_tck ; altera_reserved_tck ; 0.000        ; 0.080      ; 0.890      ;
; 0.636 ; sld_hub:auto_hub|alt_sld_fab_with_jtag_input:\instrumentation_fabric_with_node_gen:fabric_gen_new_way:with_jtag_input_gen:instrumentation_fabric|alt_sld_fab:instrumentation_fabric|alt_sld_fab_alt_sld_fab:alt_sld_fab|alt_sld_fab_alt_sld_fab_sldfabric:sldfabric|sld_jtag_hub:\jtag_hub_gen:real_sld_jtag_hub|hub_minor_ver_reg[1]                    ; sld_hub:auto_hub|alt_sld_fab_with_jtag_input:\instrumentation_fabric_with_node_gen:fabric_gen_new_way:with_jtag_input_gen:instrumentation_fabric|alt_sld_fab:instrumentation_fabric|alt_sld_fab_alt_sld_fab:alt_sld_fab|alt_sld_fab_alt_sld_fab_sldfabric:sldfabric|sld_jtag_hub:\jtag_hub_gen:real_sld_jtag_hub|hub_minor_ver_reg[0]                    ; altera_reserved_tck ; altera_reserved_tck ; 0.000        ; 0.080      ; 0.902      ;
; 0.637 ; sld_hub:auto_hub|alt_sld_fab_with_jtag_input:\instrumentation_fabric_with_node_gen:fabric_gen_new_way:with_jtag_input_gen:instrumentation_fabric|alt_sld_fab:instrumentation_fabric|alt_sld_fab_alt_sld_fab:alt_sld_fab|alt_sld_fab_alt_sld_fab_sldfabric:sldfabric|sld_jtag_hub:\jtag_hub_gen:real_sld_jtag_hub|hub_minor_ver_reg[2]                    ; sld_hub:auto_hub|alt_sld_fab_with_jtag_input:\instrumentation_fabric_with_node_gen:fabric_gen_new_way:with_jtag_input_gen:instrumentation_fabric|alt_sld_fab:instrumentation_fabric|alt_sld_fab_alt_sld_fab:alt_sld_fab|alt_sld_fab_alt_sld_fab_sldfabric:sldfabric|sld_jtag_hub:\jtag_hub_gen:real_sld_jtag_hub|hub_minor_ver_reg[1]                    ; altera_reserved_tck ; altera_reserved_tck ; 0.000        ; 0.080      ; 0.903      ;
; 0.643 ; sld_hub:auto_hub|alt_sld_fab_with_jtag_input:\instrumentation_fabric_with_node_gen:fabric_gen_new_way:with_jtag_input_gen:instrumentation_fabric|alt_sld_fab:instrumentation_fabric|alt_sld_fab_alt_sld_fab:alt_sld_fab|alt_sld_fab_alt_sld_fab_sldfabric:sldfabric|sld_jtag_hub:\jtag_hub_gen:real_sld_jtag_hub|sld_shadow_jsm:shadow_jsm|tms_cnt[0]    ; sld_hub:auto_hub|alt_sld_fab_with_jtag_input:\instrumentation_fabric_with_node_gen:fabric_gen_new_way:with_jtag_input_gen:instrumentation_fabric|alt_sld_fab:instrumentation_fabric|alt_sld_fab_alt_sld_fab:alt_sld_fab|alt_sld_fab_alt_sld_fab_sldfabric:sldfabric|sld_jtag_hub:\jtag_hub_gen:real_sld_jtag_hub|sld_shadow_jsm:shadow_jsm|tms_cnt[2]    ; altera_reserved_tck ; altera_reserved_tck ; 0.000        ; 0.080      ; 0.909      ;
; 0.644 ; sld_hub:auto_hub|alt_sld_fab_with_jtag_input:\instrumentation_fabric_with_node_gen:fabric_gen_new_way:with_jtag_input_gen:instrumentation_fabric|alt_sld_fab:instrumentation_fabric|alt_sld_fab_alt_sld_fab:alt_sld_fab|alt_sld_fab_alt_sld_fab_sldfabric:sldfabric|sld_jtag_hub:\jtag_hub_gen:real_sld_jtag_hub|sld_shadow_jsm:shadow_jsm|state[12]     ; sld_hub:auto_hub|alt_sld_fab_with_jtag_input:\instrumentation_fabric_with_node_gen:fabric_gen_new_way:with_jtag_input_gen:instrumentation_fabric|alt_sld_fab:instrumentation_fabric|alt_sld_fab_alt_sld_fab:alt_sld_fab|alt_sld_fab_alt_sld_fab_sldfabric:sldfabric|sld_jtag_hub:\jtag_hub_gen:real_sld_jtag_hub|sld_shadow_jsm:shadow_jsm|state[13]     ; altera_reserved_tck ; altera_reserved_tck ; 0.000        ; 0.080      ; 0.910      ;
; 0.644 ; BCDto7Seg:inst|BCDto7Seg_CPU:cpu|BCDto7Seg_CPU_cpu:cpu|BCDto7Seg_CPU_cpu_nios2_oci:the_BCDto7Seg_CPU_cpu_nios2_oci|BCDto7Seg_CPU_cpu_debug_slave_wrapper:the_BCDto7Seg_CPU_cpu_debug_slave_wrapper|BCDto7Seg_CPU_cpu_debug_slave_tck:the_BCDto7Seg_CPU_cpu_debug_slave_tck|sr[34]                                                                        ; BCDto7Seg:inst|BCDto7Seg_CPU:cpu|BCDto7Seg_CPU_cpu:cpu|BCDto7Seg_CPU_cpu_nios2_oci:the_BCDto7Seg_CPU_cpu_nios2_oci|BCDto7Seg_CPU_cpu_debug_slave_wrapper:the_BCDto7Seg_CPU_cpu_debug_slave_wrapper|BCDto7Seg_CPU_cpu_debug_slave_tck:the_BCDto7Seg_CPU_cpu_debug_slave_tck|sr[33]                                                                        ; altera_reserved_tck ; altera_reserved_tck ; 0.000        ; 0.080      ; 0.910      ;
; 0.645 ; BCDto7Seg:inst|BCDto7Seg_CPU:cpu|BCDto7Seg_CPU_cpu:cpu|BCDto7Seg_CPU_cpu_nios2_oci:the_BCDto7Seg_CPU_cpu_nios2_oci|BCDto7Seg_CPU_cpu_debug_slave_wrapper:the_BCDto7Seg_CPU_cpu_debug_slave_wrapper|BCDto7Seg_CPU_cpu_debug_slave_tck:the_BCDto7Seg_CPU_cpu_debug_slave_tck|sr[33]                                                                        ; BCDto7Seg:inst|BCDto7Seg_CPU:cpu|BCDto7Seg_CPU_cpu:cpu|BCDto7Seg_CPU_cpu_nios2_oci:the_BCDto7Seg_CPU_cpu_nios2_oci|BCDto7Seg_CPU_cpu_debug_slave_wrapper:the_BCDto7Seg_CPU_cpu_debug_slave_wrapper|BCDto7Seg_CPU_cpu_debug_slave_tck:the_BCDto7Seg_CPU_cpu_debug_slave_tck|sr[32]                                                                        ; altera_reserved_tck ; altera_reserved_tck ; 0.000        ; 0.079      ; 0.910      ;
; 0.646 ; sld_hub:auto_hub|alt_sld_fab_with_jtag_input:\instrumentation_fabric_with_node_gen:fabric_gen_new_way:with_jtag_input_gen:instrumentation_fabric|alt_sld_fab:instrumentation_fabric|alt_sld_fab_alt_sld_fab:alt_sld_fab|alt_sld_fab_alt_sld_fab_sldfabric:sldfabric|sld_jtag_hub:\jtag_hub_gen:real_sld_jtag_hub|sld_shadow_jsm:shadow_jsm|tms_cnt[0]    ; sld_hub:auto_hub|alt_sld_fab_with_jtag_input:\instrumentation_fabric_with_node_gen:fabric_gen_new_way:with_jtag_input_gen:instrumentation_fabric|alt_sld_fab:instrumentation_fabric|alt_sld_fab_alt_sld_fab:alt_sld_fab|alt_sld_fab_alt_sld_fab_sldfabric:sldfabric|sld_jtag_hub:\jtag_hub_gen:real_sld_jtag_hub|sld_shadow_jsm:shadow_jsm|tms_cnt[1]    ; altera_reserved_tck ; altera_reserved_tck ; 0.000        ; 0.080      ; 0.912      ;
; 0.650 ; sld_hub:auto_hub|alt_sld_fab_with_jtag_input:\instrumentation_fabric_with_node_gen:fabric_gen_new_way:with_jtag_input_gen:instrumentation_fabric|alt_sld_fab:instrumentation_fabric|alt_sld_fab_alt_sld_fab:alt_sld_fab|alt_sld_fab_alt_sld_fab_sldfabric:sldfabric|sld_jtag_hub:\jtag_hub_gen:real_sld_jtag_hub|sld_shadow_jsm:shadow_jsm|state[5]      ; sld_hub:auto_hub|alt_sld_fab_with_jtag_input:\instrumentation_fabric_with_node_gen:fabric_gen_new_way:with_jtag_input_gen:instrumentation_fabric|alt_sld_fab:instrumentation_fabric|alt_sld_fab_alt_sld_fab:alt_sld_fab|alt_sld_fab_alt_sld_fab_sldfabric:sldfabric|sld_jtag_hub:\jtag_hub_gen:real_sld_jtag_hub|sld_shadow_jsm:shadow_jsm|state[6]      ; altera_reserved_tck ; altera_reserved_tck ; 0.000        ; 0.080      ; 0.916      ;
; 0.650 ; BCDto7Seg:inst|BCDto7Seg_CPU:cpu|BCDto7Seg_CPU_cpu:cpu|BCDto7Seg_CPU_cpu_nios2_oci:the_BCDto7Seg_CPU_cpu_nios2_oci|BCDto7Seg_CPU_cpu_debug_slave_wrapper:the_BCDto7Seg_CPU_cpu_debug_slave_wrapper|BCDto7Seg_CPU_cpu_debug_slave_tck:the_BCDto7Seg_CPU_cpu_debug_slave_tck|sr[12]                                                                        ; BCDto7Seg:inst|BCDto7Seg_CPU:cpu|BCDto7Seg_CPU_cpu:cpu|BCDto7Seg_CPU_cpu_nios2_oci:the_BCDto7Seg_CPU_cpu_nios2_oci|BCDto7Seg_CPU_cpu_debug_slave_wrapper:the_BCDto7Seg_CPU_cpu_debug_slave_wrapper|BCDto7Seg_CPU_cpu_debug_slave_tck:the_BCDto7Seg_CPU_cpu_debug_slave_tck|sr[11]                                                                        ; altera_reserved_tck ; altera_reserved_tck ; 0.000        ; 0.080      ; 0.916      ;
; 0.652 ; sld_hub:auto_hub|alt_sld_fab_with_jtag_input:\instrumentation_fabric_with_node_gen:fabric_gen_new_way:with_jtag_input_gen:instrumentation_fabric|alt_sld_fab:instrumentation_fabric|alt_sld_fab_alt_sld_fab:alt_sld_fab|alt_sld_fab_alt_sld_fab_sldfabric:sldfabric|sld_jtag_hub:\jtag_hub_gen:real_sld_jtag_hub|sld_rom_sr:hub_info_reg|word_counter[4] ; sld_hub:auto_hub|alt_sld_fab_with_jtag_input:\instrumentation_fabric_with_node_gen:fabric_gen_new_way:with_jtag_input_gen:instrumentation_fabric|alt_sld_fab:instrumentation_fabric|alt_sld_fab_alt_sld_fab:alt_sld_fab|alt_sld_fab_alt_sld_fab_sldfabric:sldfabric|sld_jtag_hub:\jtag_hub_gen:real_sld_jtag_hub|sld_rom_sr:hub_info_reg|word_counter[4] ; altera_reserved_tck ; altera_reserved_tck ; 0.000        ; 0.080      ; 0.918      ;
; 0.654 ; sld_hub:auto_hub|alt_sld_fab_with_jtag_input:\instrumentation_fabric_with_node_gen:fabric_gen_new_way:with_jtag_input_gen:instrumentation_fabric|alt_sld_fab:instrumentation_fabric|alt_sld_fab_alt_sld_fab:alt_sld_fab|alt_sld_fab_alt_sld_fab_sldfabric:sldfabric|sld_jtag_hub:\jtag_hub_gen:real_sld_jtag_hub|irsr_reg[4]                             ; sld_hub:auto_hub|alt_sld_fab_with_jtag_input:\instrumentation_fabric_with_node_gen:fabric_gen_new_way:with_jtag_input_gen:instrumentation_fabric|alt_sld_fab:instrumentation_fabric|alt_sld_fab_alt_sld_fab:alt_sld_fab|alt_sld_fab_alt_sld_fab_sldfabric:sldfabric|sld_jtag_hub:\jtag_hub_gen:real_sld_jtag_hub|irsr_reg[3]                             ; altera_reserved_tck ; altera_reserved_tck ; 0.000        ; 0.080      ; 0.920      ;
; 0.661 ; BCDto7Seg:inst|BCDto7Seg_CPU:cpu|BCDto7Seg_CPU_cpu:cpu|BCDto7Seg_CPU_cpu_nios2_oci:the_BCDto7Seg_CPU_cpu_nios2_oci|BCDto7Seg_CPU_cpu_debug_slave_wrapper:the_BCDto7Seg_CPU_cpu_debug_slave_wrapper|BCDto7Seg_CPU_cpu_debug_slave_tck:the_BCDto7Seg_CPU_cpu_debug_slave_tck|sr[19]                                                                        ; BCDto7Seg:inst|BCDto7Seg_CPU:cpu|BCDto7Seg_CPU_cpu:cpu|BCDto7Seg_CPU_cpu_nios2_oci:the_BCDto7Seg_CPU_cpu_nios2_oci|BCDto7Seg_CPU_cpu_debug_slave_wrapper:the_BCDto7Seg_CPU_cpu_debug_slave_wrapper|BCDto7Seg_CPU_cpu_debug_slave_tck:the_BCDto7Seg_CPU_cpu_debug_slave_tck|sr[18]                                                                        ; altera_reserved_tck ; altera_reserved_tck ; 0.000        ; 0.080      ; 0.927      ;
; 0.664 ; BCDto7Seg:inst|BCDto7Seg_CPU:cpu|BCDto7Seg_CPU_cpu:cpu|BCDto7Seg_CPU_cpu_nios2_oci:the_BCDto7Seg_CPU_cpu_nios2_oci|BCDto7Seg_CPU_cpu_debug_slave_wrapper:the_BCDto7Seg_CPU_cpu_debug_slave_wrapper|BCDto7Seg_CPU_cpu_debug_slave_tck:the_BCDto7Seg_CPU_cpu_debug_slave_tck|sr[28]                                                                        ; BCDto7Seg:inst|BCDto7Seg_CPU:cpu|BCDto7Seg_CPU_cpu:cpu|BCDto7Seg_CPU_cpu_nios2_oci:the_BCDto7Seg_CPU_cpu_nios2_oci|BCDto7Seg_CPU_cpu_debug_slave_wrapper:the_BCDto7Seg_CPU_cpu_debug_slave_wrapper|BCDto7Seg_CPU_cpu_debug_slave_tck:the_BCDto7Seg_CPU_cpu_debug_slave_tck|sr[27]                                                                        ; altera_reserved_tck ; altera_reserved_tck ; 0.000        ; 0.080      ; 0.930      ;
; 0.665 ; BCDto7Seg:inst|BCDto7Seg_CPU:cpu|BCDto7Seg_CPU_cpu:cpu|BCDto7Seg_CPU_cpu_nios2_oci:the_BCDto7Seg_CPU_cpu_nios2_oci|BCDto7Seg_CPU_cpu_debug_slave_wrapper:the_BCDto7Seg_CPU_cpu_debug_slave_wrapper|BCDto7Seg_CPU_cpu_debug_slave_tck:the_BCDto7Seg_CPU_cpu_debug_slave_tck|sr[25]                                                                        ; BCDto7Seg:inst|BCDto7Seg_CPU:cpu|BCDto7Seg_CPU_cpu:cpu|BCDto7Seg_CPU_cpu_nios2_oci:the_BCDto7Seg_CPU_cpu_nios2_oci|BCDto7Seg_CPU_cpu_debug_slave_wrapper:the_BCDto7Seg_CPU_cpu_debug_slave_wrapper|BCDto7Seg_CPU_cpu_debug_slave_tck:the_BCDto7Seg_CPU_cpu_debug_slave_tck|sr[24]                                                                        ; altera_reserved_tck ; altera_reserved_tck ; 0.000        ; 0.080      ; 0.931      ;
; 0.666 ; sld_hub:auto_hub|alt_sld_fab_with_jtag_input:\instrumentation_fabric_with_node_gen:fabric_gen_new_way:with_jtag_input_gen:instrumentation_fabric|alt_sld_fab:instrumentation_fabric|alt_sld_fab_alt_sld_fab:alt_sld_fab|alt_sld_fab_alt_sld_fab_sldfabric:sldfabric|sld_jtag_hub:\jtag_hub_gen:real_sld_jtag_hub|sld_rom_sr:hub_info_reg|word_counter[2] ; sld_hub:auto_hub|alt_sld_fab_with_jtag_input:\instrumentation_fabric_with_node_gen:fabric_gen_new_way:with_jtag_input_gen:instrumentation_fabric|alt_sld_fab:instrumentation_fabric|alt_sld_fab_alt_sld_fab:alt_sld_fab|alt_sld_fab_alt_sld_fab_sldfabric:sldfabric|sld_jtag_hub:\jtag_hub_gen:real_sld_jtag_hub|sld_rom_sr:hub_info_reg|word_counter[2] ; altera_reserved_tck ; altera_reserved_tck ; 0.000        ; 0.080      ; 0.932      ;
; 0.666 ; sld_hub:auto_hub|alt_sld_fab_with_jtag_input:\instrumentation_fabric_with_node_gen:fabric_gen_new_way:with_jtag_input_gen:instrumentation_fabric|alt_sld_fab:instrumentation_fabric|alt_sld_fab_alt_sld_fab:alt_sld_fab|alt_sld_fab_alt_sld_fab_sldfabric:sldfabric|sld_jtag_hub:\jtag_hub_gen:real_sld_jtag_hub|sld_shadow_jsm:shadow_jsm|state[10]     ; sld_hub:auto_hub|alt_sld_fab_with_jtag_input:\instrumentation_fabric_with_node_gen:fabric_gen_new_way:with_jtag_input_gen:instrumentation_fabric|alt_sld_fab:instrumentation_fabric|alt_sld_fab_alt_sld_fab:alt_sld_fab|alt_sld_fab_alt_sld_fab_sldfabric:sldfabric|sld_jtag_hub:\jtag_hub_gen:real_sld_jtag_hub|sld_shadow_jsm:shadow_jsm|state[12]     ; altera_reserved_tck ; altera_reserved_tck ; 0.000        ; 0.080      ; 0.932      ;
; 0.666 ; BCDto7Seg:inst|BCDto7Seg_CPU:cpu|BCDto7Seg_CPU_cpu:cpu|BCDto7Seg_CPU_cpu_nios2_oci:the_BCDto7Seg_CPU_cpu_nios2_oci|BCDto7Seg_CPU_cpu_debug_slave_wrapper:the_BCDto7Seg_CPU_cpu_debug_slave_wrapper|BCDto7Seg_CPU_cpu_debug_slave_tck:the_BCDto7Seg_CPU_cpu_debug_slave_tck|sr[18]                                                                        ; BCDto7Seg:inst|BCDto7Seg_CPU:cpu|BCDto7Seg_CPU_cpu:cpu|BCDto7Seg_CPU_cpu_nios2_oci:the_BCDto7Seg_CPU_cpu_nios2_oci|BCDto7Seg_CPU_cpu_debug_slave_wrapper:the_BCDto7Seg_CPU_cpu_debug_slave_wrapper|BCDto7Seg_CPU_cpu_debug_slave_tck:the_BCDto7Seg_CPU_cpu_debug_slave_tck|sr[17]                                                                        ; altera_reserved_tck ; altera_reserved_tck ; 0.000        ; 0.080      ; 0.932      ;
; 0.667 ; BCDto7Seg:inst|BCDto7Seg_CPU:cpu|BCDto7Seg_CPU_cpu:cpu|BCDto7Seg_CPU_cpu_nios2_oci:the_BCDto7Seg_CPU_cpu_nios2_oci|BCDto7Seg_CPU_cpu_debug_slave_wrapper:the_BCDto7Seg_CPU_cpu_debug_slave_wrapper|BCDto7Seg_CPU_cpu_debug_slave_tck:the_BCDto7Seg_CPU_cpu_debug_slave_tck|sr[29]                                                                        ; BCDto7Seg:inst|BCDto7Seg_CPU:cpu|BCDto7Seg_CPU_cpu:cpu|BCDto7Seg_CPU_cpu_nios2_oci:the_BCDto7Seg_CPU_cpu_nios2_oci|BCDto7Seg_CPU_cpu_debug_slave_wrapper:the_BCDto7Seg_CPU_cpu_debug_slave_wrapper|BCDto7Seg_CPU_cpu_debug_slave_tck:the_BCDto7Seg_CPU_cpu_debug_slave_tck|sr[28]                                                                        ; altera_reserved_tck ; altera_reserved_tck ; 0.000        ; 0.080      ; 0.933      ;
; 0.671 ; sld_hub:auto_hub|alt_sld_fab_with_jtag_input:\instrumentation_fabric_with_node_gen:fabric_gen_new_way:with_jtag_input_gen:instrumentation_fabric|alt_sld_fab:instrumentation_fabric|alt_sld_fab_alt_sld_fab:alt_sld_fab|alt_sld_fab_alt_sld_fab_sldfabric:sldfabric|sld_jtag_hub:\jtag_hub_gen:real_sld_jtag_hub|sld_shadow_jsm:shadow_jsm|state[7]      ; sld_hub:auto_hub|alt_sld_fab_with_jtag_input:\instrumentation_fabric_with_node_gen:fabric_gen_new_way:with_jtag_input_gen:instrumentation_fabric|alt_sld_fab:instrumentation_fabric|alt_sld_fab_alt_sld_fab:alt_sld_fab|alt_sld_fab_alt_sld_fab_sldfabric:sldfabric|sld_jtag_hub:\jtag_hub_gen:real_sld_jtag_hub|reset_ena_reg                           ; altera_reserved_tck ; altera_reserved_tck ; 0.000        ; 0.080      ; 0.937      ;
; 0.673 ; sld_hub:auto_hub|alt_sld_fab_with_jtag_input:\instrumentation_fabric_with_node_gen:fabric_gen_new_way:with_jtag_input_gen:instrumentation_fabric|alt_sld_fab:instrumentation_fabric|alt_sld_fab_alt_sld_fab:alt_sld_fab|alt_sld_fab_alt_sld_fab_sldfabric:sldfabric|sld_jtag_hub:\jtag_hub_gen:real_sld_jtag_hub|sld_shadow_jsm:shadow_jsm|state[5]      ; sld_hub:auto_hub|alt_sld_fab_with_jtag_input:\instrumentation_fabric_with_node_gen:fabric_gen_new_way:with_jtag_input_gen:instrumentation_fabric|alt_sld_fab:instrumentation_fabric|alt_sld_fab_alt_sld_fab:alt_sld_fab|alt_sld_fab_alt_sld_fab_sldfabric:sldfabric|sld_jtag_hub:\jtag_hub_gen:real_sld_jtag_hub|reset_ena_reg                           ; altera_reserved_tck ; altera_reserved_tck ; 0.000        ; 0.080      ; 0.939      ;
; 0.674 ; sld_hub:auto_hub|alt_sld_fab_with_jtag_input:\instrumentation_fabric_with_node_gen:fabric_gen_new_way:with_jtag_input_gen:instrumentation_fabric|alt_sld_fab:instrumentation_fabric|alt_sld_fab_alt_sld_fab:alt_sld_fab|alt_sld_fab_alt_sld_fab_sldfabric:sldfabric|sld_jtag_hub:\jtag_hub_gen:real_sld_jtag_hub|sld_rom_sr:hub_info_reg|word_counter[3] ; sld_hub:auto_hub|alt_sld_fab_with_jtag_input:\instrumentation_fabric_with_node_gen:fabric_gen_new_way:with_jtag_input_gen:instrumentation_fabric|alt_sld_fab:instrumentation_fabric|alt_sld_fab_alt_sld_fab:alt_sld_fab|alt_sld_fab_alt_sld_fab_sldfabric:sldfabric|sld_jtag_hub:\jtag_hub_gen:real_sld_jtag_hub|sld_rom_sr:hub_info_reg|word_counter[3] ; altera_reserved_tck ; altera_reserved_tck ; 0.000        ; 0.080      ; 0.940      ;
; 0.681 ; sld_hub:auto_hub|alt_sld_fab_with_jtag_input:\instrumentation_fabric_with_node_gen:fabric_gen_new_way:with_jtag_input_gen:instrumentation_fabric|alt_sld_fab:instrumentation_fabric|alt_sld_fab_alt_sld_fab:alt_sld_fab|alt_sld_fab_alt_sld_fab_sldfabric:sldfabric|sld_jtag_hub:\jtag_hub_gen:real_sld_jtag_hub|sld_shadow_jsm:shadow_jsm|state[11]     ; sld_hub:auto_hub|alt_sld_fab_with_jtag_input:\instrumentation_fabric_with_node_gen:fabric_gen_new_way:with_jtag_input_gen:instrumentation_fabric|alt_sld_fab:instrumentation_fabric|alt_sld_fab_alt_sld_fab:alt_sld_fab|alt_sld_fab_alt_sld_fab_sldfabric:sldfabric|sld_jtag_hub:\jtag_hub_gen:real_sld_jtag_hub|sld_shadow_jsm:shadow_jsm|state[12]     ; altera_reserved_tck ; altera_reserved_tck ; 0.000        ; 0.080      ; 0.947      ;
; 0.687 ; sld_hub:auto_hub|alt_sld_fab_with_jtag_input:\instrumentation_fabric_with_node_gen:fabric_gen_new_way:with_jtag_input_gen:instrumentation_fabric|alt_sld_fab:instrumentation_fabric|alt_sld_fab_alt_sld_fab:alt_sld_fab|alt_sld_fab_alt_sld_fab_sldfabric:sldfabric|sld_jtag_hub:\jtag_hub_gen:real_sld_jtag_hub|sld_shadow_jsm:shadow_jsm|state[15]     ; sld_hub:auto_hub|alt_sld_fab_with_jtag_input:\instrumentation_fabric_with_node_gen:fabric_gen_new_way:with_jtag_input_gen:instrumentation_fabric|alt_sld_fab:instrumentation_fabric|alt_sld_fab_alt_sld_fab:alt_sld_fab|alt_sld_fab_alt_sld_fab_sldfabric:sldfabric|sld_jtag_hub:\jtag_hub_gen:real_sld_jtag_hub|sld_shadow_jsm:shadow_jsm|state[1]      ; altera_reserved_tck ; altera_reserved_tck ; 0.000        ; 0.080      ; 0.953      ;
; 0.688 ; sld_hub:auto_hub|alt_sld_fab_with_jtag_input:\instrumentation_fabric_with_node_gen:fabric_gen_new_way:with_jtag_input_gen:instrumentation_fabric|alt_sld_fab:instrumentation_fabric|alt_sld_fab_alt_sld_fab:alt_sld_fab|alt_sld_fab_alt_sld_fab_sldfabric:sldfabric|sld_jtag_hub:\jtag_hub_gen:real_sld_jtag_hub|sld_shadow_jsm:shadow_jsm|state[12]     ; sld_hub:auto_hub|alt_sld_fab_with_jtag_input:\instrumentation_fabric_with_node_gen:fabric_gen_new_way:with_jtag_input_gen:instrumentation_fabric|alt_sld_fab:instrumentation_fabric|alt_sld_fab_alt_sld_fab:alt_sld_fab|alt_sld_fab_alt_sld_fab_sldfabric:sldfabric|sld_jtag_hub:\jtag_hub_gen:real_sld_jtag_hub|sld_shadow_jsm:shadow_jsm|state[15]     ; altera_reserved_tck ; altera_reserved_tck ; 0.000        ; 0.080      ; 0.954      ;
; 0.689 ; sld_hub:auto_hub|alt_sld_fab_with_jtag_input:\instrumentation_fabric_with_node_gen:fabric_gen_new_way:with_jtag_input_gen:instrumentation_fabric|alt_sld_fab:instrumentation_fabric|alt_sld_fab_alt_sld_fab:alt_sld_fab|alt_sld_fab_alt_sld_fab_sldfabric:sldfabric|sld_jtag_hub:\jtag_hub_gen:real_sld_jtag_hub|sld_rom_sr:hub_info_reg|word_counter[1] ; sld_hub:auto_hub|alt_sld_fab_with_jtag_input:\instrumentation_fabric_with_node_gen:fabric_gen_new_way:with_jtag_input_gen:instrumentation_fabric|alt_sld_fab:instrumentation_fabric|alt_sld_fab_alt_sld_fab:alt_sld_fab|alt_sld_fab_alt_sld_fab_sldfabric:sldfabric|sld_jtag_hub:\jtag_hub_gen:real_sld_jtag_hub|sld_rom_sr:hub_info_reg|word_counter[1] ; altera_reserved_tck ; altera_reserved_tck ; 0.000        ; 0.080      ; 0.955      ;
; 0.695 ; sld_hub:auto_hub|alt_sld_fab_with_jtag_input:\instrumentation_fabric_with_node_gen:fabric_gen_new_way:with_jtag_input_gen:instrumentation_fabric|alt_sld_fab:instrumentation_fabric|alt_sld_fab_alt_sld_fab:alt_sld_fab|alt_sld_fab_alt_sld_fab_sldfabric:sldfabric|sld_jtag_hub:\jtag_hub_gen:real_sld_jtag_hub|sld_rom_sr:hub_info_reg|word_counter[0] ; sld_hub:auto_hub|alt_sld_fab_with_jtag_input:\instrumentation_fabric_with_node_gen:fabric_gen_new_way:with_jtag_input_gen:instrumentation_fabric|alt_sld_fab:instrumentation_fabric|alt_sld_fab_alt_sld_fab:alt_sld_fab|alt_sld_fab_alt_sld_fab_sldfabric:sldfabric|sld_jtag_hub:\jtag_hub_gen:real_sld_jtag_hub|sld_rom_sr:hub_info_reg|word_counter[0] ; altera_reserved_tck ; altera_reserved_tck ; 0.000        ; 0.080      ; 0.961      ;
+-------+----------------------------------------------------------------------------------------------------------------------------------------------------------------------------------------------------------------------------------------------------------------------------------------------------------------------------------------------------------+----------------------------------------------------------------------------------------------------------------------------------------------------------------------------------------------------------------------------------------------------------------------------------------------------------------------------------------------------------+---------------------+---------------------+--------------+------------+------------+


+------------------------------------------------------------------------------------------------------------------------------------------------------------------------------------------------------------------------------------------------------------------------------------------------------------------------------------------------------------------------------------------------------------------------------------------------------------------------------------------------------------------------------------------------------------------------------------------------------------------------------------------------------------------------------------------------------------------------------------------------------------------------------------------------+
; Slow 1200mV 85C Model Recovery: 'altera_reserved_tck'                                                                                                                                                                                                                                                                                                                                                                                                                                                                                                                                                                                                                                                                                                                                          ;
+--------+-----------------------------------------------------------------------------------------------------------------------------------------------------------------------------------------------------------------------------------------------------------------------------------------------------------------------------------------------------+--------------------------------------------------------------------------------------------------------------------------------------------------------------------------------------------------------------------------------------------------------------------------------------------------------------------------------------------+---------------------+---------------------+--------------+------------+------------+
; Slack  ; From Node                                                                                                                                                                                                                                                                                                                                           ; To Node                                                                                                                                                                                                                                                                                                                                    ; Launch Clock        ; Latch Clock         ; Relationship ; Clock Skew ; Data Delay ;
+--------+-----------------------------------------------------------------------------------------------------------------------------------------------------------------------------------------------------------------------------------------------------------------------------------------------------------------------------------------------------+--------------------------------------------------------------------------------------------------------------------------------------------------------------------------------------------------------------------------------------------------------------------------------------------------------------------------------------------+---------------------+---------------------+--------------+------------+------------+
; 97.759 ; sld_hub:auto_hub|alt_sld_fab_with_jtag_input:\instrumentation_fabric_with_node_gen:fabric_gen_new_way:with_jtag_input_gen:instrumentation_fabric|alt_sld_fab:instrumentation_fabric|alt_sld_fab_alt_sld_fab:alt_sld_fab|alt_sld_fab_alt_sld_fab_sldfabric:sldfabric|sld_jtag_hub:\jtag_hub_gen:real_sld_jtag_hub|sld_shadow_jsm:shadow_jsm|state[0] ; sld_hub:auto_hub|alt_sld_fab_with_jtag_input:\instrumentation_fabric_with_node_gen:fabric_gen_new_way:with_jtag_input_gen:instrumentation_fabric|alt_sld_fab:instrumentation_fabric|alt_sld_fab_alt_sld_fab:alt_sld_fab|alt_sld_fab_alt_sld_fab_sldfabric:sldfabric|sld_jtag_hub:\jtag_hub_gen:real_sld_jtag_hub|virtual_dr_scan_reg       ; altera_reserved_tck ; altera_reserved_tck ; 100.000      ; -0.078     ; 2.181      ;
; 97.759 ; sld_hub:auto_hub|alt_sld_fab_with_jtag_input:\instrumentation_fabric_with_node_gen:fabric_gen_new_way:with_jtag_input_gen:instrumentation_fabric|alt_sld_fab:instrumentation_fabric|alt_sld_fab_alt_sld_fab:alt_sld_fab|alt_sld_fab_alt_sld_fab_sldfabric:sldfabric|sld_jtag_hub:\jtag_hub_gen:real_sld_jtag_hub|sld_shadow_jsm:shadow_jsm|state[0] ; sld_hub:auto_hub|alt_sld_fab_with_jtag_input:\instrumentation_fabric_with_node_gen:fabric_gen_new_way:with_jtag_input_gen:instrumentation_fabric|alt_sld_fab:instrumentation_fabric|alt_sld_fab_alt_sld_fab:alt_sld_fab|alt_sld_fab_alt_sld_fab_sldfabric:sldfabric|sld_jtag_hub:\jtag_hub_gen:real_sld_jtag_hub|virtual_ir_scan_reg       ; altera_reserved_tck ; altera_reserved_tck ; 100.000      ; -0.078     ; 2.181      ;
; 97.759 ; sld_hub:auto_hub|alt_sld_fab_with_jtag_input:\instrumentation_fabric_with_node_gen:fabric_gen_new_way:with_jtag_input_gen:instrumentation_fabric|alt_sld_fab:instrumentation_fabric|alt_sld_fab_alt_sld_fab:alt_sld_fab|alt_sld_fab_alt_sld_fab_sldfabric:sldfabric|sld_jtag_hub:\jtag_hub_gen:real_sld_jtag_hub|sld_shadow_jsm:shadow_jsm|state[0] ; sld_hub:auto_hub|alt_sld_fab_with_jtag_input:\instrumentation_fabric_with_node_gen:fabric_gen_new_way:with_jtag_input_gen:instrumentation_fabric|alt_sld_fab:instrumentation_fabric|alt_sld_fab_alt_sld_fab:alt_sld_fab|alt_sld_fab_alt_sld_fab_sldfabric:sldfabric|sld_jtag_hub:\jtag_hub_gen:real_sld_jtag_hub|jtag_ir_reg[0]            ; altera_reserved_tck ; altera_reserved_tck ; 100.000      ; -0.078     ; 2.181      ;
; 97.759 ; sld_hub:auto_hub|alt_sld_fab_with_jtag_input:\instrumentation_fabric_with_node_gen:fabric_gen_new_way:with_jtag_input_gen:instrumentation_fabric|alt_sld_fab:instrumentation_fabric|alt_sld_fab_alt_sld_fab:alt_sld_fab|alt_sld_fab_alt_sld_fab_sldfabric:sldfabric|sld_jtag_hub:\jtag_hub_gen:real_sld_jtag_hub|sld_shadow_jsm:shadow_jsm|state[0] ; sld_hub:auto_hub|alt_sld_fab_with_jtag_input:\instrumentation_fabric_with_node_gen:fabric_gen_new_way:with_jtag_input_gen:instrumentation_fabric|alt_sld_fab:instrumentation_fabric|alt_sld_fab_alt_sld_fab:alt_sld_fab|alt_sld_fab_alt_sld_fab_sldfabric:sldfabric|sld_jtag_hub:\jtag_hub_gen:real_sld_jtag_hub|jtag_ir_reg[1]            ; altera_reserved_tck ; altera_reserved_tck ; 100.000      ; -0.078     ; 2.181      ;
; 97.759 ; sld_hub:auto_hub|alt_sld_fab_with_jtag_input:\instrumentation_fabric_with_node_gen:fabric_gen_new_way:with_jtag_input_gen:instrumentation_fabric|alt_sld_fab:instrumentation_fabric|alt_sld_fab_alt_sld_fab:alt_sld_fab|alt_sld_fab_alt_sld_fab_sldfabric:sldfabric|sld_jtag_hub:\jtag_hub_gen:real_sld_jtag_hub|sld_shadow_jsm:shadow_jsm|state[0] ; sld_hub:auto_hub|alt_sld_fab_with_jtag_input:\instrumentation_fabric_with_node_gen:fabric_gen_new_way:with_jtag_input_gen:instrumentation_fabric|alt_sld_fab:instrumentation_fabric|alt_sld_fab_alt_sld_fab:alt_sld_fab|alt_sld_fab_alt_sld_fab_sldfabric:sldfabric|sld_jtag_hub:\jtag_hub_gen:real_sld_jtag_hub|jtag_ir_reg[2]            ; altera_reserved_tck ; altera_reserved_tck ; 100.000      ; -0.078     ; 2.181      ;
; 97.759 ; sld_hub:auto_hub|alt_sld_fab_with_jtag_input:\instrumentation_fabric_with_node_gen:fabric_gen_new_way:with_jtag_input_gen:instrumentation_fabric|alt_sld_fab:instrumentation_fabric|alt_sld_fab_alt_sld_fab:alt_sld_fab|alt_sld_fab_alt_sld_fab_sldfabric:sldfabric|sld_jtag_hub:\jtag_hub_gen:real_sld_jtag_hub|sld_shadow_jsm:shadow_jsm|state[0] ; sld_hub:auto_hub|alt_sld_fab_with_jtag_input:\instrumentation_fabric_with_node_gen:fabric_gen_new_way:with_jtag_input_gen:instrumentation_fabric|alt_sld_fab:instrumentation_fabric|alt_sld_fab_alt_sld_fab:alt_sld_fab|alt_sld_fab_alt_sld_fab_sldfabric:sldfabric|sld_jtag_hub:\jtag_hub_gen:real_sld_jtag_hub|jtag_ir_reg[3]            ; altera_reserved_tck ; altera_reserved_tck ; 100.000      ; -0.078     ; 2.181      ;
; 97.759 ; sld_hub:auto_hub|alt_sld_fab_with_jtag_input:\instrumentation_fabric_with_node_gen:fabric_gen_new_way:with_jtag_input_gen:instrumentation_fabric|alt_sld_fab:instrumentation_fabric|alt_sld_fab_alt_sld_fab:alt_sld_fab|alt_sld_fab_alt_sld_fab_sldfabric:sldfabric|sld_jtag_hub:\jtag_hub_gen:real_sld_jtag_hub|sld_shadow_jsm:shadow_jsm|state[0] ; sld_hub:auto_hub|alt_sld_fab_with_jtag_input:\instrumentation_fabric_with_node_gen:fabric_gen_new_way:with_jtag_input_gen:instrumentation_fabric|alt_sld_fab:instrumentation_fabric|alt_sld_fab_alt_sld_fab:alt_sld_fab|alt_sld_fab_alt_sld_fab_sldfabric:sldfabric|sld_jtag_hub:\jtag_hub_gen:real_sld_jtag_hub|jtag_ir_reg[4]            ; altera_reserved_tck ; altera_reserved_tck ; 100.000      ; -0.078     ; 2.181      ;
; 97.759 ; sld_hub:auto_hub|alt_sld_fab_with_jtag_input:\instrumentation_fabric_with_node_gen:fabric_gen_new_way:with_jtag_input_gen:instrumentation_fabric|alt_sld_fab:instrumentation_fabric|alt_sld_fab_alt_sld_fab:alt_sld_fab|alt_sld_fab_alt_sld_fab_sldfabric:sldfabric|sld_jtag_hub:\jtag_hub_gen:real_sld_jtag_hub|sld_shadow_jsm:shadow_jsm|state[0] ; sld_hub:auto_hub|alt_sld_fab_with_jtag_input:\instrumentation_fabric_with_node_gen:fabric_gen_new_way:with_jtag_input_gen:instrumentation_fabric|alt_sld_fab:instrumentation_fabric|alt_sld_fab_alt_sld_fab:alt_sld_fab|alt_sld_fab_alt_sld_fab_sldfabric:sldfabric|sld_jtag_hub:\jtag_hub_gen:real_sld_jtag_hub|jtag_ir_reg[5]            ; altera_reserved_tck ; altera_reserved_tck ; 100.000      ; -0.078     ; 2.181      ;
; 97.759 ; sld_hub:auto_hub|alt_sld_fab_with_jtag_input:\instrumentation_fabric_with_node_gen:fabric_gen_new_way:with_jtag_input_gen:instrumentation_fabric|alt_sld_fab:instrumentation_fabric|alt_sld_fab_alt_sld_fab:alt_sld_fab|alt_sld_fab_alt_sld_fab_sldfabric:sldfabric|sld_jtag_hub:\jtag_hub_gen:real_sld_jtag_hub|sld_shadow_jsm:shadow_jsm|state[0] ; sld_hub:auto_hub|alt_sld_fab_with_jtag_input:\instrumentation_fabric_with_node_gen:fabric_gen_new_way:with_jtag_input_gen:instrumentation_fabric|alt_sld_fab:instrumentation_fabric|alt_sld_fab_alt_sld_fab:alt_sld_fab|alt_sld_fab_alt_sld_fab_sldfabric:sldfabric|sld_jtag_hub:\jtag_hub_gen:real_sld_jtag_hub|jtag_ir_reg[6]            ; altera_reserved_tck ; altera_reserved_tck ; 100.000      ; -0.078     ; 2.181      ;
; 97.759 ; sld_hub:auto_hub|alt_sld_fab_with_jtag_input:\instrumentation_fabric_with_node_gen:fabric_gen_new_way:with_jtag_input_gen:instrumentation_fabric|alt_sld_fab:instrumentation_fabric|alt_sld_fab_alt_sld_fab:alt_sld_fab|alt_sld_fab_alt_sld_fab_sldfabric:sldfabric|sld_jtag_hub:\jtag_hub_gen:real_sld_jtag_hub|sld_shadow_jsm:shadow_jsm|state[0] ; sld_hub:auto_hub|alt_sld_fab_with_jtag_input:\instrumentation_fabric_with_node_gen:fabric_gen_new_way:with_jtag_input_gen:instrumentation_fabric|alt_sld_fab:instrumentation_fabric|alt_sld_fab_alt_sld_fab:alt_sld_fab|alt_sld_fab_alt_sld_fab_sldfabric:sldfabric|sld_jtag_hub:\jtag_hub_gen:real_sld_jtag_hub|jtag_ir_reg[7]            ; altera_reserved_tck ; altera_reserved_tck ; 100.000      ; -0.078     ; 2.181      ;
; 97.759 ; sld_hub:auto_hub|alt_sld_fab_with_jtag_input:\instrumentation_fabric_with_node_gen:fabric_gen_new_way:with_jtag_input_gen:instrumentation_fabric|alt_sld_fab:instrumentation_fabric|alt_sld_fab_alt_sld_fab:alt_sld_fab|alt_sld_fab_alt_sld_fab_sldfabric:sldfabric|sld_jtag_hub:\jtag_hub_gen:real_sld_jtag_hub|sld_shadow_jsm:shadow_jsm|state[0] ; sld_hub:auto_hub|alt_sld_fab_with_jtag_input:\instrumentation_fabric_with_node_gen:fabric_gen_new_way:with_jtag_input_gen:instrumentation_fabric|alt_sld_fab:instrumentation_fabric|alt_sld_fab_alt_sld_fab:alt_sld_fab|alt_sld_fab_alt_sld_fab_sldfabric:sldfabric|sld_jtag_hub:\jtag_hub_gen:real_sld_jtag_hub|jtag_ir_reg[8]            ; altera_reserved_tck ; altera_reserved_tck ; 100.000      ; -0.078     ; 2.181      ;
; 97.759 ; sld_hub:auto_hub|alt_sld_fab_with_jtag_input:\instrumentation_fabric_with_node_gen:fabric_gen_new_way:with_jtag_input_gen:instrumentation_fabric|alt_sld_fab:instrumentation_fabric|alt_sld_fab_alt_sld_fab:alt_sld_fab|alt_sld_fab_alt_sld_fab_sldfabric:sldfabric|sld_jtag_hub:\jtag_hub_gen:real_sld_jtag_hub|sld_shadow_jsm:shadow_jsm|state[0] ; sld_hub:auto_hub|alt_sld_fab_with_jtag_input:\instrumentation_fabric_with_node_gen:fabric_gen_new_way:with_jtag_input_gen:instrumentation_fabric|alt_sld_fab:instrumentation_fabric|alt_sld_fab_alt_sld_fab:alt_sld_fab|alt_sld_fab_alt_sld_fab_sldfabric:sldfabric|sld_jtag_hub:\jtag_hub_gen:real_sld_jtag_hub|jtag_ir_reg[9]            ; altera_reserved_tck ; altera_reserved_tck ; 100.000      ; -0.078     ; 2.181      ;
; 97.822 ; sld_hub:auto_hub|alt_sld_fab_with_jtag_input:\instrumentation_fabric_with_node_gen:fabric_gen_new_way:with_jtag_input_gen:instrumentation_fabric|alt_sld_fab:instrumentation_fabric|alt_sld_fab_alt_sld_fab:alt_sld_fab|alt_sld_fab_alt_sld_fab_sldfabric:sldfabric|sld_jtag_hub:\jtag_hub_gen:real_sld_jtag_hub|clr_reg                            ; sld_hub:auto_hub|alt_sld_fab_with_jtag_input:\instrumentation_fabric_with_node_gen:fabric_gen_new_way:with_jtag_input_gen:instrumentation_fabric|alt_sld_fab:instrumentation_fabric|alt_sld_fab_alt_sld_fab:alt_sld_fab|splitter_nodes_receive_0[3]                                                                                        ; altera_reserved_tck ; altera_reserved_tck ; 100.000      ; -0.083     ; 2.113      ;
; 97.822 ; sld_hub:auto_hub|alt_sld_fab_with_jtag_input:\instrumentation_fabric_with_node_gen:fabric_gen_new_way:with_jtag_input_gen:instrumentation_fabric|alt_sld_fab:instrumentation_fabric|alt_sld_fab_alt_sld_fab:alt_sld_fab|alt_sld_fab_alt_sld_fab_sldfabric:sldfabric|sld_jtag_hub:\jtag_hub_gen:real_sld_jtag_hub|clr_reg                            ; sld_hub:auto_hub|alt_sld_fab_with_jtag_input:\instrumentation_fabric_with_node_gen:fabric_gen_new_way:with_jtag_input_gen:instrumentation_fabric|alt_sld_fab:instrumentation_fabric|alt_sld_fab_alt_sld_fab:alt_sld_fab|alt_sld_fab_alt_sld_fab_sldfabric:sldfabric|sld_jtag_hub:\jtag_hub_gen:real_sld_jtag_hub|irf_reg[1][0]             ; altera_reserved_tck ; altera_reserved_tck ; 100.000      ; -0.083     ; 2.113      ;
; 97.822 ; sld_hub:auto_hub|alt_sld_fab_with_jtag_input:\instrumentation_fabric_with_node_gen:fabric_gen_new_way:with_jtag_input_gen:instrumentation_fabric|alt_sld_fab:instrumentation_fabric|alt_sld_fab_alt_sld_fab:alt_sld_fab|alt_sld_fab_alt_sld_fab_sldfabric:sldfabric|sld_jtag_hub:\jtag_hub_gen:real_sld_jtag_hub|clr_reg                            ; sld_hub:auto_hub|alt_sld_fab_with_jtag_input:\instrumentation_fabric_with_node_gen:fabric_gen_new_way:with_jtag_input_gen:instrumentation_fabric|alt_sld_fab:instrumentation_fabric|alt_sld_fab_alt_sld_fab:alt_sld_fab|alt_sld_fab_alt_sld_fab_sldfabric:sldfabric|sld_jtag_hub:\jtag_hub_gen:real_sld_jtag_hub|irf_reg[1][1]             ; altera_reserved_tck ; altera_reserved_tck ; 100.000      ; -0.083     ; 2.113      ;
; 97.870 ; sld_hub:auto_hub|alt_sld_fab_with_jtag_input:\instrumentation_fabric_with_node_gen:fabric_gen_new_way:with_jtag_input_gen:instrumentation_fabric|alt_sld_fab:instrumentation_fabric|alt_sld_fab_alt_sld_fab:alt_sld_fab|alt_sld_fab_alt_sld_fab_sldfabric:sldfabric|sld_jtag_hub:\jtag_hub_gen:real_sld_jtag_hub|clr_reg                            ; sld_hub:auto_hub|alt_sld_fab_with_jtag_input:\instrumentation_fabric_with_node_gen:fabric_gen_new_way:with_jtag_input_gen:instrumentation_fabric|alt_sld_fab:instrumentation_fabric|alt_sld_fab_alt_sld_fab:alt_sld_fab|alt_sld_fab_alt_sld_fab_sldfabric:sldfabric|sld_jtag_hub:\jtag_hub_gen:real_sld_jtag_hub|hub_mode_reg[0]           ; altera_reserved_tck ; altera_reserved_tck ; 100.000      ; -0.082     ; 2.066      ;
; 97.870 ; sld_hub:auto_hub|alt_sld_fab_with_jtag_input:\instrumentation_fabric_with_node_gen:fabric_gen_new_way:with_jtag_input_gen:instrumentation_fabric|alt_sld_fab:instrumentation_fabric|alt_sld_fab_alt_sld_fab:alt_sld_fab|alt_sld_fab_alt_sld_fab_sldfabric:sldfabric|sld_jtag_hub:\jtag_hub_gen:real_sld_jtag_hub|clr_reg                            ; sld_hub:auto_hub|alt_sld_fab_with_jtag_input:\instrumentation_fabric_with_node_gen:fabric_gen_new_way:with_jtag_input_gen:instrumentation_fabric|alt_sld_fab:instrumentation_fabric|alt_sld_fab_alt_sld_fab:alt_sld_fab|alt_sld_fab_alt_sld_fab_sldfabric:sldfabric|sld_jtag_hub:\jtag_hub_gen:real_sld_jtag_hub|virtual_ir_tdo_sel_reg[0] ; altera_reserved_tck ; altera_reserved_tck ; 100.000      ; -0.082     ; 2.066      ;
; 98.012 ; sld_hub:auto_hub|alt_sld_fab_with_jtag_input:\instrumentation_fabric_with_node_gen:fabric_gen_new_way:with_jtag_input_gen:instrumentation_fabric|alt_sld_fab:instrumentation_fabric|alt_sld_fab_alt_sld_fab:alt_sld_fab|alt_sld_fab_alt_sld_fab_sldfabric:sldfabric|sld_jtag_hub:\jtag_hub_gen:real_sld_jtag_hub|clr_reg                            ; sld_hub:auto_hub|alt_sld_fab_with_jtag_input:\instrumentation_fabric_with_node_gen:fabric_gen_new_way:with_jtag_input_gen:instrumentation_fabric|alt_sld_fab:instrumentation_fabric|alt_sld_fab_alt_sld_fab:alt_sld_fab|alt_sld_fab_alt_sld_fab_sldfabric:sldfabric|sld_jtag_hub:\jtag_hub_gen:real_sld_jtag_hub|irsr_reg[3]               ; altera_reserved_tck ; altera_reserved_tck ; 100.000      ; -0.081     ; 1.925      ;
; 98.012 ; sld_hub:auto_hub|alt_sld_fab_with_jtag_input:\instrumentation_fabric_with_node_gen:fabric_gen_new_way:with_jtag_input_gen:instrumentation_fabric|alt_sld_fab:instrumentation_fabric|alt_sld_fab_alt_sld_fab:alt_sld_fab|alt_sld_fab_alt_sld_fab_sldfabric:sldfabric|sld_jtag_hub:\jtag_hub_gen:real_sld_jtag_hub|clr_reg                            ; sld_hub:auto_hub|alt_sld_fab_with_jtag_input:\instrumentation_fabric_with_node_gen:fabric_gen_new_way:with_jtag_input_gen:instrumentation_fabric|alt_sld_fab:instrumentation_fabric|alt_sld_fab_alt_sld_fab:alt_sld_fab|alt_sld_fab_alt_sld_fab_sldfabric:sldfabric|sld_jtag_hub:\jtag_hub_gen:real_sld_jtag_hub|irsr_reg[0]               ; altera_reserved_tck ; altera_reserved_tck ; 100.000      ; -0.081     ; 1.925      ;
; 98.012 ; sld_hub:auto_hub|alt_sld_fab_with_jtag_input:\instrumentation_fabric_with_node_gen:fabric_gen_new_way:with_jtag_input_gen:instrumentation_fabric|alt_sld_fab:instrumentation_fabric|alt_sld_fab_alt_sld_fab:alt_sld_fab|alt_sld_fab_alt_sld_fab_sldfabric:sldfabric|sld_jtag_hub:\jtag_hub_gen:real_sld_jtag_hub|clr_reg                            ; sld_hub:auto_hub|alt_sld_fab_with_jtag_input:\instrumentation_fabric_with_node_gen:fabric_gen_new_way:with_jtag_input_gen:instrumentation_fabric|alt_sld_fab:instrumentation_fabric|alt_sld_fab_alt_sld_fab:alt_sld_fab|alt_sld_fab_alt_sld_fab_sldfabric:sldfabric|sld_jtag_hub:\jtag_hub_gen:real_sld_jtag_hub|irsr_reg[1]               ; altera_reserved_tck ; altera_reserved_tck ; 100.000      ; -0.081     ; 1.925      ;
; 98.012 ; sld_hub:auto_hub|alt_sld_fab_with_jtag_input:\instrumentation_fabric_with_node_gen:fabric_gen_new_way:with_jtag_input_gen:instrumentation_fabric|alt_sld_fab:instrumentation_fabric|alt_sld_fab_alt_sld_fab:alt_sld_fab|alt_sld_fab_alt_sld_fab_sldfabric:sldfabric|sld_jtag_hub:\jtag_hub_gen:real_sld_jtag_hub|clr_reg                            ; sld_hub:auto_hub|alt_sld_fab_with_jtag_input:\instrumentation_fabric_with_node_gen:fabric_gen_new_way:with_jtag_input_gen:instrumentation_fabric|alt_sld_fab:instrumentation_fabric|alt_sld_fab_alt_sld_fab:alt_sld_fab|alt_sld_fab_alt_sld_fab_sldfabric:sldfabric|sld_jtag_hub:\jtag_hub_gen:real_sld_jtag_hub|irsr_reg[2]               ; altera_reserved_tck ; altera_reserved_tck ; 100.000      ; -0.081     ; 1.925      ;
; 98.012 ; sld_hub:auto_hub|alt_sld_fab_with_jtag_input:\instrumentation_fabric_with_node_gen:fabric_gen_new_way:with_jtag_input_gen:instrumentation_fabric|alt_sld_fab:instrumentation_fabric|alt_sld_fab_alt_sld_fab:alt_sld_fab|alt_sld_fab_alt_sld_fab_sldfabric:sldfabric|sld_jtag_hub:\jtag_hub_gen:real_sld_jtag_hub|clr_reg                            ; sld_hub:auto_hub|alt_sld_fab_with_jtag_input:\instrumentation_fabric_with_node_gen:fabric_gen_new_way:with_jtag_input_gen:instrumentation_fabric|alt_sld_fab:instrumentation_fabric|alt_sld_fab_alt_sld_fab:alt_sld_fab|alt_sld_fab_alt_sld_fab_sldfabric:sldfabric|sld_jtag_hub:\jtag_hub_gen:real_sld_jtag_hub|irsr_reg[4]               ; altera_reserved_tck ; altera_reserved_tck ; 100.000      ; -0.081     ; 1.925      ;
; 98.020 ; sld_hub:auto_hub|alt_sld_fab_with_jtag_input:\instrumentation_fabric_with_node_gen:fabric_gen_new_way:with_jtag_input_gen:instrumentation_fabric|alt_sld_fab:instrumentation_fabric|alt_sld_fab_alt_sld_fab:alt_sld_fab|alt_sld_fab_alt_sld_fab_sldfabric:sldfabric|sld_jtag_hub:\jtag_hub_gen:real_sld_jtag_hub|virtual_ir_scan_reg                ; sld_hub:auto_hub|alt_sld_fab_with_jtag_input:\instrumentation_fabric_with_node_gen:fabric_gen_new_way:with_jtag_input_gen:instrumentation_fabric|alt_sld_fab:instrumentation_fabric|alt_sld_fab_alt_sld_fab:alt_sld_fab|alt_sld_fab_alt_sld_fab_sldfabric:sldfabric|sld_jtag_hub:\jtag_hub_gen:real_sld_jtag_hub|hub_mode_reg[2]           ; altera_reserved_tck ; altera_reserved_tck ; 100.000      ; -0.079     ; 1.919      ;
; 98.050 ; sld_hub:auto_hub|alt_sld_fab_with_jtag_input:\instrumentation_fabric_with_node_gen:fabric_gen_new_way:with_jtag_input_gen:instrumentation_fabric|alt_sld_fab:instrumentation_fabric|alt_sld_fab_alt_sld_fab:alt_sld_fab|alt_sld_fab_alt_sld_fab_sldfabric:sldfabric|sld_jtag_hub:\jtag_hub_gen:real_sld_jtag_hub|clr_reg                            ; sld_hub:auto_hub|alt_sld_fab_with_jtag_input:\instrumentation_fabric_with_node_gen:fabric_gen_new_way:with_jtag_input_gen:instrumentation_fabric|alt_sld_fab:instrumentation_fabric|alt_sld_fab_alt_sld_fab:alt_sld_fab|alt_sld_fab_alt_sld_fab_sldfabric:sldfabric|sld_jtag_hub:\jtag_hub_gen:real_sld_jtag_hub|hub_mode_reg[1]           ; altera_reserved_tck ; altera_reserved_tck ; 100.000      ; -0.082     ; 1.886      ;
+--------+-----------------------------------------------------------------------------------------------------------------------------------------------------------------------------------------------------------------------------------------------------------------------------------------------------------------------------------------------------+--------------------------------------------------------------------------------------------------------------------------------------------------------------------------------------------------------------------------------------------------------------------------------------------------------------------------------------------+---------------------+---------------------+--------------+------------+------------+


+-----------------------------------------------------------------------------------------------------------------------------------------------------------------------------------------------------------------------------------------------------------------------------------------------------------------------------------------------------------------------------------------------------------------------------------------------------------------------------------------------------------------------------------------------------------------------------------------------------------------------------------------------------------------------------------------------------------------------------------------------------------------------------------------------+
; Slow 1200mV 85C Model Removal: 'altera_reserved_tck'                                                                                                                                                                                                                                                                                                                                                                                                                                                                                                                                                                                                                                                                                                                                          ;
+-------+-----------------------------------------------------------------------------------------------------------------------------------------------------------------------------------------------------------------------------------------------------------------------------------------------------------------------------------------------------+--------------------------------------------------------------------------------------------------------------------------------------------------------------------------------------------------------------------------------------------------------------------------------------------------------------------------------------------+---------------------+---------------------+--------------+------------+------------+
; Slack ; From Node                                                                                                                                                                                                                                                                                                                                           ; To Node                                                                                                                                                                                                                                                                                                                                    ; Launch Clock        ; Latch Clock         ; Relationship ; Clock Skew ; Data Delay ;
+-------+-----------------------------------------------------------------------------------------------------------------------------------------------------------------------------------------------------------------------------------------------------------------------------------------------------------------------------------------------------+--------------------------------------------------------------------------------------------------------------------------------------------------------------------------------------------------------------------------------------------------------------------------------------------------------------------------------------------+---------------------+---------------------+--------------+------------+------------+
; 1.485 ; sld_hub:auto_hub|alt_sld_fab_with_jtag_input:\instrumentation_fabric_with_node_gen:fabric_gen_new_way:with_jtag_input_gen:instrumentation_fabric|alt_sld_fab:instrumentation_fabric|alt_sld_fab_alt_sld_fab:alt_sld_fab|alt_sld_fab_alt_sld_fab_sldfabric:sldfabric|sld_jtag_hub:\jtag_hub_gen:real_sld_jtag_hub|clr_reg                            ; sld_hub:auto_hub|alt_sld_fab_with_jtag_input:\instrumentation_fabric_with_node_gen:fabric_gen_new_way:with_jtag_input_gen:instrumentation_fabric|alt_sld_fab:instrumentation_fabric|alt_sld_fab_alt_sld_fab:alt_sld_fab|alt_sld_fab_alt_sld_fab_sldfabric:sldfabric|sld_jtag_hub:\jtag_hub_gen:real_sld_jtag_hub|hub_mode_reg[1]           ; altera_reserved_tck ; altera_reserved_tck ; 0.000        ; 0.078      ; 1.749      ;
; 1.510 ; sld_hub:auto_hub|alt_sld_fab_with_jtag_input:\instrumentation_fabric_with_node_gen:fabric_gen_new_way:with_jtag_input_gen:instrumentation_fabric|alt_sld_fab:instrumentation_fabric|alt_sld_fab_alt_sld_fab:alt_sld_fab|alt_sld_fab_alt_sld_fab_sldfabric:sldfabric|sld_jtag_hub:\jtag_hub_gen:real_sld_jtag_hub|virtual_ir_scan_reg                ; sld_hub:auto_hub|alt_sld_fab_with_jtag_input:\instrumentation_fabric_with_node_gen:fabric_gen_new_way:with_jtag_input_gen:instrumentation_fabric|alt_sld_fab:instrumentation_fabric|alt_sld_fab_alt_sld_fab:alt_sld_fab|alt_sld_fab_alt_sld_fab_sldfabric:sldfabric|sld_jtag_hub:\jtag_hub_gen:real_sld_jtag_hub|hub_mode_reg[2]           ; altera_reserved_tck ; altera_reserved_tck ; 0.000        ; 0.081      ; 1.777      ;
; 1.518 ; sld_hub:auto_hub|alt_sld_fab_with_jtag_input:\instrumentation_fabric_with_node_gen:fabric_gen_new_way:with_jtag_input_gen:instrumentation_fabric|alt_sld_fab:instrumentation_fabric|alt_sld_fab_alt_sld_fab:alt_sld_fab|alt_sld_fab_alt_sld_fab_sldfabric:sldfabric|sld_jtag_hub:\jtag_hub_gen:real_sld_jtag_hub|clr_reg                            ; sld_hub:auto_hub|alt_sld_fab_with_jtag_input:\instrumentation_fabric_with_node_gen:fabric_gen_new_way:with_jtag_input_gen:instrumentation_fabric|alt_sld_fab:instrumentation_fabric|alt_sld_fab_alt_sld_fab:alt_sld_fab|alt_sld_fab_alt_sld_fab_sldfabric:sldfabric|sld_jtag_hub:\jtag_hub_gen:real_sld_jtag_hub|irsr_reg[3]               ; altera_reserved_tck ; altera_reserved_tck ; 0.000        ; 0.079      ; 1.783      ;
; 1.518 ; sld_hub:auto_hub|alt_sld_fab_with_jtag_input:\instrumentation_fabric_with_node_gen:fabric_gen_new_way:with_jtag_input_gen:instrumentation_fabric|alt_sld_fab:instrumentation_fabric|alt_sld_fab_alt_sld_fab:alt_sld_fab|alt_sld_fab_alt_sld_fab_sldfabric:sldfabric|sld_jtag_hub:\jtag_hub_gen:real_sld_jtag_hub|clr_reg                            ; sld_hub:auto_hub|alt_sld_fab_with_jtag_input:\instrumentation_fabric_with_node_gen:fabric_gen_new_way:with_jtag_input_gen:instrumentation_fabric|alt_sld_fab:instrumentation_fabric|alt_sld_fab_alt_sld_fab:alt_sld_fab|alt_sld_fab_alt_sld_fab_sldfabric:sldfabric|sld_jtag_hub:\jtag_hub_gen:real_sld_jtag_hub|irsr_reg[0]               ; altera_reserved_tck ; altera_reserved_tck ; 0.000        ; 0.079      ; 1.783      ;
; 1.518 ; sld_hub:auto_hub|alt_sld_fab_with_jtag_input:\instrumentation_fabric_with_node_gen:fabric_gen_new_way:with_jtag_input_gen:instrumentation_fabric|alt_sld_fab:instrumentation_fabric|alt_sld_fab_alt_sld_fab:alt_sld_fab|alt_sld_fab_alt_sld_fab_sldfabric:sldfabric|sld_jtag_hub:\jtag_hub_gen:real_sld_jtag_hub|clr_reg                            ; sld_hub:auto_hub|alt_sld_fab_with_jtag_input:\instrumentation_fabric_with_node_gen:fabric_gen_new_way:with_jtag_input_gen:instrumentation_fabric|alt_sld_fab:instrumentation_fabric|alt_sld_fab_alt_sld_fab:alt_sld_fab|alt_sld_fab_alt_sld_fab_sldfabric:sldfabric|sld_jtag_hub:\jtag_hub_gen:real_sld_jtag_hub|irsr_reg[1]               ; altera_reserved_tck ; altera_reserved_tck ; 0.000        ; 0.079      ; 1.783      ;
; 1.518 ; sld_hub:auto_hub|alt_sld_fab_with_jtag_input:\instrumentation_fabric_with_node_gen:fabric_gen_new_way:with_jtag_input_gen:instrumentation_fabric|alt_sld_fab:instrumentation_fabric|alt_sld_fab_alt_sld_fab:alt_sld_fab|alt_sld_fab_alt_sld_fab_sldfabric:sldfabric|sld_jtag_hub:\jtag_hub_gen:real_sld_jtag_hub|clr_reg                            ; sld_hub:auto_hub|alt_sld_fab_with_jtag_input:\instrumentation_fabric_with_node_gen:fabric_gen_new_way:with_jtag_input_gen:instrumentation_fabric|alt_sld_fab:instrumentation_fabric|alt_sld_fab_alt_sld_fab:alt_sld_fab|alt_sld_fab_alt_sld_fab_sldfabric:sldfabric|sld_jtag_hub:\jtag_hub_gen:real_sld_jtag_hub|irsr_reg[2]               ; altera_reserved_tck ; altera_reserved_tck ; 0.000        ; 0.079      ; 1.783      ;
; 1.518 ; sld_hub:auto_hub|alt_sld_fab_with_jtag_input:\instrumentation_fabric_with_node_gen:fabric_gen_new_way:with_jtag_input_gen:instrumentation_fabric|alt_sld_fab:instrumentation_fabric|alt_sld_fab_alt_sld_fab:alt_sld_fab|alt_sld_fab_alt_sld_fab_sldfabric:sldfabric|sld_jtag_hub:\jtag_hub_gen:real_sld_jtag_hub|clr_reg                            ; sld_hub:auto_hub|alt_sld_fab_with_jtag_input:\instrumentation_fabric_with_node_gen:fabric_gen_new_way:with_jtag_input_gen:instrumentation_fabric|alt_sld_fab:instrumentation_fabric|alt_sld_fab_alt_sld_fab:alt_sld_fab|alt_sld_fab_alt_sld_fab_sldfabric:sldfabric|sld_jtag_hub:\jtag_hub_gen:real_sld_jtag_hub|irsr_reg[4]               ; altera_reserved_tck ; altera_reserved_tck ; 0.000        ; 0.079      ; 1.783      ;
; 1.684 ; sld_hub:auto_hub|alt_sld_fab_with_jtag_input:\instrumentation_fabric_with_node_gen:fabric_gen_new_way:with_jtag_input_gen:instrumentation_fabric|alt_sld_fab:instrumentation_fabric|alt_sld_fab_alt_sld_fab:alt_sld_fab|alt_sld_fab_alt_sld_fab_sldfabric:sldfabric|sld_jtag_hub:\jtag_hub_gen:real_sld_jtag_hub|clr_reg                            ; sld_hub:auto_hub|alt_sld_fab_with_jtag_input:\instrumentation_fabric_with_node_gen:fabric_gen_new_way:with_jtag_input_gen:instrumentation_fabric|alt_sld_fab:instrumentation_fabric|alt_sld_fab_alt_sld_fab:alt_sld_fab|alt_sld_fab_alt_sld_fab_sldfabric:sldfabric|sld_jtag_hub:\jtag_hub_gen:real_sld_jtag_hub|hub_mode_reg[0]           ; altera_reserved_tck ; altera_reserved_tck ; 0.000        ; 0.078      ; 1.948      ;
; 1.684 ; sld_hub:auto_hub|alt_sld_fab_with_jtag_input:\instrumentation_fabric_with_node_gen:fabric_gen_new_way:with_jtag_input_gen:instrumentation_fabric|alt_sld_fab:instrumentation_fabric|alt_sld_fab_alt_sld_fab:alt_sld_fab|alt_sld_fab_alt_sld_fab_sldfabric:sldfabric|sld_jtag_hub:\jtag_hub_gen:real_sld_jtag_hub|clr_reg                            ; sld_hub:auto_hub|alt_sld_fab_with_jtag_input:\instrumentation_fabric_with_node_gen:fabric_gen_new_way:with_jtag_input_gen:instrumentation_fabric|alt_sld_fab:instrumentation_fabric|alt_sld_fab_alt_sld_fab:alt_sld_fab|alt_sld_fab_alt_sld_fab_sldfabric:sldfabric|sld_jtag_hub:\jtag_hub_gen:real_sld_jtag_hub|virtual_ir_tdo_sel_reg[0] ; altera_reserved_tck ; altera_reserved_tck ; 0.000        ; 0.078      ; 1.948      ;
; 1.726 ; sld_hub:auto_hub|alt_sld_fab_with_jtag_input:\instrumentation_fabric_with_node_gen:fabric_gen_new_way:with_jtag_input_gen:instrumentation_fabric|alt_sld_fab:instrumentation_fabric|alt_sld_fab_alt_sld_fab:alt_sld_fab|alt_sld_fab_alt_sld_fab_sldfabric:sldfabric|sld_jtag_hub:\jtag_hub_gen:real_sld_jtag_hub|clr_reg                            ; sld_hub:auto_hub|alt_sld_fab_with_jtag_input:\instrumentation_fabric_with_node_gen:fabric_gen_new_way:with_jtag_input_gen:instrumentation_fabric|alt_sld_fab:instrumentation_fabric|alt_sld_fab_alt_sld_fab:alt_sld_fab|splitter_nodes_receive_0[3]                                                                                        ; altera_reserved_tck ; altera_reserved_tck ; 0.000        ; 0.077      ; 1.989      ;
; 1.726 ; sld_hub:auto_hub|alt_sld_fab_with_jtag_input:\instrumentation_fabric_with_node_gen:fabric_gen_new_way:with_jtag_input_gen:instrumentation_fabric|alt_sld_fab:instrumentation_fabric|alt_sld_fab_alt_sld_fab:alt_sld_fab|alt_sld_fab_alt_sld_fab_sldfabric:sldfabric|sld_jtag_hub:\jtag_hub_gen:real_sld_jtag_hub|clr_reg                            ; sld_hub:auto_hub|alt_sld_fab_with_jtag_input:\instrumentation_fabric_with_node_gen:fabric_gen_new_way:with_jtag_input_gen:instrumentation_fabric|alt_sld_fab:instrumentation_fabric|alt_sld_fab_alt_sld_fab:alt_sld_fab|alt_sld_fab_alt_sld_fab_sldfabric:sldfabric|sld_jtag_hub:\jtag_hub_gen:real_sld_jtag_hub|irf_reg[1][0]             ; altera_reserved_tck ; altera_reserved_tck ; 0.000        ; 0.077      ; 1.989      ;
; 1.726 ; sld_hub:auto_hub|alt_sld_fab_with_jtag_input:\instrumentation_fabric_with_node_gen:fabric_gen_new_way:with_jtag_input_gen:instrumentation_fabric|alt_sld_fab:instrumentation_fabric|alt_sld_fab_alt_sld_fab:alt_sld_fab|alt_sld_fab_alt_sld_fab_sldfabric:sldfabric|sld_jtag_hub:\jtag_hub_gen:real_sld_jtag_hub|clr_reg                            ; sld_hub:auto_hub|alt_sld_fab_with_jtag_input:\instrumentation_fabric_with_node_gen:fabric_gen_new_way:with_jtag_input_gen:instrumentation_fabric|alt_sld_fab:instrumentation_fabric|alt_sld_fab_alt_sld_fab:alt_sld_fab|alt_sld_fab_alt_sld_fab_sldfabric:sldfabric|sld_jtag_hub:\jtag_hub_gen:real_sld_jtag_hub|irf_reg[1][1]             ; altera_reserved_tck ; altera_reserved_tck ; 0.000        ; 0.077      ; 1.989      ;
; 1.784 ; sld_hub:auto_hub|alt_sld_fab_with_jtag_input:\instrumentation_fabric_with_node_gen:fabric_gen_new_way:with_jtag_input_gen:instrumentation_fabric|alt_sld_fab:instrumentation_fabric|alt_sld_fab_alt_sld_fab:alt_sld_fab|alt_sld_fab_alt_sld_fab_sldfabric:sldfabric|sld_jtag_hub:\jtag_hub_gen:real_sld_jtag_hub|sld_shadow_jsm:shadow_jsm|state[0] ; sld_hub:auto_hub|alt_sld_fab_with_jtag_input:\instrumentation_fabric_with_node_gen:fabric_gen_new_way:with_jtag_input_gen:instrumentation_fabric|alt_sld_fab:instrumentation_fabric|alt_sld_fab_alt_sld_fab:alt_sld_fab|alt_sld_fab_alt_sld_fab_sldfabric:sldfabric|sld_jtag_hub:\jtag_hub_gen:real_sld_jtag_hub|virtual_dr_scan_reg       ; altera_reserved_tck ; altera_reserved_tck ; 0.000        ; 0.082      ; 2.052      ;
; 1.784 ; sld_hub:auto_hub|alt_sld_fab_with_jtag_input:\instrumentation_fabric_with_node_gen:fabric_gen_new_way:with_jtag_input_gen:instrumentation_fabric|alt_sld_fab:instrumentation_fabric|alt_sld_fab_alt_sld_fab:alt_sld_fab|alt_sld_fab_alt_sld_fab_sldfabric:sldfabric|sld_jtag_hub:\jtag_hub_gen:real_sld_jtag_hub|sld_shadow_jsm:shadow_jsm|state[0] ; sld_hub:auto_hub|alt_sld_fab_with_jtag_input:\instrumentation_fabric_with_node_gen:fabric_gen_new_way:with_jtag_input_gen:instrumentation_fabric|alt_sld_fab:instrumentation_fabric|alt_sld_fab_alt_sld_fab:alt_sld_fab|alt_sld_fab_alt_sld_fab_sldfabric:sldfabric|sld_jtag_hub:\jtag_hub_gen:real_sld_jtag_hub|virtual_ir_scan_reg       ; altera_reserved_tck ; altera_reserved_tck ; 0.000        ; 0.082      ; 2.052      ;
; 1.784 ; sld_hub:auto_hub|alt_sld_fab_with_jtag_input:\instrumentation_fabric_with_node_gen:fabric_gen_new_way:with_jtag_input_gen:instrumentation_fabric|alt_sld_fab:instrumentation_fabric|alt_sld_fab_alt_sld_fab:alt_sld_fab|alt_sld_fab_alt_sld_fab_sldfabric:sldfabric|sld_jtag_hub:\jtag_hub_gen:real_sld_jtag_hub|sld_shadow_jsm:shadow_jsm|state[0] ; sld_hub:auto_hub|alt_sld_fab_with_jtag_input:\instrumentation_fabric_with_node_gen:fabric_gen_new_way:with_jtag_input_gen:instrumentation_fabric|alt_sld_fab:instrumentation_fabric|alt_sld_fab_alt_sld_fab:alt_sld_fab|alt_sld_fab_alt_sld_fab_sldfabric:sldfabric|sld_jtag_hub:\jtag_hub_gen:real_sld_jtag_hub|jtag_ir_reg[0]            ; altera_reserved_tck ; altera_reserved_tck ; 0.000        ; 0.082      ; 2.052      ;
; 1.784 ; sld_hub:auto_hub|alt_sld_fab_with_jtag_input:\instrumentation_fabric_with_node_gen:fabric_gen_new_way:with_jtag_input_gen:instrumentation_fabric|alt_sld_fab:instrumentation_fabric|alt_sld_fab_alt_sld_fab:alt_sld_fab|alt_sld_fab_alt_sld_fab_sldfabric:sldfabric|sld_jtag_hub:\jtag_hub_gen:real_sld_jtag_hub|sld_shadow_jsm:shadow_jsm|state[0] ; sld_hub:auto_hub|alt_sld_fab_with_jtag_input:\instrumentation_fabric_with_node_gen:fabric_gen_new_way:with_jtag_input_gen:instrumentation_fabric|alt_sld_fab:instrumentation_fabric|alt_sld_fab_alt_sld_fab:alt_sld_fab|alt_sld_fab_alt_sld_fab_sldfabric:sldfabric|sld_jtag_hub:\jtag_hub_gen:real_sld_jtag_hub|jtag_ir_reg[1]            ; altera_reserved_tck ; altera_reserved_tck ; 0.000        ; 0.082      ; 2.052      ;
; 1.784 ; sld_hub:auto_hub|alt_sld_fab_with_jtag_input:\instrumentation_fabric_with_node_gen:fabric_gen_new_way:with_jtag_input_gen:instrumentation_fabric|alt_sld_fab:instrumentation_fabric|alt_sld_fab_alt_sld_fab:alt_sld_fab|alt_sld_fab_alt_sld_fab_sldfabric:sldfabric|sld_jtag_hub:\jtag_hub_gen:real_sld_jtag_hub|sld_shadow_jsm:shadow_jsm|state[0] ; sld_hub:auto_hub|alt_sld_fab_with_jtag_input:\instrumentation_fabric_with_node_gen:fabric_gen_new_way:with_jtag_input_gen:instrumentation_fabric|alt_sld_fab:instrumentation_fabric|alt_sld_fab_alt_sld_fab:alt_sld_fab|alt_sld_fab_alt_sld_fab_sldfabric:sldfabric|sld_jtag_hub:\jtag_hub_gen:real_sld_jtag_hub|jtag_ir_reg[2]            ; altera_reserved_tck ; altera_reserved_tck ; 0.000        ; 0.082      ; 2.052      ;
; 1.784 ; sld_hub:auto_hub|alt_sld_fab_with_jtag_input:\instrumentation_fabric_with_node_gen:fabric_gen_new_way:with_jtag_input_gen:instrumentation_fabric|alt_sld_fab:instrumentation_fabric|alt_sld_fab_alt_sld_fab:alt_sld_fab|alt_sld_fab_alt_sld_fab_sldfabric:sldfabric|sld_jtag_hub:\jtag_hub_gen:real_sld_jtag_hub|sld_shadow_jsm:shadow_jsm|state[0] ; sld_hub:auto_hub|alt_sld_fab_with_jtag_input:\instrumentation_fabric_with_node_gen:fabric_gen_new_way:with_jtag_input_gen:instrumentation_fabric|alt_sld_fab:instrumentation_fabric|alt_sld_fab_alt_sld_fab:alt_sld_fab|alt_sld_fab_alt_sld_fab_sldfabric:sldfabric|sld_jtag_hub:\jtag_hub_gen:real_sld_jtag_hub|jtag_ir_reg[3]            ; altera_reserved_tck ; altera_reserved_tck ; 0.000        ; 0.082      ; 2.052      ;
; 1.784 ; sld_hub:auto_hub|alt_sld_fab_with_jtag_input:\instrumentation_fabric_with_node_gen:fabric_gen_new_way:with_jtag_input_gen:instrumentation_fabric|alt_sld_fab:instrumentation_fabric|alt_sld_fab_alt_sld_fab:alt_sld_fab|alt_sld_fab_alt_sld_fab_sldfabric:sldfabric|sld_jtag_hub:\jtag_hub_gen:real_sld_jtag_hub|sld_shadow_jsm:shadow_jsm|state[0] ; sld_hub:auto_hub|alt_sld_fab_with_jtag_input:\instrumentation_fabric_with_node_gen:fabric_gen_new_way:with_jtag_input_gen:instrumentation_fabric|alt_sld_fab:instrumentation_fabric|alt_sld_fab_alt_sld_fab:alt_sld_fab|alt_sld_fab_alt_sld_fab_sldfabric:sldfabric|sld_jtag_hub:\jtag_hub_gen:real_sld_jtag_hub|jtag_ir_reg[4]            ; altera_reserved_tck ; altera_reserved_tck ; 0.000        ; 0.082      ; 2.052      ;
; 1.784 ; sld_hub:auto_hub|alt_sld_fab_with_jtag_input:\instrumentation_fabric_with_node_gen:fabric_gen_new_way:with_jtag_input_gen:instrumentation_fabric|alt_sld_fab:instrumentation_fabric|alt_sld_fab_alt_sld_fab:alt_sld_fab|alt_sld_fab_alt_sld_fab_sldfabric:sldfabric|sld_jtag_hub:\jtag_hub_gen:real_sld_jtag_hub|sld_shadow_jsm:shadow_jsm|state[0] ; sld_hub:auto_hub|alt_sld_fab_with_jtag_input:\instrumentation_fabric_with_node_gen:fabric_gen_new_way:with_jtag_input_gen:instrumentation_fabric|alt_sld_fab:instrumentation_fabric|alt_sld_fab_alt_sld_fab:alt_sld_fab|alt_sld_fab_alt_sld_fab_sldfabric:sldfabric|sld_jtag_hub:\jtag_hub_gen:real_sld_jtag_hub|jtag_ir_reg[5]            ; altera_reserved_tck ; altera_reserved_tck ; 0.000        ; 0.082      ; 2.052      ;
; 1.784 ; sld_hub:auto_hub|alt_sld_fab_with_jtag_input:\instrumentation_fabric_with_node_gen:fabric_gen_new_way:with_jtag_input_gen:instrumentation_fabric|alt_sld_fab:instrumentation_fabric|alt_sld_fab_alt_sld_fab:alt_sld_fab|alt_sld_fab_alt_sld_fab_sldfabric:sldfabric|sld_jtag_hub:\jtag_hub_gen:real_sld_jtag_hub|sld_shadow_jsm:shadow_jsm|state[0] ; sld_hub:auto_hub|alt_sld_fab_with_jtag_input:\instrumentation_fabric_with_node_gen:fabric_gen_new_way:with_jtag_input_gen:instrumentation_fabric|alt_sld_fab:instrumentation_fabric|alt_sld_fab_alt_sld_fab:alt_sld_fab|alt_sld_fab_alt_sld_fab_sldfabric:sldfabric|sld_jtag_hub:\jtag_hub_gen:real_sld_jtag_hub|jtag_ir_reg[6]            ; altera_reserved_tck ; altera_reserved_tck ; 0.000        ; 0.082      ; 2.052      ;
; 1.784 ; sld_hub:auto_hub|alt_sld_fab_with_jtag_input:\instrumentation_fabric_with_node_gen:fabric_gen_new_way:with_jtag_input_gen:instrumentation_fabric|alt_sld_fab:instrumentation_fabric|alt_sld_fab_alt_sld_fab:alt_sld_fab|alt_sld_fab_alt_sld_fab_sldfabric:sldfabric|sld_jtag_hub:\jtag_hub_gen:real_sld_jtag_hub|sld_shadow_jsm:shadow_jsm|state[0] ; sld_hub:auto_hub|alt_sld_fab_with_jtag_input:\instrumentation_fabric_with_node_gen:fabric_gen_new_way:with_jtag_input_gen:instrumentation_fabric|alt_sld_fab:instrumentation_fabric|alt_sld_fab_alt_sld_fab:alt_sld_fab|alt_sld_fab_alt_sld_fab_sldfabric:sldfabric|sld_jtag_hub:\jtag_hub_gen:real_sld_jtag_hub|jtag_ir_reg[7]            ; altera_reserved_tck ; altera_reserved_tck ; 0.000        ; 0.082      ; 2.052      ;
; 1.784 ; sld_hub:auto_hub|alt_sld_fab_with_jtag_input:\instrumentation_fabric_with_node_gen:fabric_gen_new_way:with_jtag_input_gen:instrumentation_fabric|alt_sld_fab:instrumentation_fabric|alt_sld_fab_alt_sld_fab:alt_sld_fab|alt_sld_fab_alt_sld_fab_sldfabric:sldfabric|sld_jtag_hub:\jtag_hub_gen:real_sld_jtag_hub|sld_shadow_jsm:shadow_jsm|state[0] ; sld_hub:auto_hub|alt_sld_fab_with_jtag_input:\instrumentation_fabric_with_node_gen:fabric_gen_new_way:with_jtag_input_gen:instrumentation_fabric|alt_sld_fab:instrumentation_fabric|alt_sld_fab_alt_sld_fab:alt_sld_fab|alt_sld_fab_alt_sld_fab_sldfabric:sldfabric|sld_jtag_hub:\jtag_hub_gen:real_sld_jtag_hub|jtag_ir_reg[8]            ; altera_reserved_tck ; altera_reserved_tck ; 0.000        ; 0.082      ; 2.052      ;
; 1.784 ; sld_hub:auto_hub|alt_sld_fab_with_jtag_input:\instrumentation_fabric_with_node_gen:fabric_gen_new_way:with_jtag_input_gen:instrumentation_fabric|alt_sld_fab:instrumentation_fabric|alt_sld_fab_alt_sld_fab:alt_sld_fab|alt_sld_fab_alt_sld_fab_sldfabric:sldfabric|sld_jtag_hub:\jtag_hub_gen:real_sld_jtag_hub|sld_shadow_jsm:shadow_jsm|state[0] ; sld_hub:auto_hub|alt_sld_fab_with_jtag_input:\instrumentation_fabric_with_node_gen:fabric_gen_new_way:with_jtag_input_gen:instrumentation_fabric|alt_sld_fab:instrumentation_fabric|alt_sld_fab_alt_sld_fab:alt_sld_fab|alt_sld_fab_alt_sld_fab_sldfabric:sldfabric|sld_jtag_hub:\jtag_hub_gen:real_sld_jtag_hub|jtag_ir_reg[9]            ; altera_reserved_tck ; altera_reserved_tck ; 0.000        ; 0.082      ; 2.052      ;
+-------+-----------------------------------------------------------------------------------------------------------------------------------------------------------------------------------------------------------------------------------------------------------------------------------------------------------------------------------------------------+--------------------------------------------------------------------------------------------------------------------------------------------------------------------------------------------------------------------------------------------------------------------------------------------------------------------------------------------+---------------------+---------------------+--------------+------------+------------+


-----------------------------------------------
; Slow 1200mV 85C Model Metastability Summary ;
-----------------------------------------------
Typical MTBF of Design is 1e+09 years or 3.15e+16 seconds.

Number of Synchronizer Chains Found: 3
Shortest Synchronizer Chain: 2 Registers
Fraction of Chains for which MTBFs Could Not be Calculated: 0.333
Worst Case Available Settling Time: 196.810 ns

Typical MTBF values are calculated based on the nominal silicon characteristics, at nominal operating conditions.
  - Under typical conditions, an increase of 100ps in available settling time will increase MTBF values by a factor of 10.8



+-----------------------------------------------------------+
; Slow 1200mV 0C Model Fmax Summary                         ;
+------------+-----------------+---------------------+------+
; Fmax       ; Restricted Fmax ; Clock Name          ; Note ;
+------------+-----------------+---------------------+------+
; 155.67 MHz ; 155.67 MHz      ; altera_reserved_tck ;      ;
+------------+-----------------+---------------------+------+
This panel reports FMAX for every clock in the design, regardless of the user-specified clock periods.  FMAX is only computed for paths where the source and destination registers or ports are driven by the same clock.  Paths of different clocks, including generated clocks, are ignored.  For paths between a clock and its inversion, FMAX is computed as if the rising and falling edges are scaled along with FMAX, such that the duty cycle (in terms of a percentage) is maintained. Altera recommends that you always use clock constraints and other slack reports for sign-off analysis.


+----------------------------------------------+
; Slow 1200mV 0C Model Setup Summary           ;
+---------------------+--------+---------------+
; Clock               ; Slack  ; End Point TNS ;
+---------------------+--------+---------------+
; altera_reserved_tck ; 46.788 ; 0.000         ;
+---------------------+--------+---------------+


+---------------------------------------------+
; Slow 1200mV 0C Model Hold Summary           ;
+---------------------+-------+---------------+
; Clock               ; Slack ; End Point TNS ;
+---------------------+-------+---------------+
; altera_reserved_tck ; 0.354 ; 0.000         ;
+---------------------+-------+---------------+


+----------------------------------------------+
; Slow 1200mV 0C Model Recovery Summary        ;
+---------------------+--------+---------------+
; Clock               ; Slack  ; End Point TNS ;
+---------------------+--------+---------------+
; altera_reserved_tck ; 97.929 ; 0.000         ;
+---------------------+--------+---------------+


+---------------------------------------------+
; Slow 1200mV 0C Model Removal Summary        ;
+---------------------+-------+---------------+
; Clock               ; Slack ; End Point TNS ;
+---------------------+-------+---------------+
; altera_reserved_tck ; 1.365 ; 0.000         ;
+---------------------+-------+---------------+


+--------------------------------------------------+
; Slow 1200mV 0C Model Minimum Pulse Width Summary ;
+---------------------+--------+-------------------+
; Clock               ; Slack  ; End Point TNS     ;
+---------------------+--------+-------------------+
; altera_reserved_tck ; 49.577 ; 0.000             ;
+---------------------+--------+-------------------+


+--------------------------------------------------------------------------------------------------------------------------------------------------------------------------------------------------------------------------------------------------------------------------------------------------------------------------------------------------------------------------------------------------------------------------------------------------------------------------------------------------------------------------------------------------------------------------------------------------------------------------------------------------------------------------------------------------------------------------------------------------------------------------+
; Slow 1200mV 0C Model Setup: 'altera_reserved_tck'                                                                                                                                                                                                                                                                                                                                                                                                                                                                                                                                                                                                                                                                                                                        ;
+--------+-----------------------------------------------------------------------------------------------------------------------------------------------------------------------------------------------------------------------------------------------------------------------------------------------------------------------------------------------------+----------------------------------------------------------------------------------------------------------------------------------------------------------------------------------------------------------------------------------------------------------------------------------------------------------------------+---------------------+---------------------+--------------+------------+------------+
; Slack  ; From Node                                                                                                                                                                                                                                                                                                                                           ; To Node                                                                                                                                                                                                                                                                                                              ; Launch Clock        ; Latch Clock         ; Relationship ; Clock Skew ; Data Delay ;
+--------+-----------------------------------------------------------------------------------------------------------------------------------------------------------------------------------------------------------------------------------------------------------------------------------------------------------------------------------------------------+----------------------------------------------------------------------------------------------------------------------------------------------------------------------------------------------------------------------------------------------------------------------------------------------------------------------+---------------------+---------------------+--------------+------------+------------+
; 46.788 ; sld_hub:auto_hub|alt_sld_fab_with_jtag_input:\instrumentation_fabric_with_node_gen:fabric_gen_new_way:with_jtag_input_gen:instrumentation_fabric|alt_sld_fab:instrumentation_fabric|alt_sld_fab_alt_sld_fab:alt_sld_fab|alt_sld_fab_alt_sld_fab_sldfabric:sldfabric|sld_jtag_hub:\jtag_hub_gen:real_sld_jtag_hub|virtual_ir_scan_reg                ; sld_hub:auto_hub|alt_sld_fab_with_jtag_input:\instrumentation_fabric_with_node_gen:fabric_gen_new_way:with_jtag_input_gen:instrumentation_fabric|alt_sld_fab:instrumentation_fabric|alt_sld_fab_alt_sld_fab:alt_sld_fab|alt_sld_fab_alt_sld_fab_sldfabric:sldfabric|sld_jtag_hub:\jtag_hub_gen:real_sld_jtag_hub|tdo ; altera_reserved_tck ; altera_reserved_tck ; 50.000       ; 0.143      ; 3.374      ;
; 47.035 ; sld_hub:auto_hub|alt_sld_fab_with_jtag_input:\instrumentation_fabric_with_node_gen:fabric_gen_new_way:with_jtag_input_gen:instrumentation_fabric|alt_sld_fab:instrumentation_fabric|alt_sld_fab_alt_sld_fab:alt_sld_fab|alt_sld_fab_alt_sld_fab_sldfabric:sldfabric|sld_jtag_hub:\jtag_hub_gen:real_sld_jtag_hub|irsr_reg[0]                        ; sld_hub:auto_hub|alt_sld_fab_with_jtag_input:\instrumentation_fabric_with_node_gen:fabric_gen_new_way:with_jtag_input_gen:instrumentation_fabric|alt_sld_fab:instrumentation_fabric|alt_sld_fab_alt_sld_fab:alt_sld_fab|alt_sld_fab_alt_sld_fab_sldfabric:sldfabric|sld_jtag_hub:\jtag_hub_gen:real_sld_jtag_hub|tdo ; altera_reserved_tck ; altera_reserved_tck ; 50.000       ; 0.143      ; 3.127      ;
; 47.121 ; sld_hub:auto_hub|alt_sld_fab_with_jtag_input:\instrumentation_fabric_with_node_gen:fabric_gen_new_way:with_jtag_input_gen:instrumentation_fabric|alt_sld_fab:instrumentation_fabric|alt_sld_fab_alt_sld_fab:alt_sld_fab|alt_sld_fab_alt_sld_fab_sldfabric:sldfabric|sld_jtag_hub:\jtag_hub_gen:real_sld_jtag_hub|sld_shadow_jsm:shadow_jsm|state[3] ; sld_hub:auto_hub|alt_sld_fab_with_jtag_input:\instrumentation_fabric_with_node_gen:fabric_gen_new_way:with_jtag_input_gen:instrumentation_fabric|alt_sld_fab:instrumentation_fabric|alt_sld_fab_alt_sld_fab:alt_sld_fab|alt_sld_fab_alt_sld_fab_sldfabric:sldfabric|sld_jtag_hub:\jtag_hub_gen:real_sld_jtag_hub|tdo ; altera_reserved_tck ; altera_reserved_tck ; 50.000       ; 0.144      ; 3.042      ;
; 47.176 ; sld_hub:auto_hub|alt_sld_fab_with_jtag_input:\instrumentation_fabric_with_node_gen:fabric_gen_new_way:with_jtag_input_gen:instrumentation_fabric|alt_sld_fab:instrumentation_fabric|alt_sld_fab_alt_sld_fab:alt_sld_fab|alt_sld_fab_alt_sld_fab_sldfabric:sldfabric|sld_jtag_hub:\jtag_hub_gen:real_sld_jtag_hub|irsr_reg[1]                        ; sld_hub:auto_hub|alt_sld_fab_with_jtag_input:\instrumentation_fabric_with_node_gen:fabric_gen_new_way:with_jtag_input_gen:instrumentation_fabric|alt_sld_fab:instrumentation_fabric|alt_sld_fab_alt_sld_fab:alt_sld_fab|alt_sld_fab_alt_sld_fab_sldfabric:sldfabric|sld_jtag_hub:\jtag_hub_gen:real_sld_jtag_hub|tdo ; altera_reserved_tck ; altera_reserved_tck ; 50.000       ; 0.143      ; 2.986      ;
; 47.322 ; sld_hub:auto_hub|alt_sld_fab_with_jtag_input:\instrumentation_fabric_with_node_gen:fabric_gen_new_way:with_jtag_input_gen:instrumentation_fabric|alt_sld_fab:instrumentation_fabric|alt_sld_fab_alt_sld_fab:alt_sld_fab|alt_sld_fab_alt_sld_fab_sldfabric:sldfabric|sld_jtag_hub:\jtag_hub_gen:real_sld_jtag_hub|sld_shadow_jsm:shadow_jsm|state[4] ; sld_hub:auto_hub|alt_sld_fab_with_jtag_input:\instrumentation_fabric_with_node_gen:fabric_gen_new_way:with_jtag_input_gen:instrumentation_fabric|alt_sld_fab:instrumentation_fabric|alt_sld_fab_alt_sld_fab:alt_sld_fab|alt_sld_fab_alt_sld_fab_sldfabric:sldfabric|sld_jtag_hub:\jtag_hub_gen:real_sld_jtag_hub|tdo ; altera_reserved_tck ; altera_reserved_tck ; 50.000       ; 0.144      ; 2.841      ;
; 47.520 ; sld_hub:auto_hub|alt_sld_fab_with_jtag_input:\instrumentation_fabric_with_node_gen:fabric_gen_new_way:with_jtag_input_gen:instrumentation_fabric|alt_sld_fab:instrumentation_fabric|alt_sld_fab_alt_sld_fab:alt_sld_fab|alt_sld_fab_alt_sld_fab_sldfabric:sldfabric|sld_jtag_hub:\jtag_hub_gen:real_sld_jtag_hub|irsr_reg[2]                        ; sld_hub:auto_hub|alt_sld_fab_with_jtag_input:\instrumentation_fabric_with_node_gen:fabric_gen_new_way:with_jtag_input_gen:instrumentation_fabric|alt_sld_fab:instrumentation_fabric|alt_sld_fab_alt_sld_fab:alt_sld_fab|alt_sld_fab_alt_sld_fab_sldfabric:sldfabric|sld_jtag_hub:\jtag_hub_gen:real_sld_jtag_hub|tdo ; altera_reserved_tck ; altera_reserved_tck ; 50.000       ; 0.143      ; 2.642      ;
; 47.666 ; sld_hub:auto_hub|alt_sld_fab_with_jtag_input:\instrumentation_fabric_with_node_gen:fabric_gen_new_way:with_jtag_input_gen:instrumentation_fabric|alt_sld_fab:instrumentation_fabric|alt_sld_fab_alt_sld_fab:alt_sld_fab|alt_sld_fab_alt_sld_fab_sldfabric:sldfabric|sld_jtag_hub:\jtag_hub_gen:real_sld_jtag_hub|sld_shadow_jsm:shadow_jsm|state[8] ; sld_hub:auto_hub|alt_sld_fab_with_jtag_input:\instrumentation_fabric_with_node_gen:fabric_gen_new_way:with_jtag_input_gen:instrumentation_fabric|alt_sld_fab:instrumentation_fabric|alt_sld_fab_alt_sld_fab:alt_sld_fab|alt_sld_fab_alt_sld_fab_sldfabric:sldfabric|sld_jtag_hub:\jtag_hub_gen:real_sld_jtag_hub|tdo ; altera_reserved_tck ; altera_reserved_tck ; 50.000       ; 0.144      ; 2.497      ;
; 47.680 ; sld_hub:auto_hub|alt_sld_fab_with_jtag_input:\instrumentation_fabric_with_node_gen:fabric_gen_new_way:with_jtag_input_gen:instrumentation_fabric|alt_sld_fab:instrumentation_fabric|alt_sld_fab_alt_sld_fab:alt_sld_fab|alt_sld_fab_alt_sld_fab_sldfabric:sldfabric|sld_jtag_hub:\jtag_hub_gen:real_sld_jtag_hub|tdo_bypass_reg                     ; sld_hub:auto_hub|alt_sld_fab_with_jtag_input:\instrumentation_fabric_with_node_gen:fabric_gen_new_way:with_jtag_input_gen:instrumentation_fabric|alt_sld_fab:instrumentation_fabric|alt_sld_fab_alt_sld_fab:alt_sld_fab|alt_sld_fab_alt_sld_fab_sldfabric:sldfabric|sld_jtag_hub:\jtag_hub_gen:real_sld_jtag_hub|tdo ; altera_reserved_tck ; altera_reserved_tck ; 50.000       ; 0.142      ; 2.481      ;
; 47.821 ; sld_hub:auto_hub|alt_sld_fab_with_jtag_input:\instrumentation_fabric_with_node_gen:fabric_gen_new_way:with_jtag_input_gen:instrumentation_fabric|alt_sld_fab:instrumentation_fabric|alt_sld_fab_alt_sld_fab:alt_sld_fab|alt_sld_fab_alt_sld_fab_sldfabric:sldfabric|sld_jtag_hub:\jtag_hub_gen:real_sld_jtag_hub|irsr_reg[4]                        ; sld_hub:auto_hub|alt_sld_fab_with_jtag_input:\instrumentation_fabric_with_node_gen:fabric_gen_new_way:with_jtag_input_gen:instrumentation_fabric|alt_sld_fab:instrumentation_fabric|alt_sld_fab_alt_sld_fab:alt_sld_fab|alt_sld_fab_alt_sld_fab_sldfabric:sldfabric|sld_jtag_hub:\jtag_hub_gen:real_sld_jtag_hub|tdo ; altera_reserved_tck ; altera_reserved_tck ; 50.000       ; 0.143      ; 2.341      ;
; 47.908 ; sld_hub:auto_hub|alt_sld_fab_with_jtag_input:\instrumentation_fabric_with_node_gen:fabric_gen_new_way:with_jtag_input_gen:instrumentation_fabric|alt_sld_fab:instrumentation_fabric|alt_sld_fab_alt_sld_fab:alt_sld_fab|alt_sld_fab_alt_sld_fab_sldfabric:sldfabric|sld_jtag_hub:\jtag_hub_gen:real_sld_jtag_hub|sld_rom_sr:hub_info_reg|WORD_SR[0] ; sld_hub:auto_hub|alt_sld_fab_with_jtag_input:\instrumentation_fabric_with_node_gen:fabric_gen_new_way:with_jtag_input_gen:instrumentation_fabric|alt_sld_fab:instrumentation_fabric|alt_sld_fab_alt_sld_fab:alt_sld_fab|alt_sld_fab_alt_sld_fab_sldfabric:sldfabric|sld_jtag_hub:\jtag_hub_gen:real_sld_jtag_hub|tdo ; altera_reserved_tck ; altera_reserved_tck ; 50.000       ; 0.141      ; 2.252      ;
; 47.951 ; BCDto7Seg:inst|BCDto7Seg_CPU:cpu|BCDto7Seg_CPU_cpu:cpu|BCDto7Seg_CPU_cpu_nios2_oci:the_BCDto7Seg_CPU_cpu_nios2_oci|BCDto7Seg_CPU_cpu_debug_slave_wrapper:the_BCDto7Seg_CPU_cpu_debug_slave_wrapper|BCDto7Seg_CPU_cpu_debug_slave_tck:the_BCDto7Seg_CPU_cpu_debug_slave_tck|sr[0]                                                                    ; sld_hub:auto_hub|alt_sld_fab_with_jtag_input:\instrumentation_fabric_with_node_gen:fabric_gen_new_way:with_jtag_input_gen:instrumentation_fabric|alt_sld_fab:instrumentation_fabric|alt_sld_fab_alt_sld_fab:alt_sld_fab|alt_sld_fab_alt_sld_fab_sldfabric:sldfabric|sld_jtag_hub:\jtag_hub_gen:real_sld_jtag_hub|tdo ; altera_reserved_tck ; altera_reserved_tck ; 50.000       ; 0.135      ; 2.203      ;
; 47.983 ; sld_hub:auto_hub|alt_sld_fab_with_jtag_input:\instrumentation_fabric_with_node_gen:fabric_gen_new_way:with_jtag_input_gen:instrumentation_fabric|alt_sld_fab:instrumentation_fabric|alt_sld_fab_alt_sld_fab:alt_sld_fab|alt_sld_fab_alt_sld_fab_sldfabric:sldfabric|sld_jtag_hub:\jtag_hub_gen:real_sld_jtag_hub|design_hash_reg[0]                 ; sld_hub:auto_hub|alt_sld_fab_with_jtag_input:\instrumentation_fabric_with_node_gen:fabric_gen_new_way:with_jtag_input_gen:instrumentation_fabric|alt_sld_fab:instrumentation_fabric|alt_sld_fab_alt_sld_fab:alt_sld_fab|alt_sld_fab_alt_sld_fab_sldfabric:sldfabric|sld_jtag_hub:\jtag_hub_gen:real_sld_jtag_hub|tdo ; altera_reserved_tck ; altera_reserved_tck ; 50.000       ; 0.146      ; 2.182      ;
; 48.000 ; sld_hub:auto_hub|alt_sld_fab_with_jtag_input:\instrumentation_fabric_with_node_gen:fabric_gen_new_way:with_jtag_input_gen:instrumentation_fabric|alt_sld_fab:instrumentation_fabric|alt_sld_fab_alt_sld_fab:alt_sld_fab|alt_sld_fab_alt_sld_fab_sldfabric:sldfabric|sld_jtag_hub:\jtag_hub_gen:real_sld_jtag_hub|hub_minor_ver_reg[0]               ; sld_hub:auto_hub|alt_sld_fab_with_jtag_input:\instrumentation_fabric_with_node_gen:fabric_gen_new_way:with_jtag_input_gen:instrumentation_fabric|alt_sld_fab:instrumentation_fabric|alt_sld_fab_alt_sld_fab:alt_sld_fab|alt_sld_fab_alt_sld_fab_sldfabric:sldfabric|sld_jtag_hub:\jtag_hub_gen:real_sld_jtag_hub|tdo ; altera_reserved_tck ; altera_reserved_tck ; 50.000       ; 0.146      ; 2.165      ;
; 48.562 ; sld_hub:auto_hub|alt_sld_fab_with_jtag_input:\instrumentation_fabric_with_node_gen:fabric_gen_new_way:with_jtag_input_gen:instrumentation_fabric|alt_sld_fab:instrumentation_fabric|alt_sld_fab_alt_sld_fab:alt_sld_fab|alt_sld_fab_alt_sld_fab_sldfabric:sldfabric|sld_jtag_hub:\jtag_hub_gen:real_sld_jtag_hub|virtual_ir_tdo_sel_reg[0]          ; sld_hub:auto_hub|alt_sld_fab_with_jtag_input:\instrumentation_fabric_with_node_gen:fabric_gen_new_way:with_jtag_input_gen:instrumentation_fabric|alt_sld_fab:instrumentation_fabric|alt_sld_fab_alt_sld_fab:alt_sld_fab|alt_sld_fab_alt_sld_fab_sldfabric:sldfabric|sld_jtag_hub:\jtag_hub_gen:real_sld_jtag_hub|tdo ; altera_reserved_tck ; altera_reserved_tck ; 50.000       ; 0.144      ; 1.601      ;
; 94.990 ; sld_hub:auto_hub|alt_sld_fab_with_jtag_input:\instrumentation_fabric_with_node_gen:fabric_gen_new_way:with_jtag_input_gen:instrumentation_fabric|alt_sld_fab:instrumentation_fabric|alt_sld_fab_alt_sld_fab:alt_sld_fab|alt_sld_fab_alt_sld_fab_sldfabric:sldfabric|sld_jtag_hub:\jtag_hub_gen:real_sld_jtag_hub|virtual_ir_scan_reg                ; BCDto7Seg:inst|BCDto7Seg_CPU:cpu|BCDto7Seg_CPU_cpu:cpu|BCDto7Seg_CPU_cpu_nios2_oci:the_BCDto7Seg_CPU_cpu_nios2_oci|BCDto7Seg_CPU_cpu_debug_slave_wrapper:the_BCDto7Seg_CPU_cpu_debug_slave_wrapper|BCDto7Seg_CPU_cpu_debug_slave_tck:the_BCDto7Seg_CPU_cpu_debug_slave_tck|sr[34]                                    ; altera_reserved_tck ; altera_reserved_tck ; 100.000      ; -0.066     ; 4.963      ;
; 94.990 ; sld_hub:auto_hub|alt_sld_fab_with_jtag_input:\instrumentation_fabric_with_node_gen:fabric_gen_new_way:with_jtag_input_gen:instrumentation_fabric|alt_sld_fab:instrumentation_fabric|alt_sld_fab_alt_sld_fab:alt_sld_fab|alt_sld_fab_alt_sld_fab_sldfabric:sldfabric|sld_jtag_hub:\jtag_hub_gen:real_sld_jtag_hub|virtual_ir_scan_reg                ; BCDto7Seg:inst|BCDto7Seg_CPU:cpu|BCDto7Seg_CPU_cpu:cpu|BCDto7Seg_CPU_cpu_nios2_oci:the_BCDto7Seg_CPU_cpu_nios2_oci|BCDto7Seg_CPU_cpu_debug_slave_wrapper:the_BCDto7Seg_CPU_cpu_debug_slave_wrapper|BCDto7Seg_CPU_cpu_debug_slave_tck:the_BCDto7Seg_CPU_cpu_debug_slave_tck|sr[33]                                    ; altera_reserved_tck ; altera_reserved_tck ; 100.000      ; -0.066     ; 4.963      ;
; 95.188 ; sld_hub:auto_hub|alt_sld_fab_with_jtag_input:\instrumentation_fabric_with_node_gen:fabric_gen_new_way:with_jtag_input_gen:instrumentation_fabric|alt_sld_fab:instrumentation_fabric|alt_sld_fab_alt_sld_fab:alt_sld_fab|alt_sld_fab_alt_sld_fab_sldfabric:sldfabric|sld_jtag_hub:\jtag_hub_gen:real_sld_jtag_hub|virtual_ir_scan_reg                ; BCDto7Seg:inst|BCDto7Seg_CPU:cpu|BCDto7Seg_CPU_cpu:cpu|BCDto7Seg_CPU_cpu_nios2_oci:the_BCDto7Seg_CPU_cpu_nios2_oci|BCDto7Seg_CPU_cpu_debug_slave_wrapper:the_BCDto7Seg_CPU_cpu_debug_slave_wrapper|BCDto7Seg_CPU_cpu_debug_slave_tck:the_BCDto7Seg_CPU_cpu_debug_slave_tck|sr[29]                                    ; altera_reserved_tck ; altera_reserved_tck ; 100.000      ; -0.067     ; 4.764      ;
; 95.191 ; sld_hub:auto_hub|alt_sld_fab_with_jtag_input:\instrumentation_fabric_with_node_gen:fabric_gen_new_way:with_jtag_input_gen:instrumentation_fabric|alt_sld_fab:instrumentation_fabric|alt_sld_fab_alt_sld_fab:alt_sld_fab|alt_sld_fab_alt_sld_fab_sldfabric:sldfabric|sld_jtag_hub:\jtag_hub_gen:real_sld_jtag_hub|virtual_ir_scan_reg                ; BCDto7Seg:inst|BCDto7Seg_CPU:cpu|BCDto7Seg_CPU_cpu:cpu|BCDto7Seg_CPU_cpu_nios2_oci:the_BCDto7Seg_CPU_cpu_nios2_oci|BCDto7Seg_CPU_cpu_debug_slave_wrapper:the_BCDto7Seg_CPU_cpu_debug_slave_wrapper|BCDto7Seg_CPU_cpu_debug_slave_tck:the_BCDto7Seg_CPU_cpu_debug_slave_tck|sr[19]                                    ; altera_reserved_tck ; altera_reserved_tck ; 100.000      ; -0.067     ; 4.761      ;
; 95.192 ; sld_hub:auto_hub|alt_sld_fab_with_jtag_input:\instrumentation_fabric_with_node_gen:fabric_gen_new_way:with_jtag_input_gen:instrumentation_fabric|alt_sld_fab:instrumentation_fabric|alt_sld_fab_alt_sld_fab:alt_sld_fab|alt_sld_fab_alt_sld_fab_sldfabric:sldfabric|sld_jtag_hub:\jtag_hub_gen:real_sld_jtag_hub|virtual_ir_scan_reg                ; BCDto7Seg:inst|BCDto7Seg_CPU:cpu|BCDto7Seg_CPU_cpu:cpu|BCDto7Seg_CPU_cpu_nios2_oci:the_BCDto7Seg_CPU_cpu_nios2_oci|BCDto7Seg_CPU_cpu_debug_slave_wrapper:the_BCDto7Seg_CPU_cpu_debug_slave_wrapper|BCDto7Seg_CPU_cpu_debug_slave_tck:the_BCDto7Seg_CPU_cpu_debug_slave_tck|sr[20]                                    ; altera_reserved_tck ; altera_reserved_tck ; 100.000      ; -0.067     ; 4.760      ;
; 95.196 ; sld_hub:auto_hub|alt_sld_fab_with_jtag_input:\instrumentation_fabric_with_node_gen:fabric_gen_new_way:with_jtag_input_gen:instrumentation_fabric|alt_sld_fab:instrumentation_fabric|alt_sld_fab_alt_sld_fab:alt_sld_fab|alt_sld_fab_alt_sld_fab_sldfabric:sldfabric|sld_jtag_hub:\jtag_hub_gen:real_sld_jtag_hub|virtual_ir_scan_reg                ; BCDto7Seg:inst|BCDto7Seg_CPU:cpu|BCDto7Seg_CPU_cpu:cpu|BCDto7Seg_CPU_cpu_nios2_oci:the_BCDto7Seg_CPU_cpu_nios2_oci|BCDto7Seg_CPU_cpu_debug_slave_wrapper:the_BCDto7Seg_CPU_cpu_debug_slave_wrapper|BCDto7Seg_CPU_cpu_debug_slave_tck:the_BCDto7Seg_CPU_cpu_debug_slave_tck|sr[21]                                    ; altera_reserved_tck ; altera_reserved_tck ; 100.000      ; -0.067     ; 4.756      ;
; 95.199 ; sld_hub:auto_hub|alt_sld_fab_with_jtag_input:\instrumentation_fabric_with_node_gen:fabric_gen_new_way:with_jtag_input_gen:instrumentation_fabric|alt_sld_fab:instrumentation_fabric|alt_sld_fab_alt_sld_fab:alt_sld_fab|alt_sld_fab_alt_sld_fab_sldfabric:sldfabric|sld_jtag_hub:\jtag_hub_gen:real_sld_jtag_hub|virtual_ir_scan_reg                ; BCDto7Seg:inst|BCDto7Seg_CPU:cpu|BCDto7Seg_CPU_cpu:cpu|BCDto7Seg_CPU_cpu_nios2_oci:the_BCDto7Seg_CPU_cpu_nios2_oci|BCDto7Seg_CPU_cpu_debug_slave_wrapper:the_BCDto7Seg_CPU_cpu_debug_slave_wrapper|BCDto7Seg_CPU_cpu_debug_slave_tck:the_BCDto7Seg_CPU_cpu_debug_slave_tck|sr[16]                                    ; altera_reserved_tck ; altera_reserved_tck ; 100.000      ; -0.067     ; 4.753      ;
; 95.247 ; sld_hub:auto_hub|alt_sld_fab_with_jtag_input:\instrumentation_fabric_with_node_gen:fabric_gen_new_way:with_jtag_input_gen:instrumentation_fabric|alt_sld_fab:instrumentation_fabric|alt_sld_fab_alt_sld_fab:alt_sld_fab|alt_sld_fab_alt_sld_fab_sldfabric:sldfabric|sld_jtag_hub:\jtag_hub_gen:real_sld_jtag_hub|virtual_ir_scan_reg                ; BCDto7Seg:inst|BCDto7Seg_CPU:cpu|BCDto7Seg_CPU_cpu:cpu|BCDto7Seg_CPU_cpu_nios2_oci:the_BCDto7Seg_CPU_cpu_nios2_oci|BCDto7Seg_CPU_cpu_debug_slave_wrapper:the_BCDto7Seg_CPU_cpu_debug_slave_wrapper|BCDto7Seg_CPU_cpu_debug_slave_tck:the_BCDto7Seg_CPU_cpu_debug_slave_tck|sr[24]                                    ; altera_reserved_tck ; altera_reserved_tck ; 100.000      ; -0.067     ; 4.705      ;
; 95.249 ; sld_hub:auto_hub|alt_sld_fab_with_jtag_input:\instrumentation_fabric_with_node_gen:fabric_gen_new_way:with_jtag_input_gen:instrumentation_fabric|alt_sld_fab:instrumentation_fabric|alt_sld_fab_alt_sld_fab:alt_sld_fab|alt_sld_fab_alt_sld_fab_sldfabric:sldfabric|sld_jtag_hub:\jtag_hub_gen:real_sld_jtag_hub|virtual_ir_scan_reg                ; BCDto7Seg:inst|BCDto7Seg_CPU:cpu|BCDto7Seg_CPU_cpu:cpu|BCDto7Seg_CPU_cpu_nios2_oci:the_BCDto7Seg_CPU_cpu_nios2_oci|BCDto7Seg_CPU_cpu_debug_slave_wrapper:the_BCDto7Seg_CPU_cpu_debug_slave_wrapper|BCDto7Seg_CPU_cpu_debug_slave_tck:the_BCDto7Seg_CPU_cpu_debug_slave_tck|sr[23]                                    ; altera_reserved_tck ; altera_reserved_tck ; 100.000      ; -0.067     ; 4.703      ;
; 95.254 ; sld_hub:auto_hub|alt_sld_fab_with_jtag_input:\instrumentation_fabric_with_node_gen:fabric_gen_new_way:with_jtag_input_gen:instrumentation_fabric|alt_sld_fab:instrumentation_fabric|alt_sld_fab_alt_sld_fab:alt_sld_fab|alt_sld_fab_alt_sld_fab_sldfabric:sldfabric|sld_jtag_hub:\jtag_hub_gen:real_sld_jtag_hub|virtual_ir_scan_reg                ; BCDto7Seg:inst|BCDto7Seg_CPU:cpu|BCDto7Seg_CPU_cpu:cpu|BCDto7Seg_CPU_cpu_nios2_oci:the_BCDto7Seg_CPU_cpu_nios2_oci|BCDto7Seg_CPU_cpu_debug_slave_wrapper:the_BCDto7Seg_CPU_cpu_debug_slave_wrapper|BCDto7Seg_CPU_cpu_debug_slave_tck:the_BCDto7Seg_CPU_cpu_debug_slave_tck|sr[26]                                    ; altera_reserved_tck ; altera_reserved_tck ; 100.000      ; -0.067     ; 4.698      ;
; 95.264 ; sld_hub:auto_hub|alt_sld_fab_with_jtag_input:\instrumentation_fabric_with_node_gen:fabric_gen_new_way:with_jtag_input_gen:instrumentation_fabric|alt_sld_fab:instrumentation_fabric|alt_sld_fab_alt_sld_fab:alt_sld_fab|alt_sld_fab_alt_sld_fab_sldfabric:sldfabric|sld_jtag_hub:\jtag_hub_gen:real_sld_jtag_hub|virtual_ir_scan_reg                ; BCDto7Seg:inst|BCDto7Seg_CPU:cpu|BCDto7Seg_CPU_cpu:cpu|BCDto7Seg_CPU_cpu_nios2_oci:the_BCDto7Seg_CPU_cpu_nios2_oci|BCDto7Seg_CPU_cpu_debug_slave_wrapper:the_BCDto7Seg_CPU_cpu_debug_slave_wrapper|BCDto7Seg_CPU_cpu_debug_slave_tck:the_BCDto7Seg_CPU_cpu_debug_slave_tck|sr[28]                                    ; altera_reserved_tck ; altera_reserved_tck ; 100.000      ; -0.067     ; 4.688      ;
; 95.266 ; sld_hub:auto_hub|alt_sld_fab_with_jtag_input:\instrumentation_fabric_with_node_gen:fabric_gen_new_way:with_jtag_input_gen:instrumentation_fabric|alt_sld_fab:instrumentation_fabric|alt_sld_fab_alt_sld_fab:alt_sld_fab|alt_sld_fab_alt_sld_fab_sldfabric:sldfabric|sld_jtag_hub:\jtag_hub_gen:real_sld_jtag_hub|virtual_ir_scan_reg                ; BCDto7Seg:inst|BCDto7Seg_CPU:cpu|BCDto7Seg_CPU_cpu:cpu|BCDto7Seg_CPU_cpu_nios2_oci:the_BCDto7Seg_CPU_cpu_nios2_oci|BCDto7Seg_CPU_cpu_debug_slave_wrapper:the_BCDto7Seg_CPU_cpu_debug_slave_wrapper|BCDto7Seg_CPU_cpu_debug_slave_tck:the_BCDto7Seg_CPU_cpu_debug_slave_tck|sr[22]                                    ; altera_reserved_tck ; altera_reserved_tck ; 100.000      ; -0.067     ; 4.686      ;
; 95.327 ; sld_hub:auto_hub|alt_sld_fab_with_jtag_input:\instrumentation_fabric_with_node_gen:fabric_gen_new_way:with_jtag_input_gen:instrumentation_fabric|alt_sld_fab:instrumentation_fabric|alt_sld_fab_alt_sld_fab:alt_sld_fab|alt_sld_fab_alt_sld_fab_sldfabric:sldfabric|sld_jtag_hub:\jtag_hub_gen:real_sld_jtag_hub|virtual_ir_scan_reg                ; BCDto7Seg:inst|BCDto7Seg_CPU:cpu|BCDto7Seg_CPU_cpu:cpu|BCDto7Seg_CPU_cpu_nios2_oci:the_BCDto7Seg_CPU_cpu_nios2_oci|BCDto7Seg_CPU_cpu_debug_slave_wrapper:the_BCDto7Seg_CPU_cpu_debug_slave_wrapper|BCDto7Seg_CPU_cpu_debug_slave_tck:the_BCDto7Seg_CPU_cpu_debug_slave_tck|sr[25]                                    ; altera_reserved_tck ; altera_reserved_tck ; 100.000      ; -0.067     ; 4.625      ;
; 95.327 ; sld_hub:auto_hub|alt_sld_fab_with_jtag_input:\instrumentation_fabric_with_node_gen:fabric_gen_new_way:with_jtag_input_gen:instrumentation_fabric|alt_sld_fab:instrumentation_fabric|alt_sld_fab_alt_sld_fab:alt_sld_fab|alt_sld_fab_alt_sld_fab_sldfabric:sldfabric|sld_jtag_hub:\jtag_hub_gen:real_sld_jtag_hub|virtual_ir_scan_reg                ; BCDto7Seg:inst|BCDto7Seg_CPU:cpu|BCDto7Seg_CPU_cpu:cpu|BCDto7Seg_CPU_cpu_nios2_oci:the_BCDto7Seg_CPU_cpu_nios2_oci|BCDto7Seg_CPU_cpu_debug_slave_wrapper:the_BCDto7Seg_CPU_cpu_debug_slave_wrapper|BCDto7Seg_CPU_cpu_debug_slave_tck:the_BCDto7Seg_CPU_cpu_debug_slave_tck|sr[17]                                    ; altera_reserved_tck ; altera_reserved_tck ; 100.000      ; -0.067     ; 4.625      ;
; 95.327 ; sld_hub:auto_hub|alt_sld_fab_with_jtag_input:\instrumentation_fabric_with_node_gen:fabric_gen_new_way:with_jtag_input_gen:instrumentation_fabric|alt_sld_fab:instrumentation_fabric|alt_sld_fab_alt_sld_fab:alt_sld_fab|alt_sld_fab_alt_sld_fab_sldfabric:sldfabric|sld_jtag_hub:\jtag_hub_gen:real_sld_jtag_hub|virtual_ir_scan_reg                ; BCDto7Seg:inst|BCDto7Seg_CPU:cpu|BCDto7Seg_CPU_cpu:cpu|BCDto7Seg_CPU_cpu_nios2_oci:the_BCDto7Seg_CPU_cpu_nios2_oci|BCDto7Seg_CPU_cpu_debug_slave_wrapper:the_BCDto7Seg_CPU_cpu_debug_slave_wrapper|BCDto7Seg_CPU_cpu_debug_slave_tck:the_BCDto7Seg_CPU_cpu_debug_slave_tck|sr[18]                                    ; altera_reserved_tck ; altera_reserved_tck ; 100.000      ; -0.067     ; 4.625      ;
; 95.327 ; sld_hub:auto_hub|alt_sld_fab_with_jtag_input:\instrumentation_fabric_with_node_gen:fabric_gen_new_way:with_jtag_input_gen:instrumentation_fabric|alt_sld_fab:instrumentation_fabric|alt_sld_fab_alt_sld_fab:alt_sld_fab|alt_sld_fab_alt_sld_fab_sldfabric:sldfabric|sld_jtag_hub:\jtag_hub_gen:real_sld_jtag_hub|virtual_ir_scan_reg                ; BCDto7Seg:inst|BCDto7Seg_CPU:cpu|BCDto7Seg_CPU_cpu:cpu|BCDto7Seg_CPU_cpu_nios2_oci:the_BCDto7Seg_CPU_cpu_nios2_oci|BCDto7Seg_CPU_cpu_debug_slave_wrapper:the_BCDto7Seg_CPU_cpu_debug_slave_wrapper|BCDto7Seg_CPU_cpu_debug_slave_tck:the_BCDto7Seg_CPU_cpu_debug_slave_tck|sr[27]                                    ; altera_reserved_tck ; altera_reserved_tck ; 100.000      ; -0.067     ; 4.625      ;
; 95.327 ; sld_hub:auto_hub|alt_sld_fab_with_jtag_input:\instrumentation_fabric_with_node_gen:fabric_gen_new_way:with_jtag_input_gen:instrumentation_fabric|alt_sld_fab:instrumentation_fabric|alt_sld_fab_alt_sld_fab:alt_sld_fab|alt_sld_fab_alt_sld_fab_sldfabric:sldfabric|sld_jtag_hub:\jtag_hub_gen:real_sld_jtag_hub|virtual_ir_scan_reg                ; BCDto7Seg:inst|BCDto7Seg_CPU:cpu|BCDto7Seg_CPU_cpu:cpu|BCDto7Seg_CPU_cpu_nios2_oci:the_BCDto7Seg_CPU_cpu_nios2_oci|BCDto7Seg_CPU_cpu_debug_slave_wrapper:the_BCDto7Seg_CPU_cpu_debug_slave_wrapper|BCDto7Seg_CPU_cpu_debug_slave_tck:the_BCDto7Seg_CPU_cpu_debug_slave_tck|sr[30]                                    ; altera_reserved_tck ; altera_reserved_tck ; 100.000      ; -0.067     ; 4.625      ;
; 95.327 ; sld_hub:auto_hub|alt_sld_fab_with_jtag_input:\instrumentation_fabric_with_node_gen:fabric_gen_new_way:with_jtag_input_gen:instrumentation_fabric|alt_sld_fab:instrumentation_fabric|alt_sld_fab_alt_sld_fab:alt_sld_fab|alt_sld_fab_alt_sld_fab_sldfabric:sldfabric|sld_jtag_hub:\jtag_hub_gen:real_sld_jtag_hub|virtual_ir_scan_reg                ; BCDto7Seg:inst|BCDto7Seg_CPU:cpu|BCDto7Seg_CPU_cpu:cpu|BCDto7Seg_CPU_cpu_nios2_oci:the_BCDto7Seg_CPU_cpu_nios2_oci|BCDto7Seg_CPU_cpu_debug_slave_wrapper:the_BCDto7Seg_CPU_cpu_debug_slave_wrapper|BCDto7Seg_CPU_cpu_debug_slave_tck:the_BCDto7Seg_CPU_cpu_debug_slave_tck|sr[32]                                    ; altera_reserved_tck ; altera_reserved_tck ; 100.000      ; -0.067     ; 4.625      ;
; 95.399 ; sld_hub:auto_hub|alt_sld_fab_with_jtag_input:\instrumentation_fabric_with_node_gen:fabric_gen_new_way:with_jtag_input_gen:instrumentation_fabric|alt_sld_fab:instrumentation_fabric|alt_sld_fab_alt_sld_fab:alt_sld_fab|alt_sld_fab_alt_sld_fab_sldfabric:sldfabric|sld_jtag_hub:\jtag_hub_gen:real_sld_jtag_hub|sld_shadow_jsm:shadow_jsm|state[4] ; BCDto7Seg:inst|BCDto7Seg_CPU:cpu|BCDto7Seg_CPU_cpu:cpu|BCDto7Seg_CPU_cpu_nios2_oci:the_BCDto7Seg_CPU_cpu_nios2_oci|BCDto7Seg_CPU_cpu_debug_slave_wrapper:the_BCDto7Seg_CPU_cpu_debug_slave_wrapper|BCDto7Seg_CPU_cpu_debug_slave_tck:the_BCDto7Seg_CPU_cpu_debug_slave_tck|sr[34]                                    ; altera_reserved_tck ; altera_reserved_tck ; 100.000      ; -0.065     ; 4.555      ;
; 95.399 ; sld_hub:auto_hub|alt_sld_fab_with_jtag_input:\instrumentation_fabric_with_node_gen:fabric_gen_new_way:with_jtag_input_gen:instrumentation_fabric|alt_sld_fab:instrumentation_fabric|alt_sld_fab_alt_sld_fab:alt_sld_fab|alt_sld_fab_alt_sld_fab_sldfabric:sldfabric|sld_jtag_hub:\jtag_hub_gen:real_sld_jtag_hub|sld_shadow_jsm:shadow_jsm|state[4] ; BCDto7Seg:inst|BCDto7Seg_CPU:cpu|BCDto7Seg_CPU_cpu:cpu|BCDto7Seg_CPU_cpu_nios2_oci:the_BCDto7Seg_CPU_cpu_nios2_oci|BCDto7Seg_CPU_cpu_debug_slave_wrapper:the_BCDto7Seg_CPU_cpu_debug_slave_wrapper|BCDto7Seg_CPU_cpu_debug_slave_tck:the_BCDto7Seg_CPU_cpu_debug_slave_tck|sr[33]                                    ; altera_reserved_tck ; altera_reserved_tck ; 100.000      ; -0.065     ; 4.555      ;
; 95.437 ; sld_hub:auto_hub|alt_sld_fab_with_jtag_input:\instrumentation_fabric_with_node_gen:fabric_gen_new_way:with_jtag_input_gen:instrumentation_fabric|alt_sld_fab:instrumentation_fabric|alt_sld_fab_alt_sld_fab:alt_sld_fab|alt_sld_fab_alt_sld_fab_sldfabric:sldfabric|sld_jtag_hub:\jtag_hub_gen:real_sld_jtag_hub|irf_reg[1][1]                      ; BCDto7Seg:inst|BCDto7Seg_CPU:cpu|BCDto7Seg_CPU_cpu:cpu|BCDto7Seg_CPU_cpu_nios2_oci:the_BCDto7Seg_CPU_cpu_nios2_oci|BCDto7Seg_CPU_cpu_debug_slave_wrapper:the_BCDto7Seg_CPU_cpu_debug_slave_wrapper|BCDto7Seg_CPU_cpu_debug_slave_tck:the_BCDto7Seg_CPU_cpu_debug_slave_tck|sr[21]                                    ; altera_reserved_tck ; altera_reserved_tck ; 100.000      ; -0.066     ; 4.516      ;
; 95.597 ; sld_hub:auto_hub|alt_sld_fab_with_jtag_input:\instrumentation_fabric_with_node_gen:fabric_gen_new_way:with_jtag_input_gen:instrumentation_fabric|alt_sld_fab:instrumentation_fabric|alt_sld_fab_alt_sld_fab:alt_sld_fab|alt_sld_fab_alt_sld_fab_sldfabric:sldfabric|sld_jtag_hub:\jtag_hub_gen:real_sld_jtag_hub|irf_reg[1][1]                      ; BCDto7Seg:inst|BCDto7Seg_CPU:cpu|BCDto7Seg_CPU_cpu:cpu|BCDto7Seg_CPU_cpu_nios2_oci:the_BCDto7Seg_CPU_cpu_nios2_oci|BCDto7Seg_CPU_cpu_debug_slave_wrapper:the_BCDto7Seg_CPU_cpu_debug_slave_wrapper|BCDto7Seg_CPU_cpu_debug_slave_tck:the_BCDto7Seg_CPU_cpu_debug_slave_tck|sr[34]                                    ; altera_reserved_tck ; altera_reserved_tck ; 100.000      ; -0.065     ; 4.357      ;
; 95.597 ; sld_hub:auto_hub|alt_sld_fab_with_jtag_input:\instrumentation_fabric_with_node_gen:fabric_gen_new_way:with_jtag_input_gen:instrumentation_fabric|alt_sld_fab:instrumentation_fabric|alt_sld_fab_alt_sld_fab:alt_sld_fab|alt_sld_fab_alt_sld_fab_sldfabric:sldfabric|sld_jtag_hub:\jtag_hub_gen:real_sld_jtag_hub|irf_reg[1][1]                      ; BCDto7Seg:inst|BCDto7Seg_CPU:cpu|BCDto7Seg_CPU_cpu:cpu|BCDto7Seg_CPU_cpu_nios2_oci:the_BCDto7Seg_CPU_cpu_nios2_oci|BCDto7Seg_CPU_cpu_debug_slave_wrapper:the_BCDto7Seg_CPU_cpu_debug_slave_wrapper|BCDto7Seg_CPU_cpu_debug_slave_tck:the_BCDto7Seg_CPU_cpu_debug_slave_tck|sr[33]                                    ; altera_reserved_tck ; altera_reserved_tck ; 100.000      ; -0.065     ; 4.357      ;
; 95.597 ; sld_hub:auto_hub|alt_sld_fab_with_jtag_input:\instrumentation_fabric_with_node_gen:fabric_gen_new_way:with_jtag_input_gen:instrumentation_fabric|alt_sld_fab:instrumentation_fabric|alt_sld_fab_alt_sld_fab:alt_sld_fab|alt_sld_fab_alt_sld_fab_sldfabric:sldfabric|sld_jtag_hub:\jtag_hub_gen:real_sld_jtag_hub|sld_shadow_jsm:shadow_jsm|state[4] ; BCDto7Seg:inst|BCDto7Seg_CPU:cpu|BCDto7Seg_CPU_cpu:cpu|BCDto7Seg_CPU_cpu_nios2_oci:the_BCDto7Seg_CPU_cpu_nios2_oci|BCDto7Seg_CPU_cpu_debug_slave_wrapper:the_BCDto7Seg_CPU_cpu_debug_slave_wrapper|BCDto7Seg_CPU_cpu_debug_slave_tck:the_BCDto7Seg_CPU_cpu_debug_slave_tck|sr[29]                                    ; altera_reserved_tck ; altera_reserved_tck ; 100.000      ; -0.066     ; 4.356      ;
; 95.600 ; sld_hub:auto_hub|alt_sld_fab_with_jtag_input:\instrumentation_fabric_with_node_gen:fabric_gen_new_way:with_jtag_input_gen:instrumentation_fabric|alt_sld_fab:instrumentation_fabric|alt_sld_fab_alt_sld_fab:alt_sld_fab|alt_sld_fab_alt_sld_fab_sldfabric:sldfabric|sld_jtag_hub:\jtag_hub_gen:real_sld_jtag_hub|sld_shadow_jsm:shadow_jsm|state[4] ; BCDto7Seg:inst|BCDto7Seg_CPU:cpu|BCDto7Seg_CPU_cpu:cpu|BCDto7Seg_CPU_cpu_nios2_oci:the_BCDto7Seg_CPU_cpu_nios2_oci|BCDto7Seg_CPU_cpu_debug_slave_wrapper:the_BCDto7Seg_CPU_cpu_debug_slave_wrapper|BCDto7Seg_CPU_cpu_debug_slave_tck:the_BCDto7Seg_CPU_cpu_debug_slave_tck|sr[19]                                    ; altera_reserved_tck ; altera_reserved_tck ; 100.000      ; -0.066     ; 4.353      ;
; 95.601 ; sld_hub:auto_hub|alt_sld_fab_with_jtag_input:\instrumentation_fabric_with_node_gen:fabric_gen_new_way:with_jtag_input_gen:instrumentation_fabric|alt_sld_fab:instrumentation_fabric|alt_sld_fab_alt_sld_fab:alt_sld_fab|alt_sld_fab_alt_sld_fab_sldfabric:sldfabric|sld_jtag_hub:\jtag_hub_gen:real_sld_jtag_hub|sld_shadow_jsm:shadow_jsm|state[4] ; BCDto7Seg:inst|BCDto7Seg_CPU:cpu|BCDto7Seg_CPU_cpu:cpu|BCDto7Seg_CPU_cpu_nios2_oci:the_BCDto7Seg_CPU_cpu_nios2_oci|BCDto7Seg_CPU_cpu_debug_slave_wrapper:the_BCDto7Seg_CPU_cpu_debug_slave_wrapper|BCDto7Seg_CPU_cpu_debug_slave_tck:the_BCDto7Seg_CPU_cpu_debug_slave_tck|sr[20]                                    ; altera_reserved_tck ; altera_reserved_tck ; 100.000      ; -0.066     ; 4.352      ;
; 95.605 ; sld_hub:auto_hub|alt_sld_fab_with_jtag_input:\instrumentation_fabric_with_node_gen:fabric_gen_new_way:with_jtag_input_gen:instrumentation_fabric|alt_sld_fab:instrumentation_fabric|alt_sld_fab_alt_sld_fab:alt_sld_fab|alt_sld_fab_alt_sld_fab_sldfabric:sldfabric|sld_jtag_hub:\jtag_hub_gen:real_sld_jtag_hub|sld_shadow_jsm:shadow_jsm|state[4] ; BCDto7Seg:inst|BCDto7Seg_CPU:cpu|BCDto7Seg_CPU_cpu:cpu|BCDto7Seg_CPU_cpu_nios2_oci:the_BCDto7Seg_CPU_cpu_nios2_oci|BCDto7Seg_CPU_cpu_debug_slave_wrapper:the_BCDto7Seg_CPU_cpu_debug_slave_wrapper|BCDto7Seg_CPU_cpu_debug_slave_tck:the_BCDto7Seg_CPU_cpu_debug_slave_tck|sr[21]                                    ; altera_reserved_tck ; altera_reserved_tck ; 100.000      ; -0.066     ; 4.348      ;
; 95.608 ; sld_hub:auto_hub|alt_sld_fab_with_jtag_input:\instrumentation_fabric_with_node_gen:fabric_gen_new_way:with_jtag_input_gen:instrumentation_fabric|alt_sld_fab:instrumentation_fabric|alt_sld_fab_alt_sld_fab:alt_sld_fab|alt_sld_fab_alt_sld_fab_sldfabric:sldfabric|sld_jtag_hub:\jtag_hub_gen:real_sld_jtag_hub|sld_shadow_jsm:shadow_jsm|state[4] ; BCDto7Seg:inst|BCDto7Seg_CPU:cpu|BCDto7Seg_CPU_cpu:cpu|BCDto7Seg_CPU_cpu_nios2_oci:the_BCDto7Seg_CPU_cpu_nios2_oci|BCDto7Seg_CPU_cpu_debug_slave_wrapper:the_BCDto7Seg_CPU_cpu_debug_slave_wrapper|BCDto7Seg_CPU_cpu_debug_slave_tck:the_BCDto7Seg_CPU_cpu_debug_slave_tck|sr[16]                                    ; altera_reserved_tck ; altera_reserved_tck ; 100.000      ; -0.066     ; 4.345      ;
; 95.656 ; sld_hub:auto_hub|alt_sld_fab_with_jtag_input:\instrumentation_fabric_with_node_gen:fabric_gen_new_way:with_jtag_input_gen:instrumentation_fabric|alt_sld_fab:instrumentation_fabric|alt_sld_fab_alt_sld_fab:alt_sld_fab|alt_sld_fab_alt_sld_fab_sldfabric:sldfabric|sld_jtag_hub:\jtag_hub_gen:real_sld_jtag_hub|sld_shadow_jsm:shadow_jsm|state[4] ; BCDto7Seg:inst|BCDto7Seg_CPU:cpu|BCDto7Seg_CPU_cpu:cpu|BCDto7Seg_CPU_cpu_nios2_oci:the_BCDto7Seg_CPU_cpu_nios2_oci|BCDto7Seg_CPU_cpu_debug_slave_wrapper:the_BCDto7Seg_CPU_cpu_debug_slave_wrapper|BCDto7Seg_CPU_cpu_debug_slave_tck:the_BCDto7Seg_CPU_cpu_debug_slave_tck|sr[24]                                    ; altera_reserved_tck ; altera_reserved_tck ; 100.000      ; -0.066     ; 4.297      ;
; 95.658 ; sld_hub:auto_hub|alt_sld_fab_with_jtag_input:\instrumentation_fabric_with_node_gen:fabric_gen_new_way:with_jtag_input_gen:instrumentation_fabric|alt_sld_fab:instrumentation_fabric|alt_sld_fab_alt_sld_fab:alt_sld_fab|alt_sld_fab_alt_sld_fab_sldfabric:sldfabric|sld_jtag_hub:\jtag_hub_gen:real_sld_jtag_hub|sld_shadow_jsm:shadow_jsm|state[4] ; BCDto7Seg:inst|BCDto7Seg_CPU:cpu|BCDto7Seg_CPU_cpu:cpu|BCDto7Seg_CPU_cpu_nios2_oci:the_BCDto7Seg_CPU_cpu_nios2_oci|BCDto7Seg_CPU_cpu_debug_slave_wrapper:the_BCDto7Seg_CPU_cpu_debug_slave_wrapper|BCDto7Seg_CPU_cpu_debug_slave_tck:the_BCDto7Seg_CPU_cpu_debug_slave_tck|sr[23]                                    ; altera_reserved_tck ; altera_reserved_tck ; 100.000      ; -0.066     ; 4.295      ;
; 95.663 ; sld_hub:auto_hub|alt_sld_fab_with_jtag_input:\instrumentation_fabric_with_node_gen:fabric_gen_new_way:with_jtag_input_gen:instrumentation_fabric|alt_sld_fab:instrumentation_fabric|alt_sld_fab_alt_sld_fab:alt_sld_fab|alt_sld_fab_alt_sld_fab_sldfabric:sldfabric|sld_jtag_hub:\jtag_hub_gen:real_sld_jtag_hub|sld_shadow_jsm:shadow_jsm|state[4] ; BCDto7Seg:inst|BCDto7Seg_CPU:cpu|BCDto7Seg_CPU_cpu:cpu|BCDto7Seg_CPU_cpu_nios2_oci:the_BCDto7Seg_CPU_cpu_nios2_oci|BCDto7Seg_CPU_cpu_debug_slave_wrapper:the_BCDto7Seg_CPU_cpu_debug_slave_wrapper|BCDto7Seg_CPU_cpu_debug_slave_tck:the_BCDto7Seg_CPU_cpu_debug_slave_tck|sr[26]                                    ; altera_reserved_tck ; altera_reserved_tck ; 100.000      ; -0.066     ; 4.290      ;
; 95.673 ; sld_hub:auto_hub|alt_sld_fab_with_jtag_input:\instrumentation_fabric_with_node_gen:fabric_gen_new_way:with_jtag_input_gen:instrumentation_fabric|alt_sld_fab:instrumentation_fabric|alt_sld_fab_alt_sld_fab:alt_sld_fab|alt_sld_fab_alt_sld_fab_sldfabric:sldfabric|sld_jtag_hub:\jtag_hub_gen:real_sld_jtag_hub|sld_shadow_jsm:shadow_jsm|state[4] ; BCDto7Seg:inst|BCDto7Seg_CPU:cpu|BCDto7Seg_CPU_cpu:cpu|BCDto7Seg_CPU_cpu_nios2_oci:the_BCDto7Seg_CPU_cpu_nios2_oci|BCDto7Seg_CPU_cpu_debug_slave_wrapper:the_BCDto7Seg_CPU_cpu_debug_slave_wrapper|BCDto7Seg_CPU_cpu_debug_slave_tck:the_BCDto7Seg_CPU_cpu_debug_slave_tck|sr[28]                                    ; altera_reserved_tck ; altera_reserved_tck ; 100.000      ; -0.066     ; 4.280      ;
; 95.675 ; sld_hub:auto_hub|alt_sld_fab_with_jtag_input:\instrumentation_fabric_with_node_gen:fabric_gen_new_way:with_jtag_input_gen:instrumentation_fabric|alt_sld_fab:instrumentation_fabric|alt_sld_fab_alt_sld_fab:alt_sld_fab|alt_sld_fab_alt_sld_fab_sldfabric:sldfabric|sld_jtag_hub:\jtag_hub_gen:real_sld_jtag_hub|sld_shadow_jsm:shadow_jsm|state[4] ; BCDto7Seg:inst|BCDto7Seg_CPU:cpu|BCDto7Seg_CPU_cpu:cpu|BCDto7Seg_CPU_cpu_nios2_oci:the_BCDto7Seg_CPU_cpu_nios2_oci|BCDto7Seg_CPU_cpu_debug_slave_wrapper:the_BCDto7Seg_CPU_cpu_debug_slave_wrapper|BCDto7Seg_CPU_cpu_debug_slave_tck:the_BCDto7Seg_CPU_cpu_debug_slave_tck|sr[22]                                    ; altera_reserved_tck ; altera_reserved_tck ; 100.000      ; -0.066     ; 4.278      ;
; 95.736 ; sld_hub:auto_hub|alt_sld_fab_with_jtag_input:\instrumentation_fabric_with_node_gen:fabric_gen_new_way:with_jtag_input_gen:instrumentation_fabric|alt_sld_fab:instrumentation_fabric|alt_sld_fab_alt_sld_fab:alt_sld_fab|alt_sld_fab_alt_sld_fab_sldfabric:sldfabric|sld_jtag_hub:\jtag_hub_gen:real_sld_jtag_hub|sld_shadow_jsm:shadow_jsm|state[4] ; BCDto7Seg:inst|BCDto7Seg_CPU:cpu|BCDto7Seg_CPU_cpu:cpu|BCDto7Seg_CPU_cpu_nios2_oci:the_BCDto7Seg_CPU_cpu_nios2_oci|BCDto7Seg_CPU_cpu_debug_slave_wrapper:the_BCDto7Seg_CPU_cpu_debug_slave_wrapper|BCDto7Seg_CPU_cpu_debug_slave_tck:the_BCDto7Seg_CPU_cpu_debug_slave_tck|sr[25]                                    ; altera_reserved_tck ; altera_reserved_tck ; 100.000      ; -0.066     ; 4.217      ;
; 95.736 ; sld_hub:auto_hub|alt_sld_fab_with_jtag_input:\instrumentation_fabric_with_node_gen:fabric_gen_new_way:with_jtag_input_gen:instrumentation_fabric|alt_sld_fab:instrumentation_fabric|alt_sld_fab_alt_sld_fab:alt_sld_fab|alt_sld_fab_alt_sld_fab_sldfabric:sldfabric|sld_jtag_hub:\jtag_hub_gen:real_sld_jtag_hub|sld_shadow_jsm:shadow_jsm|state[4] ; BCDto7Seg:inst|BCDto7Seg_CPU:cpu|BCDto7Seg_CPU_cpu:cpu|BCDto7Seg_CPU_cpu_nios2_oci:the_BCDto7Seg_CPU_cpu_nios2_oci|BCDto7Seg_CPU_cpu_debug_slave_wrapper:the_BCDto7Seg_CPU_cpu_debug_slave_wrapper|BCDto7Seg_CPU_cpu_debug_slave_tck:the_BCDto7Seg_CPU_cpu_debug_slave_tck|sr[17]                                    ; altera_reserved_tck ; altera_reserved_tck ; 100.000      ; -0.066     ; 4.217      ;
; 95.736 ; sld_hub:auto_hub|alt_sld_fab_with_jtag_input:\instrumentation_fabric_with_node_gen:fabric_gen_new_way:with_jtag_input_gen:instrumentation_fabric|alt_sld_fab:instrumentation_fabric|alt_sld_fab_alt_sld_fab:alt_sld_fab|alt_sld_fab_alt_sld_fab_sldfabric:sldfabric|sld_jtag_hub:\jtag_hub_gen:real_sld_jtag_hub|sld_shadow_jsm:shadow_jsm|state[4] ; BCDto7Seg:inst|BCDto7Seg_CPU:cpu|BCDto7Seg_CPU_cpu:cpu|BCDto7Seg_CPU_cpu_nios2_oci:the_BCDto7Seg_CPU_cpu_nios2_oci|BCDto7Seg_CPU_cpu_debug_slave_wrapper:the_BCDto7Seg_CPU_cpu_debug_slave_wrapper|BCDto7Seg_CPU_cpu_debug_slave_tck:the_BCDto7Seg_CPU_cpu_debug_slave_tck|sr[18]                                    ; altera_reserved_tck ; altera_reserved_tck ; 100.000      ; -0.066     ; 4.217      ;
; 95.736 ; sld_hub:auto_hub|alt_sld_fab_with_jtag_input:\instrumentation_fabric_with_node_gen:fabric_gen_new_way:with_jtag_input_gen:instrumentation_fabric|alt_sld_fab:instrumentation_fabric|alt_sld_fab_alt_sld_fab:alt_sld_fab|alt_sld_fab_alt_sld_fab_sldfabric:sldfabric|sld_jtag_hub:\jtag_hub_gen:real_sld_jtag_hub|sld_shadow_jsm:shadow_jsm|state[4] ; BCDto7Seg:inst|BCDto7Seg_CPU:cpu|BCDto7Seg_CPU_cpu:cpu|BCDto7Seg_CPU_cpu_nios2_oci:the_BCDto7Seg_CPU_cpu_nios2_oci|BCDto7Seg_CPU_cpu_debug_slave_wrapper:the_BCDto7Seg_CPU_cpu_debug_slave_wrapper|BCDto7Seg_CPU_cpu_debug_slave_tck:the_BCDto7Seg_CPU_cpu_debug_slave_tck|sr[27]                                    ; altera_reserved_tck ; altera_reserved_tck ; 100.000      ; -0.066     ; 4.217      ;
; 95.736 ; sld_hub:auto_hub|alt_sld_fab_with_jtag_input:\instrumentation_fabric_with_node_gen:fabric_gen_new_way:with_jtag_input_gen:instrumentation_fabric|alt_sld_fab:instrumentation_fabric|alt_sld_fab_alt_sld_fab:alt_sld_fab|alt_sld_fab_alt_sld_fab_sldfabric:sldfabric|sld_jtag_hub:\jtag_hub_gen:real_sld_jtag_hub|sld_shadow_jsm:shadow_jsm|state[4] ; BCDto7Seg:inst|BCDto7Seg_CPU:cpu|BCDto7Seg_CPU_cpu:cpu|BCDto7Seg_CPU_cpu_nios2_oci:the_BCDto7Seg_CPU_cpu_nios2_oci|BCDto7Seg_CPU_cpu_debug_slave_wrapper:the_BCDto7Seg_CPU_cpu_debug_slave_wrapper|BCDto7Seg_CPU_cpu_debug_slave_tck:the_BCDto7Seg_CPU_cpu_debug_slave_tck|sr[30]                                    ; altera_reserved_tck ; altera_reserved_tck ; 100.000      ; -0.066     ; 4.217      ;
; 95.736 ; sld_hub:auto_hub|alt_sld_fab_with_jtag_input:\instrumentation_fabric_with_node_gen:fabric_gen_new_way:with_jtag_input_gen:instrumentation_fabric|alt_sld_fab:instrumentation_fabric|alt_sld_fab_alt_sld_fab:alt_sld_fab|alt_sld_fab_alt_sld_fab_sldfabric:sldfabric|sld_jtag_hub:\jtag_hub_gen:real_sld_jtag_hub|sld_shadow_jsm:shadow_jsm|state[4] ; BCDto7Seg:inst|BCDto7Seg_CPU:cpu|BCDto7Seg_CPU_cpu:cpu|BCDto7Seg_CPU_cpu_nios2_oci:the_BCDto7Seg_CPU_cpu_nios2_oci|BCDto7Seg_CPU_cpu_debug_slave_wrapper:the_BCDto7Seg_CPU_cpu_debug_slave_wrapper|BCDto7Seg_CPU_cpu_debug_slave_tck:the_BCDto7Seg_CPU_cpu_debug_slave_tck|sr[32]                                    ; altera_reserved_tck ; altera_reserved_tck ; 100.000      ; -0.066     ; 4.217      ;
; 95.756 ; sld_hub:auto_hub|alt_sld_fab_with_jtag_input:\instrumentation_fabric_with_node_gen:fabric_gen_new_way:with_jtag_input_gen:instrumentation_fabric|alt_sld_fab:instrumentation_fabric|alt_sld_fab_alt_sld_fab:alt_sld_fab|alt_sld_fab_alt_sld_fab_sldfabric:sldfabric|sld_jtag_hub:\jtag_hub_gen:real_sld_jtag_hub|sld_shadow_jsm:shadow_jsm|state[3] ; BCDto7Seg:inst|BCDto7Seg_CPU:cpu|BCDto7Seg_CPU_cpu:cpu|BCDto7Seg_CPU_cpu_nios2_oci:the_BCDto7Seg_CPU_cpu_nios2_oci|BCDto7Seg_CPU_cpu_debug_slave_wrapper:the_BCDto7Seg_CPU_cpu_debug_slave_wrapper|BCDto7Seg_CPU_cpu_debug_slave_tck:the_BCDto7Seg_CPU_cpu_debug_slave_tck|sr[34]                                    ; altera_reserved_tck ; altera_reserved_tck ; 100.000      ; -0.065     ; 4.198      ;
; 95.756 ; sld_hub:auto_hub|alt_sld_fab_with_jtag_input:\instrumentation_fabric_with_node_gen:fabric_gen_new_way:with_jtag_input_gen:instrumentation_fabric|alt_sld_fab:instrumentation_fabric|alt_sld_fab_alt_sld_fab:alt_sld_fab|alt_sld_fab_alt_sld_fab_sldfabric:sldfabric|sld_jtag_hub:\jtag_hub_gen:real_sld_jtag_hub|sld_shadow_jsm:shadow_jsm|state[3] ; BCDto7Seg:inst|BCDto7Seg_CPU:cpu|BCDto7Seg_CPU_cpu:cpu|BCDto7Seg_CPU_cpu_nios2_oci:the_BCDto7Seg_CPU_cpu_nios2_oci|BCDto7Seg_CPU_cpu_debug_slave_wrapper:the_BCDto7Seg_CPU_cpu_debug_slave_wrapper|BCDto7Seg_CPU_cpu_debug_slave_tck:the_BCDto7Seg_CPU_cpu_debug_slave_tck|sr[33]                                    ; altera_reserved_tck ; altera_reserved_tck ; 100.000      ; -0.065     ; 4.198      ;
; 95.789 ; sld_hub:auto_hub|alt_sld_fab_with_jtag_input:\instrumentation_fabric_with_node_gen:fabric_gen_new_way:with_jtag_input_gen:instrumentation_fabric|alt_sld_fab:instrumentation_fabric|alt_sld_fab_alt_sld_fab:alt_sld_fab|alt_sld_fab_alt_sld_fab_sldfabric:sldfabric|sld_jtag_hub:\jtag_hub_gen:real_sld_jtag_hub|sld_shadow_jsm:shadow_jsm|state[3] ; BCDto7Seg:inst|BCDto7Seg_CPU:cpu|BCDto7Seg_CPU_cpu:cpu|BCDto7Seg_CPU_cpu_nios2_oci:the_BCDto7Seg_CPU_cpu_nios2_oci|BCDto7Seg_CPU_cpu_debug_slave_wrapper:the_BCDto7Seg_CPU_cpu_debug_slave_wrapper|BCDto7Seg_CPU_cpu_debug_slave_tck:the_BCDto7Seg_CPU_cpu_debug_slave_tck|sr[36]                                    ; altera_reserved_tck ; altera_reserved_tck ; 100.000      ; -0.066     ; 4.164      ;
; 95.789 ; sld_hub:auto_hub|alt_sld_fab_with_jtag_input:\instrumentation_fabric_with_node_gen:fabric_gen_new_way:with_jtag_input_gen:instrumentation_fabric|alt_sld_fab:instrumentation_fabric|alt_sld_fab_alt_sld_fab:alt_sld_fab|alt_sld_fab_alt_sld_fab_sldfabric:sldfabric|sld_jtag_hub:\jtag_hub_gen:real_sld_jtag_hub|sld_shadow_jsm:shadow_jsm|state[3] ; BCDto7Seg:inst|BCDto7Seg_CPU:cpu|BCDto7Seg_CPU_cpu:cpu|BCDto7Seg_CPU_cpu_nios2_oci:the_BCDto7Seg_CPU_cpu_nios2_oci|BCDto7Seg_CPU_cpu_debug_slave_wrapper:the_BCDto7Seg_CPU_cpu_debug_slave_wrapper|BCDto7Seg_CPU_cpu_debug_slave_tck:the_BCDto7Seg_CPU_cpu_debug_slave_tck|sr[37]                                    ; altera_reserved_tck ; altera_reserved_tck ; 100.000      ; -0.066     ; 4.164      ;
; 95.792 ; sld_hub:auto_hub|alt_sld_fab_with_jtag_input:\instrumentation_fabric_with_node_gen:fabric_gen_new_way:with_jtag_input_gen:instrumentation_fabric|alt_sld_fab:instrumentation_fabric|alt_sld_fab_alt_sld_fab:alt_sld_fab|alt_sld_fab_alt_sld_fab_sldfabric:sldfabric|sld_jtag_hub:\jtag_hub_gen:real_sld_jtag_hub|irf_reg[1][1]                      ; BCDto7Seg:inst|BCDto7Seg_CPU:cpu|BCDto7Seg_CPU_cpu:cpu|BCDto7Seg_CPU_cpu_nios2_oci:the_BCDto7Seg_CPU_cpu_nios2_oci|BCDto7Seg_CPU_cpu_debug_slave_wrapper:the_BCDto7Seg_CPU_cpu_debug_slave_wrapper|BCDto7Seg_CPU_cpu_debug_slave_tck:the_BCDto7Seg_CPU_cpu_debug_slave_tck|sr[0]                                     ; altera_reserved_tck ; altera_reserved_tck ; 100.000      ; -0.063     ; 4.164      ;
; 95.888 ; sld_hub:auto_hub|alt_sld_fab_with_jtag_input:\instrumentation_fabric_with_node_gen:fabric_gen_new_way:with_jtag_input_gen:instrumentation_fabric|alt_sld_fab:instrumentation_fabric|alt_sld_fab_alt_sld_fab:alt_sld_fab|alt_sld_fab_alt_sld_fab_sldfabric:sldfabric|sld_jtag_hub:\jtag_hub_gen:real_sld_jtag_hub|irf_reg[1][1]                      ; BCDto7Seg:inst|BCDto7Seg_CPU:cpu|BCDto7Seg_CPU_cpu:cpu|BCDto7Seg_CPU_cpu_nios2_oci:the_BCDto7Seg_CPU_cpu_nios2_oci|BCDto7Seg_CPU_cpu_debug_slave_wrapper:the_BCDto7Seg_CPU_cpu_debug_slave_wrapper|BCDto7Seg_CPU_cpu_debug_slave_tck:the_BCDto7Seg_CPU_cpu_debug_slave_tck|sr[35]                                    ; altera_reserved_tck ; altera_reserved_tck ; 100.000      ; -0.063     ; 4.068      ;
; 95.898 ; sld_hub:auto_hub|alt_sld_fab_with_jtag_input:\instrumentation_fabric_with_node_gen:fabric_gen_new_way:with_jtag_input_gen:instrumentation_fabric|alt_sld_fab:instrumentation_fabric|alt_sld_fab_alt_sld_fab:alt_sld_fab|alt_sld_fab_alt_sld_fab_sldfabric:sldfabric|sld_jtag_hub:\jtag_hub_gen:real_sld_jtag_hub|virtual_ir_scan_reg                ; BCDto7Seg:inst|BCDto7Seg_CPU:cpu|BCDto7Seg_CPU_cpu:cpu|BCDto7Seg_CPU_cpu_nios2_oci:the_BCDto7Seg_CPU_cpu_nios2_oci|BCDto7Seg_CPU_cpu_debug_slave_wrapper:the_BCDto7Seg_CPU_cpu_debug_slave_wrapper|BCDto7Seg_CPU_cpu_debug_slave_tck:the_BCDto7Seg_CPU_cpu_debug_slave_tck|sr[36]                                    ; altera_reserved_tck ; altera_reserved_tck ; 100.000      ; -0.067     ; 4.054      ;
; 95.898 ; sld_hub:auto_hub|alt_sld_fab_with_jtag_input:\instrumentation_fabric_with_node_gen:fabric_gen_new_way:with_jtag_input_gen:instrumentation_fabric|alt_sld_fab:instrumentation_fabric|alt_sld_fab_alt_sld_fab:alt_sld_fab|alt_sld_fab_alt_sld_fab_sldfabric:sldfabric|sld_jtag_hub:\jtag_hub_gen:real_sld_jtag_hub|virtual_ir_scan_reg                ; BCDto7Seg:inst|BCDto7Seg_CPU:cpu|BCDto7Seg_CPU_cpu:cpu|BCDto7Seg_CPU_cpu_nios2_oci:the_BCDto7Seg_CPU_cpu_nios2_oci|BCDto7Seg_CPU_cpu_debug_slave_wrapper:the_BCDto7Seg_CPU_cpu_debug_slave_wrapper|BCDto7Seg_CPU_cpu_debug_slave_tck:the_BCDto7Seg_CPU_cpu_debug_slave_tck|sr[37]                                    ; altera_reserved_tck ; altera_reserved_tck ; 100.000      ; -0.067     ; 4.054      ;
; 95.914 ; sld_hub:auto_hub|alt_sld_fab_with_jtag_input:\instrumentation_fabric_with_node_gen:fabric_gen_new_way:with_jtag_input_gen:instrumentation_fabric|alt_sld_fab:instrumentation_fabric|alt_sld_fab_alt_sld_fab:alt_sld_fab|alt_sld_fab_alt_sld_fab_sldfabric:sldfabric|sld_jtag_hub:\jtag_hub_gen:real_sld_jtag_hub|irf_reg[1][1]                      ; BCDto7Seg:inst|BCDto7Seg_CPU:cpu|BCDto7Seg_CPU_cpu:cpu|BCDto7Seg_CPU_cpu_nios2_oci:the_BCDto7Seg_CPU_cpu_nios2_oci|BCDto7Seg_CPU_cpu_debug_slave_wrapper:the_BCDto7Seg_CPU_cpu_debug_slave_wrapper|BCDto7Seg_CPU_cpu_debug_slave_tck:the_BCDto7Seg_CPU_cpu_debug_slave_tck|sr[26]                                    ; altera_reserved_tck ; altera_reserved_tck ; 100.000      ; -0.066     ; 4.039      ;
; 95.914 ; sld_hub:auto_hub|alt_sld_fab_with_jtag_input:\instrumentation_fabric_with_node_gen:fabric_gen_new_way:with_jtag_input_gen:instrumentation_fabric|alt_sld_fab:instrumentation_fabric|alt_sld_fab_alt_sld_fab:alt_sld_fab|alt_sld_fab_alt_sld_fab_sldfabric:sldfabric|sld_jtag_hub:\jtag_hub_gen:real_sld_jtag_hub|irf_reg[1][1]                      ; BCDto7Seg:inst|BCDto7Seg_CPU:cpu|BCDto7Seg_CPU_cpu:cpu|BCDto7Seg_CPU_cpu_nios2_oci:the_BCDto7Seg_CPU_cpu_nios2_oci|BCDto7Seg_CPU_cpu_debug_slave_wrapper:the_BCDto7Seg_CPU_cpu_debug_slave_wrapper|BCDto7Seg_CPU_cpu_debug_slave_tck:the_BCDto7Seg_CPU_cpu_debug_slave_tck|sr[25]                                    ; altera_reserved_tck ; altera_reserved_tck ; 100.000      ; -0.066     ; 4.039      ;
; 95.914 ; sld_hub:auto_hub|alt_sld_fab_with_jtag_input:\instrumentation_fabric_with_node_gen:fabric_gen_new_way:with_jtag_input_gen:instrumentation_fabric|alt_sld_fab:instrumentation_fabric|alt_sld_fab_alt_sld_fab:alt_sld_fab|alt_sld_fab_alt_sld_fab_sldfabric:sldfabric|sld_jtag_hub:\jtag_hub_gen:real_sld_jtag_hub|irf_reg[1][1]                      ; BCDto7Seg:inst|BCDto7Seg_CPU:cpu|BCDto7Seg_CPU_cpu:cpu|BCDto7Seg_CPU_cpu_nios2_oci:the_BCDto7Seg_CPU_cpu_nios2_oci|BCDto7Seg_CPU_cpu_debug_slave_wrapper:the_BCDto7Seg_CPU_cpu_debug_slave_wrapper|BCDto7Seg_CPU_cpu_debug_slave_tck:the_BCDto7Seg_CPU_cpu_debug_slave_tck|sr[24]                                    ; altera_reserved_tck ; altera_reserved_tck ; 100.000      ; -0.066     ; 4.039      ;
; 95.914 ; sld_hub:auto_hub|alt_sld_fab_with_jtag_input:\instrumentation_fabric_with_node_gen:fabric_gen_new_way:with_jtag_input_gen:instrumentation_fabric|alt_sld_fab:instrumentation_fabric|alt_sld_fab_alt_sld_fab:alt_sld_fab|alt_sld_fab_alt_sld_fab_sldfabric:sldfabric|sld_jtag_hub:\jtag_hub_gen:real_sld_jtag_hub|irf_reg[1][1]                      ; BCDto7Seg:inst|BCDto7Seg_CPU:cpu|BCDto7Seg_CPU_cpu:cpu|BCDto7Seg_CPU_cpu_nios2_oci:the_BCDto7Seg_CPU_cpu_nios2_oci|BCDto7Seg_CPU_cpu_debug_slave_wrapper:the_BCDto7Seg_CPU_cpu_debug_slave_wrapper|BCDto7Seg_CPU_cpu_debug_slave_tck:the_BCDto7Seg_CPU_cpu_debug_slave_tck|sr[23]                                    ; altera_reserved_tck ; altera_reserved_tck ; 100.000      ; -0.066     ; 4.039      ;
; 95.914 ; sld_hub:auto_hub|alt_sld_fab_with_jtag_input:\instrumentation_fabric_with_node_gen:fabric_gen_new_way:with_jtag_input_gen:instrumentation_fabric|alt_sld_fab:instrumentation_fabric|alt_sld_fab_alt_sld_fab:alt_sld_fab|alt_sld_fab_alt_sld_fab_sldfabric:sldfabric|sld_jtag_hub:\jtag_hub_gen:real_sld_jtag_hub|irf_reg[1][1]                      ; BCDto7Seg:inst|BCDto7Seg_CPU:cpu|BCDto7Seg_CPU_cpu:cpu|BCDto7Seg_CPU_cpu_nios2_oci:the_BCDto7Seg_CPU_cpu_nios2_oci|BCDto7Seg_CPU_cpu_debug_slave_wrapper:the_BCDto7Seg_CPU_cpu_debug_slave_wrapper|BCDto7Seg_CPU_cpu_debug_slave_tck:the_BCDto7Seg_CPU_cpu_debug_slave_tck|sr[22]                                    ; altera_reserved_tck ; altera_reserved_tck ; 100.000      ; -0.066     ; 4.039      ;
; 95.914 ; sld_hub:auto_hub|alt_sld_fab_with_jtag_input:\instrumentation_fabric_with_node_gen:fabric_gen_new_way:with_jtag_input_gen:instrumentation_fabric|alt_sld_fab:instrumentation_fabric|alt_sld_fab_alt_sld_fab:alt_sld_fab|alt_sld_fab_alt_sld_fab_sldfabric:sldfabric|sld_jtag_hub:\jtag_hub_gen:real_sld_jtag_hub|irf_reg[1][1]                      ; BCDto7Seg:inst|BCDto7Seg_CPU:cpu|BCDto7Seg_CPU_cpu:cpu|BCDto7Seg_CPU_cpu_nios2_oci:the_BCDto7Seg_CPU_cpu_nios2_oci|BCDto7Seg_CPU_cpu_debug_slave_wrapper:the_BCDto7Seg_CPU_cpu_debug_slave_wrapper|BCDto7Seg_CPU_cpu_debug_slave_tck:the_BCDto7Seg_CPU_cpu_debug_slave_tck|sr[17]                                    ; altera_reserved_tck ; altera_reserved_tck ; 100.000      ; -0.066     ; 4.039      ;
; 95.914 ; sld_hub:auto_hub|alt_sld_fab_with_jtag_input:\instrumentation_fabric_with_node_gen:fabric_gen_new_way:with_jtag_input_gen:instrumentation_fabric|alt_sld_fab:instrumentation_fabric|alt_sld_fab_alt_sld_fab:alt_sld_fab|alt_sld_fab_alt_sld_fab_sldfabric:sldfabric|sld_jtag_hub:\jtag_hub_gen:real_sld_jtag_hub|irf_reg[1][1]                      ; BCDto7Seg:inst|BCDto7Seg_CPU:cpu|BCDto7Seg_CPU_cpu:cpu|BCDto7Seg_CPU_cpu_nios2_oci:the_BCDto7Seg_CPU_cpu_nios2_oci|BCDto7Seg_CPU_cpu_debug_slave_wrapper:the_BCDto7Seg_CPU_cpu_debug_slave_wrapper|BCDto7Seg_CPU_cpu_debug_slave_tck:the_BCDto7Seg_CPU_cpu_debug_slave_tck|sr[18]                                    ; altera_reserved_tck ; altera_reserved_tck ; 100.000      ; -0.066     ; 4.039      ;
; 95.914 ; sld_hub:auto_hub|alt_sld_fab_with_jtag_input:\instrumentation_fabric_with_node_gen:fabric_gen_new_way:with_jtag_input_gen:instrumentation_fabric|alt_sld_fab:instrumentation_fabric|alt_sld_fab_alt_sld_fab:alt_sld_fab|alt_sld_fab_alt_sld_fab_sldfabric:sldfabric|sld_jtag_hub:\jtag_hub_gen:real_sld_jtag_hub|irf_reg[1][1]                      ; BCDto7Seg:inst|BCDto7Seg_CPU:cpu|BCDto7Seg_CPU_cpu:cpu|BCDto7Seg_CPU_cpu_nios2_oci:the_BCDto7Seg_CPU_cpu_nios2_oci|BCDto7Seg_CPU_cpu_debug_slave_wrapper:the_BCDto7Seg_CPU_cpu_debug_slave_wrapper|BCDto7Seg_CPU_cpu_debug_slave_tck:the_BCDto7Seg_CPU_cpu_debug_slave_tck|sr[20]                                    ; altera_reserved_tck ; altera_reserved_tck ; 100.000      ; -0.066     ; 4.039      ;
; 95.914 ; sld_hub:auto_hub|alt_sld_fab_with_jtag_input:\instrumentation_fabric_with_node_gen:fabric_gen_new_way:with_jtag_input_gen:instrumentation_fabric|alt_sld_fab:instrumentation_fabric|alt_sld_fab_alt_sld_fab:alt_sld_fab|alt_sld_fab_alt_sld_fab_sldfabric:sldfabric|sld_jtag_hub:\jtag_hub_gen:real_sld_jtag_hub|irf_reg[1][1]                      ; BCDto7Seg:inst|BCDto7Seg_CPU:cpu|BCDto7Seg_CPU_cpu:cpu|BCDto7Seg_CPU_cpu_nios2_oci:the_BCDto7Seg_CPU_cpu_nios2_oci|BCDto7Seg_CPU_cpu_debug_slave_wrapper:the_BCDto7Seg_CPU_cpu_debug_slave_wrapper|BCDto7Seg_CPU_cpu_debug_slave_tck:the_BCDto7Seg_CPU_cpu_debug_slave_tck|sr[19]                                    ; altera_reserved_tck ; altera_reserved_tck ; 100.000      ; -0.066     ; 4.039      ;
; 95.914 ; sld_hub:auto_hub|alt_sld_fab_with_jtag_input:\instrumentation_fabric_with_node_gen:fabric_gen_new_way:with_jtag_input_gen:instrumentation_fabric|alt_sld_fab:instrumentation_fabric|alt_sld_fab_alt_sld_fab:alt_sld_fab|alt_sld_fab_alt_sld_fab_sldfabric:sldfabric|sld_jtag_hub:\jtag_hub_gen:real_sld_jtag_hub|irf_reg[1][1]                      ; BCDto7Seg:inst|BCDto7Seg_CPU:cpu|BCDto7Seg_CPU_cpu:cpu|BCDto7Seg_CPU_cpu_nios2_oci:the_BCDto7Seg_CPU_cpu_nios2_oci|BCDto7Seg_CPU_cpu_debug_slave_wrapper:the_BCDto7Seg_CPU_cpu_debug_slave_wrapper|BCDto7Seg_CPU_cpu_debug_slave_tck:the_BCDto7Seg_CPU_cpu_debug_slave_tck|sr[28]                                    ; altera_reserved_tck ; altera_reserved_tck ; 100.000      ; -0.066     ; 4.039      ;
; 95.914 ; sld_hub:auto_hub|alt_sld_fab_with_jtag_input:\instrumentation_fabric_with_node_gen:fabric_gen_new_way:with_jtag_input_gen:instrumentation_fabric|alt_sld_fab:instrumentation_fabric|alt_sld_fab_alt_sld_fab:alt_sld_fab|alt_sld_fab_alt_sld_fab_sldfabric:sldfabric|sld_jtag_hub:\jtag_hub_gen:real_sld_jtag_hub|irf_reg[1][1]                      ; BCDto7Seg:inst|BCDto7Seg_CPU:cpu|BCDto7Seg_CPU_cpu:cpu|BCDto7Seg_CPU_cpu_nios2_oci:the_BCDto7Seg_CPU_cpu_nios2_oci|BCDto7Seg_CPU_cpu_debug_slave_wrapper:the_BCDto7Seg_CPU_cpu_debug_slave_wrapper|BCDto7Seg_CPU_cpu_debug_slave_tck:the_BCDto7Seg_CPU_cpu_debug_slave_tck|sr[27]                                    ; altera_reserved_tck ; altera_reserved_tck ; 100.000      ; -0.066     ; 4.039      ;
; 95.914 ; sld_hub:auto_hub|alt_sld_fab_with_jtag_input:\instrumentation_fabric_with_node_gen:fabric_gen_new_way:with_jtag_input_gen:instrumentation_fabric|alt_sld_fab:instrumentation_fabric|alt_sld_fab_alt_sld_fab:alt_sld_fab|alt_sld_fab_alt_sld_fab_sldfabric:sldfabric|sld_jtag_hub:\jtag_hub_gen:real_sld_jtag_hub|irf_reg[1][1]                      ; BCDto7Seg:inst|BCDto7Seg_CPU:cpu|BCDto7Seg_CPU_cpu:cpu|BCDto7Seg_CPU_cpu_nios2_oci:the_BCDto7Seg_CPU_cpu_nios2_oci|BCDto7Seg_CPU_cpu_debug_slave_wrapper:the_BCDto7Seg_CPU_cpu_debug_slave_wrapper|BCDto7Seg_CPU_cpu_debug_slave_tck:the_BCDto7Seg_CPU_cpu_debug_slave_tck|sr[29]                                    ; altera_reserved_tck ; altera_reserved_tck ; 100.000      ; -0.066     ; 4.039      ;
; 95.914 ; sld_hub:auto_hub|alt_sld_fab_with_jtag_input:\instrumentation_fabric_with_node_gen:fabric_gen_new_way:with_jtag_input_gen:instrumentation_fabric|alt_sld_fab:instrumentation_fabric|alt_sld_fab_alt_sld_fab:alt_sld_fab|alt_sld_fab_alt_sld_fab_sldfabric:sldfabric|sld_jtag_hub:\jtag_hub_gen:real_sld_jtag_hub|irf_reg[1][1]                      ; BCDto7Seg:inst|BCDto7Seg_CPU:cpu|BCDto7Seg_CPU_cpu:cpu|BCDto7Seg_CPU_cpu_nios2_oci:the_BCDto7Seg_CPU_cpu_nios2_oci|BCDto7Seg_CPU_cpu_debug_slave_wrapper:the_BCDto7Seg_CPU_cpu_debug_slave_wrapper|BCDto7Seg_CPU_cpu_debug_slave_tck:the_BCDto7Seg_CPU_cpu_debug_slave_tck|sr[30]                                    ; altera_reserved_tck ; altera_reserved_tck ; 100.000      ; -0.066     ; 4.039      ;
; 95.914 ; sld_hub:auto_hub|alt_sld_fab_with_jtag_input:\instrumentation_fabric_with_node_gen:fabric_gen_new_way:with_jtag_input_gen:instrumentation_fabric|alt_sld_fab:instrumentation_fabric|alt_sld_fab_alt_sld_fab:alt_sld_fab|alt_sld_fab_alt_sld_fab_sldfabric:sldfabric|sld_jtag_hub:\jtag_hub_gen:real_sld_jtag_hub|irf_reg[1][1]                      ; BCDto7Seg:inst|BCDto7Seg_CPU:cpu|BCDto7Seg_CPU_cpu:cpu|BCDto7Seg_CPU_cpu_nios2_oci:the_BCDto7Seg_CPU_cpu_nios2_oci|BCDto7Seg_CPU_cpu_debug_slave_wrapper:the_BCDto7Seg_CPU_cpu_debug_slave_wrapper|BCDto7Seg_CPU_cpu_debug_slave_tck:the_BCDto7Seg_CPU_cpu_debug_slave_tck|sr[32]                                    ; altera_reserved_tck ; altera_reserved_tck ; 100.000      ; -0.066     ; 4.039      ;
; 95.914 ; sld_hub:auto_hub|alt_sld_fab_with_jtag_input:\instrumentation_fabric_with_node_gen:fabric_gen_new_way:with_jtag_input_gen:instrumentation_fabric|alt_sld_fab:instrumentation_fabric|alt_sld_fab_alt_sld_fab:alt_sld_fab|alt_sld_fab_alt_sld_fab_sldfabric:sldfabric|sld_jtag_hub:\jtag_hub_gen:real_sld_jtag_hub|irf_reg[1][1]                      ; BCDto7Seg:inst|BCDto7Seg_CPU:cpu|BCDto7Seg_CPU_cpu:cpu|BCDto7Seg_CPU_cpu_nios2_oci:the_BCDto7Seg_CPU_cpu_nios2_oci|BCDto7Seg_CPU_cpu_debug_slave_wrapper:the_BCDto7Seg_CPU_cpu_debug_slave_wrapper|BCDto7Seg_CPU_cpu_debug_slave_tck:the_BCDto7Seg_CPU_cpu_debug_slave_tck|sr[16]                                    ; altera_reserved_tck ; altera_reserved_tck ; 100.000      ; -0.066     ; 4.039      ;
; 95.987 ; sld_hub:auto_hub|alt_sld_fab_with_jtag_input:\instrumentation_fabric_with_node_gen:fabric_gen_new_way:with_jtag_input_gen:instrumentation_fabric|alt_sld_fab:instrumentation_fabric|alt_sld_fab_alt_sld_fab:alt_sld_fab|splitter_nodes_receive_0[3]                                                                                                 ; BCDto7Seg:inst|BCDto7Seg_CPU:cpu|BCDto7Seg_CPU_cpu:cpu|BCDto7Seg_CPU_cpu_nios2_oci:the_BCDto7Seg_CPU_cpu_nios2_oci|BCDto7Seg_CPU_cpu_debug_slave_wrapper:the_BCDto7Seg_CPU_cpu_debug_slave_wrapper|BCDto7Seg_CPU_cpu_debug_slave_tck:the_BCDto7Seg_CPU_cpu_debug_slave_tck|sr[34]                                    ; altera_reserved_tck ; altera_reserved_tck ; 100.000      ; -0.065     ; 3.967      ;
; 95.987 ; sld_hub:auto_hub|alt_sld_fab_with_jtag_input:\instrumentation_fabric_with_node_gen:fabric_gen_new_way:with_jtag_input_gen:instrumentation_fabric|alt_sld_fab:instrumentation_fabric|alt_sld_fab_alt_sld_fab:alt_sld_fab|splitter_nodes_receive_0[3]                                                                                                 ; BCDto7Seg:inst|BCDto7Seg_CPU:cpu|BCDto7Seg_CPU_cpu:cpu|BCDto7Seg_CPU_cpu_nios2_oci:the_BCDto7Seg_CPU_cpu_nios2_oci|BCDto7Seg_CPU_cpu_debug_slave_wrapper:the_BCDto7Seg_CPU_cpu_debug_slave_wrapper|BCDto7Seg_CPU_cpu_debug_slave_tck:the_BCDto7Seg_CPU_cpu_debug_slave_tck|sr[33]                                    ; altera_reserved_tck ; altera_reserved_tck ; 100.000      ; -0.065     ; 3.967      ;
; 96.037 ; sld_hub:auto_hub|alt_sld_fab_with_jtag_input:\instrumentation_fabric_with_node_gen:fabric_gen_new_way:with_jtag_input_gen:instrumentation_fabric|alt_sld_fab:instrumentation_fabric|alt_sld_fab_alt_sld_fab:alt_sld_fab|alt_sld_fab_alt_sld_fab_sldfabric:sldfabric|sld_jtag_hub:\jtag_hub_gen:real_sld_jtag_hub|irf_reg[1][1]                      ; BCDto7Seg:inst|BCDto7Seg_CPU:cpu|BCDto7Seg_CPU_cpu:cpu|BCDto7Seg_CPU_cpu_nios2_oci:the_BCDto7Seg_CPU_cpu_nios2_oci|BCDto7Seg_CPU_cpu_debug_slave_wrapper:the_BCDto7Seg_CPU_cpu_debug_slave_wrapper|BCDto7Seg_CPU_cpu_debug_slave_tck:the_BCDto7Seg_CPU_cpu_debug_slave_tck|sr[8]                                     ; altera_reserved_tck ; altera_reserved_tck ; 100.000      ; -0.065     ; 3.917      ;
; 96.093 ; sld_hub:auto_hub|alt_sld_fab_with_jtag_input:\instrumentation_fabric_with_node_gen:fabric_gen_new_way:with_jtag_input_gen:instrumentation_fabric|alt_sld_fab:instrumentation_fabric|alt_sld_fab_alt_sld_fab:alt_sld_fab|alt_sld_fab_alt_sld_fab_sldfabric:sldfabric|sld_jtag_hub:\jtag_hub_gen:real_sld_jtag_hub|sld_shadow_jsm:shadow_jsm|state[3] ; BCDto7Seg:inst|BCDto7Seg_CPU:cpu|BCDto7Seg_CPU_cpu:cpu|BCDto7Seg_CPU_cpu_nios2_oci:the_BCDto7Seg_CPU_cpu_nios2_oci|BCDto7Seg_CPU_cpu_debug_slave_wrapper:the_BCDto7Seg_CPU_cpu_debug_slave_wrapper|BCDto7Seg_CPU_cpu_debug_slave_tck:the_BCDto7Seg_CPU_cpu_debug_slave_tck|sr[26]                                    ; altera_reserved_tck ; altera_reserved_tck ; 100.000      ; -0.066     ; 3.860      ;
; 96.093 ; sld_hub:auto_hub|alt_sld_fab_with_jtag_input:\instrumentation_fabric_with_node_gen:fabric_gen_new_way:with_jtag_input_gen:instrumentation_fabric|alt_sld_fab:instrumentation_fabric|alt_sld_fab_alt_sld_fab:alt_sld_fab|alt_sld_fab_alt_sld_fab_sldfabric:sldfabric|sld_jtag_hub:\jtag_hub_gen:real_sld_jtag_hub|sld_shadow_jsm:shadow_jsm|state[3] ; BCDto7Seg:inst|BCDto7Seg_CPU:cpu|BCDto7Seg_CPU_cpu:cpu|BCDto7Seg_CPU_cpu_nios2_oci:the_BCDto7Seg_CPU_cpu_nios2_oci|BCDto7Seg_CPU_cpu_debug_slave_wrapper:the_BCDto7Seg_CPU_cpu_debug_slave_wrapper|BCDto7Seg_CPU_cpu_debug_slave_tck:the_BCDto7Seg_CPU_cpu_debug_slave_tck|sr[25]                                    ; altera_reserved_tck ; altera_reserved_tck ; 100.000      ; -0.066     ; 3.860      ;
; 96.093 ; sld_hub:auto_hub|alt_sld_fab_with_jtag_input:\instrumentation_fabric_with_node_gen:fabric_gen_new_way:with_jtag_input_gen:instrumentation_fabric|alt_sld_fab:instrumentation_fabric|alt_sld_fab_alt_sld_fab:alt_sld_fab|alt_sld_fab_alt_sld_fab_sldfabric:sldfabric|sld_jtag_hub:\jtag_hub_gen:real_sld_jtag_hub|sld_shadow_jsm:shadow_jsm|state[3] ; BCDto7Seg:inst|BCDto7Seg_CPU:cpu|BCDto7Seg_CPU_cpu:cpu|BCDto7Seg_CPU_cpu_nios2_oci:the_BCDto7Seg_CPU_cpu_nios2_oci|BCDto7Seg_CPU_cpu_debug_slave_wrapper:the_BCDto7Seg_CPU_cpu_debug_slave_wrapper|BCDto7Seg_CPU_cpu_debug_slave_tck:the_BCDto7Seg_CPU_cpu_debug_slave_tck|sr[24]                                    ; altera_reserved_tck ; altera_reserved_tck ; 100.000      ; -0.066     ; 3.860      ;
; 96.093 ; sld_hub:auto_hub|alt_sld_fab_with_jtag_input:\instrumentation_fabric_with_node_gen:fabric_gen_new_way:with_jtag_input_gen:instrumentation_fabric|alt_sld_fab:instrumentation_fabric|alt_sld_fab_alt_sld_fab:alt_sld_fab|alt_sld_fab_alt_sld_fab_sldfabric:sldfabric|sld_jtag_hub:\jtag_hub_gen:real_sld_jtag_hub|sld_shadow_jsm:shadow_jsm|state[3] ; BCDto7Seg:inst|BCDto7Seg_CPU:cpu|BCDto7Seg_CPU_cpu:cpu|BCDto7Seg_CPU_cpu_nios2_oci:the_BCDto7Seg_CPU_cpu_nios2_oci|BCDto7Seg_CPU_cpu_debug_slave_wrapper:the_BCDto7Seg_CPU_cpu_debug_slave_wrapper|BCDto7Seg_CPU_cpu_debug_slave_tck:the_BCDto7Seg_CPU_cpu_debug_slave_tck|sr[23]                                    ; altera_reserved_tck ; altera_reserved_tck ; 100.000      ; -0.066     ; 3.860      ;
; 96.093 ; sld_hub:auto_hub|alt_sld_fab_with_jtag_input:\instrumentation_fabric_with_node_gen:fabric_gen_new_way:with_jtag_input_gen:instrumentation_fabric|alt_sld_fab:instrumentation_fabric|alt_sld_fab_alt_sld_fab:alt_sld_fab|alt_sld_fab_alt_sld_fab_sldfabric:sldfabric|sld_jtag_hub:\jtag_hub_gen:real_sld_jtag_hub|sld_shadow_jsm:shadow_jsm|state[3] ; BCDto7Seg:inst|BCDto7Seg_CPU:cpu|BCDto7Seg_CPU_cpu:cpu|BCDto7Seg_CPU_cpu_nios2_oci:the_BCDto7Seg_CPU_cpu_nios2_oci|BCDto7Seg_CPU_cpu_debug_slave_wrapper:the_BCDto7Seg_CPU_cpu_debug_slave_wrapper|BCDto7Seg_CPU_cpu_debug_slave_tck:the_BCDto7Seg_CPU_cpu_debug_slave_tck|sr[22]                                    ; altera_reserved_tck ; altera_reserved_tck ; 100.000      ; -0.066     ; 3.860      ;
; 96.093 ; sld_hub:auto_hub|alt_sld_fab_with_jtag_input:\instrumentation_fabric_with_node_gen:fabric_gen_new_way:with_jtag_input_gen:instrumentation_fabric|alt_sld_fab:instrumentation_fabric|alt_sld_fab_alt_sld_fab:alt_sld_fab|alt_sld_fab_alt_sld_fab_sldfabric:sldfabric|sld_jtag_hub:\jtag_hub_gen:real_sld_jtag_hub|sld_shadow_jsm:shadow_jsm|state[3] ; BCDto7Seg:inst|BCDto7Seg_CPU:cpu|BCDto7Seg_CPU_cpu:cpu|BCDto7Seg_CPU_cpu_nios2_oci:the_BCDto7Seg_CPU_cpu_nios2_oci|BCDto7Seg_CPU_cpu_debug_slave_wrapper:the_BCDto7Seg_CPU_cpu_debug_slave_wrapper|BCDto7Seg_CPU_cpu_debug_slave_tck:the_BCDto7Seg_CPU_cpu_debug_slave_tck|sr[21]                                    ; altera_reserved_tck ; altera_reserved_tck ; 100.000      ; -0.066     ; 3.860      ;
; 96.093 ; sld_hub:auto_hub|alt_sld_fab_with_jtag_input:\instrumentation_fabric_with_node_gen:fabric_gen_new_way:with_jtag_input_gen:instrumentation_fabric|alt_sld_fab:instrumentation_fabric|alt_sld_fab_alt_sld_fab:alt_sld_fab|alt_sld_fab_alt_sld_fab_sldfabric:sldfabric|sld_jtag_hub:\jtag_hub_gen:real_sld_jtag_hub|sld_shadow_jsm:shadow_jsm|state[3] ; BCDto7Seg:inst|BCDto7Seg_CPU:cpu|BCDto7Seg_CPU_cpu:cpu|BCDto7Seg_CPU_cpu_nios2_oci:the_BCDto7Seg_CPU_cpu_nios2_oci|BCDto7Seg_CPU_cpu_debug_slave_wrapper:the_BCDto7Seg_CPU_cpu_debug_slave_wrapper|BCDto7Seg_CPU_cpu_debug_slave_tck:the_BCDto7Seg_CPU_cpu_debug_slave_tck|sr[17]                                    ; altera_reserved_tck ; altera_reserved_tck ; 100.000      ; -0.066     ; 3.860      ;
; 96.093 ; sld_hub:auto_hub|alt_sld_fab_with_jtag_input:\instrumentation_fabric_with_node_gen:fabric_gen_new_way:with_jtag_input_gen:instrumentation_fabric|alt_sld_fab:instrumentation_fabric|alt_sld_fab_alt_sld_fab:alt_sld_fab|alt_sld_fab_alt_sld_fab_sldfabric:sldfabric|sld_jtag_hub:\jtag_hub_gen:real_sld_jtag_hub|sld_shadow_jsm:shadow_jsm|state[3] ; BCDto7Seg:inst|BCDto7Seg_CPU:cpu|BCDto7Seg_CPU_cpu:cpu|BCDto7Seg_CPU_cpu_nios2_oci:the_BCDto7Seg_CPU_cpu_nios2_oci|BCDto7Seg_CPU_cpu_debug_slave_wrapper:the_BCDto7Seg_CPU_cpu_debug_slave_wrapper|BCDto7Seg_CPU_cpu_debug_slave_tck:the_BCDto7Seg_CPU_cpu_debug_slave_tck|sr[18]                                    ; altera_reserved_tck ; altera_reserved_tck ; 100.000      ; -0.066     ; 3.860      ;
; 96.093 ; sld_hub:auto_hub|alt_sld_fab_with_jtag_input:\instrumentation_fabric_with_node_gen:fabric_gen_new_way:with_jtag_input_gen:instrumentation_fabric|alt_sld_fab:instrumentation_fabric|alt_sld_fab_alt_sld_fab:alt_sld_fab|alt_sld_fab_alt_sld_fab_sldfabric:sldfabric|sld_jtag_hub:\jtag_hub_gen:real_sld_jtag_hub|sld_shadow_jsm:shadow_jsm|state[3] ; BCDto7Seg:inst|BCDto7Seg_CPU:cpu|BCDto7Seg_CPU_cpu:cpu|BCDto7Seg_CPU_cpu_nios2_oci:the_BCDto7Seg_CPU_cpu_nios2_oci|BCDto7Seg_CPU_cpu_debug_slave_wrapper:the_BCDto7Seg_CPU_cpu_debug_slave_wrapper|BCDto7Seg_CPU_cpu_debug_slave_tck:the_BCDto7Seg_CPU_cpu_debug_slave_tck|sr[20]                                    ; altera_reserved_tck ; altera_reserved_tck ; 100.000      ; -0.066     ; 3.860      ;
; 96.093 ; sld_hub:auto_hub|alt_sld_fab_with_jtag_input:\instrumentation_fabric_with_node_gen:fabric_gen_new_way:with_jtag_input_gen:instrumentation_fabric|alt_sld_fab:instrumentation_fabric|alt_sld_fab_alt_sld_fab:alt_sld_fab|alt_sld_fab_alt_sld_fab_sldfabric:sldfabric|sld_jtag_hub:\jtag_hub_gen:real_sld_jtag_hub|sld_shadow_jsm:shadow_jsm|state[3] ; BCDto7Seg:inst|BCDto7Seg_CPU:cpu|BCDto7Seg_CPU_cpu:cpu|BCDto7Seg_CPU_cpu_nios2_oci:the_BCDto7Seg_CPU_cpu_nios2_oci|BCDto7Seg_CPU_cpu_debug_slave_wrapper:the_BCDto7Seg_CPU_cpu_debug_slave_wrapper|BCDto7Seg_CPU_cpu_debug_slave_tck:the_BCDto7Seg_CPU_cpu_debug_slave_tck|sr[19]                                    ; altera_reserved_tck ; altera_reserved_tck ; 100.000      ; -0.066     ; 3.860      ;
; 96.093 ; sld_hub:auto_hub|alt_sld_fab_with_jtag_input:\instrumentation_fabric_with_node_gen:fabric_gen_new_way:with_jtag_input_gen:instrumentation_fabric|alt_sld_fab:instrumentation_fabric|alt_sld_fab_alt_sld_fab:alt_sld_fab|alt_sld_fab_alt_sld_fab_sldfabric:sldfabric|sld_jtag_hub:\jtag_hub_gen:real_sld_jtag_hub|sld_shadow_jsm:shadow_jsm|state[3] ; BCDto7Seg:inst|BCDto7Seg_CPU:cpu|BCDto7Seg_CPU_cpu:cpu|BCDto7Seg_CPU_cpu_nios2_oci:the_BCDto7Seg_CPU_cpu_nios2_oci|BCDto7Seg_CPU_cpu_debug_slave_wrapper:the_BCDto7Seg_CPU_cpu_debug_slave_wrapper|BCDto7Seg_CPU_cpu_debug_slave_tck:the_BCDto7Seg_CPU_cpu_debug_slave_tck|sr[28]                                    ; altera_reserved_tck ; altera_reserved_tck ; 100.000      ; -0.066     ; 3.860      ;
; 96.093 ; sld_hub:auto_hub|alt_sld_fab_with_jtag_input:\instrumentation_fabric_with_node_gen:fabric_gen_new_way:with_jtag_input_gen:instrumentation_fabric|alt_sld_fab:instrumentation_fabric|alt_sld_fab_alt_sld_fab:alt_sld_fab|alt_sld_fab_alt_sld_fab_sldfabric:sldfabric|sld_jtag_hub:\jtag_hub_gen:real_sld_jtag_hub|sld_shadow_jsm:shadow_jsm|state[3] ; BCDto7Seg:inst|BCDto7Seg_CPU:cpu|BCDto7Seg_CPU_cpu:cpu|BCDto7Seg_CPU_cpu_nios2_oci:the_BCDto7Seg_CPU_cpu_nios2_oci|BCDto7Seg_CPU_cpu_debug_slave_wrapper:the_BCDto7Seg_CPU_cpu_debug_slave_wrapper|BCDto7Seg_CPU_cpu_debug_slave_tck:the_BCDto7Seg_CPU_cpu_debug_slave_tck|sr[27]                                    ; altera_reserved_tck ; altera_reserved_tck ; 100.000      ; -0.066     ; 3.860      ;
; 96.093 ; sld_hub:auto_hub|alt_sld_fab_with_jtag_input:\instrumentation_fabric_with_node_gen:fabric_gen_new_way:with_jtag_input_gen:instrumentation_fabric|alt_sld_fab:instrumentation_fabric|alt_sld_fab_alt_sld_fab:alt_sld_fab|alt_sld_fab_alt_sld_fab_sldfabric:sldfabric|sld_jtag_hub:\jtag_hub_gen:real_sld_jtag_hub|sld_shadow_jsm:shadow_jsm|state[3] ; BCDto7Seg:inst|BCDto7Seg_CPU:cpu|BCDto7Seg_CPU_cpu:cpu|BCDto7Seg_CPU_cpu_nios2_oci:the_BCDto7Seg_CPU_cpu_nios2_oci|BCDto7Seg_CPU_cpu_debug_slave_wrapper:the_BCDto7Seg_CPU_cpu_debug_slave_wrapper|BCDto7Seg_CPU_cpu_debug_slave_tck:the_BCDto7Seg_CPU_cpu_debug_slave_tck|sr[29]                                    ; altera_reserved_tck ; altera_reserved_tck ; 100.000      ; -0.066     ; 3.860      ;
; 96.093 ; sld_hub:auto_hub|alt_sld_fab_with_jtag_input:\instrumentation_fabric_with_node_gen:fabric_gen_new_way:with_jtag_input_gen:instrumentation_fabric|alt_sld_fab:instrumentation_fabric|alt_sld_fab_alt_sld_fab:alt_sld_fab|alt_sld_fab_alt_sld_fab_sldfabric:sldfabric|sld_jtag_hub:\jtag_hub_gen:real_sld_jtag_hub|sld_shadow_jsm:shadow_jsm|state[3] ; BCDto7Seg:inst|BCDto7Seg_CPU:cpu|BCDto7Seg_CPU_cpu:cpu|BCDto7Seg_CPU_cpu_nios2_oci:the_BCDto7Seg_CPU_cpu_nios2_oci|BCDto7Seg_CPU_cpu_debug_slave_wrapper:the_BCDto7Seg_CPU_cpu_debug_slave_wrapper|BCDto7Seg_CPU_cpu_debug_slave_tck:the_BCDto7Seg_CPU_cpu_debug_slave_tck|sr[30]                                    ; altera_reserved_tck ; altera_reserved_tck ; 100.000      ; -0.066     ; 3.860      ;
; 96.093 ; sld_hub:auto_hub|alt_sld_fab_with_jtag_input:\instrumentation_fabric_with_node_gen:fabric_gen_new_way:with_jtag_input_gen:instrumentation_fabric|alt_sld_fab:instrumentation_fabric|alt_sld_fab_alt_sld_fab:alt_sld_fab|alt_sld_fab_alt_sld_fab_sldfabric:sldfabric|sld_jtag_hub:\jtag_hub_gen:real_sld_jtag_hub|sld_shadow_jsm:shadow_jsm|state[3] ; BCDto7Seg:inst|BCDto7Seg_CPU:cpu|BCDto7Seg_CPU_cpu:cpu|BCDto7Seg_CPU_cpu_nios2_oci:the_BCDto7Seg_CPU_cpu_nios2_oci|BCDto7Seg_CPU_cpu_debug_slave_wrapper:the_BCDto7Seg_CPU_cpu_debug_slave_wrapper|BCDto7Seg_CPU_cpu_debug_slave_tck:the_BCDto7Seg_CPU_cpu_debug_slave_tck|sr[32]                                    ; altera_reserved_tck ; altera_reserved_tck ; 100.000      ; -0.066     ; 3.860      ;
; 96.093 ; sld_hub:auto_hub|alt_sld_fab_with_jtag_input:\instrumentation_fabric_with_node_gen:fabric_gen_new_way:with_jtag_input_gen:instrumentation_fabric|alt_sld_fab:instrumentation_fabric|alt_sld_fab_alt_sld_fab:alt_sld_fab|alt_sld_fab_alt_sld_fab_sldfabric:sldfabric|sld_jtag_hub:\jtag_hub_gen:real_sld_jtag_hub|sld_shadow_jsm:shadow_jsm|state[3] ; BCDto7Seg:inst|BCDto7Seg_CPU:cpu|BCDto7Seg_CPU_cpu:cpu|BCDto7Seg_CPU_cpu_nios2_oci:the_BCDto7Seg_CPU_cpu_nios2_oci|BCDto7Seg_CPU_cpu_debug_slave_wrapper:the_BCDto7Seg_CPU_cpu_debug_slave_wrapper|BCDto7Seg_CPU_cpu_debug_slave_tck:the_BCDto7Seg_CPU_cpu_debug_slave_tck|sr[16]                                    ; altera_reserved_tck ; altera_reserved_tck ; 100.000      ; -0.066     ; 3.860      ;
; 96.095 ; sld_hub:auto_hub|alt_sld_fab_with_jtag_input:\instrumentation_fabric_with_node_gen:fabric_gen_new_way:with_jtag_input_gen:instrumentation_fabric|alt_sld_fab:instrumentation_fabric|alt_sld_fab_alt_sld_fab:alt_sld_fab|alt_sld_fab_alt_sld_fab_sldfabric:sldfabric|sld_jtag_hub:\jtag_hub_gen:real_sld_jtag_hub|sld_shadow_jsm:shadow_jsm|state[3] ; BCDto7Seg:inst|BCDto7Seg_CPU:cpu|BCDto7Seg_CPU_cpu:cpu|BCDto7Seg_CPU_cpu_nios2_oci:the_BCDto7Seg_CPU_cpu_nios2_oci|BCDto7Seg_CPU_cpu_debug_slave_wrapper:the_BCDto7Seg_CPU_cpu_debug_slave_wrapper|BCDto7Seg_CPU_cpu_debug_slave_tck:the_BCDto7Seg_CPU_cpu_debug_slave_tck|sr[35]                                    ; altera_reserved_tck ; altera_reserved_tck ; 100.000      ; -0.063     ; 3.861      ;
; 96.185 ; sld_hub:auto_hub|alt_sld_fab_with_jtag_input:\instrumentation_fabric_with_node_gen:fabric_gen_new_way:with_jtag_input_gen:instrumentation_fabric|alt_sld_fab:instrumentation_fabric|alt_sld_fab_alt_sld_fab:alt_sld_fab|splitter_nodes_receive_0[3]                                                                                                 ; BCDto7Seg:inst|BCDto7Seg_CPU:cpu|BCDto7Seg_CPU_cpu:cpu|BCDto7Seg_CPU_cpu_nios2_oci:the_BCDto7Seg_CPU_cpu_nios2_oci|BCDto7Seg_CPU_cpu_debug_slave_wrapper:the_BCDto7Seg_CPU_cpu_debug_slave_wrapper|BCDto7Seg_CPU_cpu_debug_slave_tck:the_BCDto7Seg_CPU_cpu_debug_slave_tck|sr[29]                                    ; altera_reserved_tck ; altera_reserved_tck ; 100.000      ; -0.066     ; 3.768      ;
; 96.188 ; sld_hub:auto_hub|alt_sld_fab_with_jtag_input:\instrumentation_fabric_with_node_gen:fabric_gen_new_way:with_jtag_input_gen:instrumentation_fabric|alt_sld_fab:instrumentation_fabric|alt_sld_fab_alt_sld_fab:alt_sld_fab|splitter_nodes_receive_0[3]                                                                                                 ; BCDto7Seg:inst|BCDto7Seg_CPU:cpu|BCDto7Seg_CPU_cpu:cpu|BCDto7Seg_CPU_cpu_nios2_oci:the_BCDto7Seg_CPU_cpu_nios2_oci|BCDto7Seg_CPU_cpu_debug_slave_wrapper:the_BCDto7Seg_CPU_cpu_debug_slave_wrapper|BCDto7Seg_CPU_cpu_debug_slave_tck:the_BCDto7Seg_CPU_cpu_debug_slave_tck|sr[19]                                    ; altera_reserved_tck ; altera_reserved_tck ; 100.000      ; -0.066     ; 3.765      ;
; 96.189 ; sld_hub:auto_hub|alt_sld_fab_with_jtag_input:\instrumentation_fabric_with_node_gen:fabric_gen_new_way:with_jtag_input_gen:instrumentation_fabric|alt_sld_fab:instrumentation_fabric|alt_sld_fab_alt_sld_fab:alt_sld_fab|splitter_nodes_receive_0[3]                                                                                                 ; BCDto7Seg:inst|BCDto7Seg_CPU:cpu|BCDto7Seg_CPU_cpu:cpu|BCDto7Seg_CPU_cpu_nios2_oci:the_BCDto7Seg_CPU_cpu_nios2_oci|BCDto7Seg_CPU_cpu_debug_slave_wrapper:the_BCDto7Seg_CPU_cpu_debug_slave_wrapper|BCDto7Seg_CPU_cpu_debug_slave_tck:the_BCDto7Seg_CPU_cpu_debug_slave_tck|sr[20]                                    ; altera_reserved_tck ; altera_reserved_tck ; 100.000      ; -0.066     ; 3.764      ;
; 96.193 ; sld_hub:auto_hub|alt_sld_fab_with_jtag_input:\instrumentation_fabric_with_node_gen:fabric_gen_new_way:with_jtag_input_gen:instrumentation_fabric|alt_sld_fab:instrumentation_fabric|alt_sld_fab_alt_sld_fab:alt_sld_fab|splitter_nodes_receive_0[3]                                                                                                 ; BCDto7Seg:inst|BCDto7Seg_CPU:cpu|BCDto7Seg_CPU_cpu:cpu|BCDto7Seg_CPU_cpu_nios2_oci:the_BCDto7Seg_CPU_cpu_nios2_oci|BCDto7Seg_CPU_cpu_debug_slave_wrapper:the_BCDto7Seg_CPU_cpu_debug_slave_wrapper|BCDto7Seg_CPU_cpu_debug_slave_tck:the_BCDto7Seg_CPU_cpu_debug_slave_tck|sr[21]                                    ; altera_reserved_tck ; altera_reserved_tck ; 100.000      ; -0.066     ; 3.760      ;
+--------+-----------------------------------------------------------------------------------------------------------------------------------------------------------------------------------------------------------------------------------------------------------------------------------------------------------------------------------------------------+----------------------------------------------------------------------------------------------------------------------------------------------------------------------------------------------------------------------------------------------------------------------------------------------------------------------+---------------------+---------------------+--------------+------------+------------+


+------------------------------------------------------------------------------------------------------------------------------------------------------------------------------------------------------------------------------------------------------------------------------------------------------------------------------------------------------------------------------------------------------------------------------------------------------------------------------------------------------------------------------------------------------------------------------------------------------------------------------------------------------------------------------------------------------------------------------------------------------------------------------------------------------------------+
; Slow 1200mV 0C Model Hold: 'altera_reserved_tck'                                                                                                                                                                                                                                                                                                                                                                                                                                                                                                                                                                                                                                                                                                                                                                 ;
+-------+----------------------------------------------------------------------------------------------------------------------------------------------------------------------------------------------------------------------------------------------------------------------------------------------------------------------------------------------------------+----------------------------------------------------------------------------------------------------------------------------------------------------------------------------------------------------------------------------------------------------------------------------------------------------------------------------------------------------------+---------------------+---------------------+--------------+------------+------------+
; Slack ; From Node                                                                                                                                                                                                                                                                                                                                                ; To Node                                                                                                                                                                                                                                                                                                                                                  ; Launch Clock        ; Latch Clock         ; Relationship ; Clock Skew ; Data Delay ;
+-------+----------------------------------------------------------------------------------------------------------------------------------------------------------------------------------------------------------------------------------------------------------------------------------------------------------------------------------------------------------+----------------------------------------------------------------------------------------------------------------------------------------------------------------------------------------------------------------------------------------------------------------------------------------------------------------------------------------------------------+---------------------+---------------------+--------------+------------+------------+
; 0.354 ; sld_hub:auto_hub|alt_sld_fab_with_jtag_input:\instrumentation_fabric_with_node_gen:fabric_gen_new_way:with_jtag_input_gen:instrumentation_fabric|alt_sld_fab:instrumentation_fabric|alt_sld_fab_alt_sld_fab:alt_sld_fab|splitter_nodes_receive_0[3]                                                                                                      ; sld_hub:auto_hub|alt_sld_fab_with_jtag_input:\instrumentation_fabric_with_node_gen:fabric_gen_new_way:with_jtag_input_gen:instrumentation_fabric|alt_sld_fab:instrumentation_fabric|alt_sld_fab_alt_sld_fab:alt_sld_fab|splitter_nodes_receive_0[3]                                                                                                      ; altera_reserved_tck ; altera_reserved_tck ; 0.000        ; 0.072      ; 0.597      ;
; 0.354 ; sld_hub:auto_hub|alt_sld_fab_with_jtag_input:\instrumentation_fabric_with_node_gen:fabric_gen_new_way:with_jtag_input_gen:instrumentation_fabric|alt_sld_fab:instrumentation_fabric|alt_sld_fab_alt_sld_fab:alt_sld_fab|alt_sld_fab_alt_sld_fab_sldfabric:sldfabric|sld_jtag_hub:\jtag_hub_gen:real_sld_jtag_hub|tdo_bypass_reg                          ; sld_hub:auto_hub|alt_sld_fab_with_jtag_input:\instrumentation_fabric_with_node_gen:fabric_gen_new_way:with_jtag_input_gen:instrumentation_fabric|alt_sld_fab:instrumentation_fabric|alt_sld_fab_alt_sld_fab:alt_sld_fab|alt_sld_fab_alt_sld_fab_sldfabric:sldfabric|sld_jtag_hub:\jtag_hub_gen:real_sld_jtag_hub|tdo_bypass_reg                          ; altera_reserved_tck ; altera_reserved_tck ; 0.000        ; 0.072      ; 0.597      ;
; 0.354 ; sld_hub:auto_hub|alt_sld_fab_with_jtag_input:\instrumentation_fabric_with_node_gen:fabric_gen_new_way:with_jtag_input_gen:instrumentation_fabric|alt_sld_fab:instrumentation_fabric|alt_sld_fab_alt_sld_fab:alt_sld_fab|alt_sld_fab_alt_sld_fab_sldfabric:sldfabric|sld_jtag_hub:\jtag_hub_gen:real_sld_jtag_hub|hub_mode_reg[1]                         ; sld_hub:auto_hub|alt_sld_fab_with_jtag_input:\instrumentation_fabric_with_node_gen:fabric_gen_new_way:with_jtag_input_gen:instrumentation_fabric|alt_sld_fab:instrumentation_fabric|alt_sld_fab_alt_sld_fab:alt_sld_fab|alt_sld_fab_alt_sld_fab_sldfabric:sldfabric|sld_jtag_hub:\jtag_hub_gen:real_sld_jtag_hub|hub_mode_reg[1]                         ; altera_reserved_tck ; altera_reserved_tck ; 0.000        ; 0.072      ; 0.597      ;
; 0.354 ; sld_hub:auto_hub|alt_sld_fab_with_jtag_input:\instrumentation_fabric_with_node_gen:fabric_gen_new_way:with_jtag_input_gen:instrumentation_fabric|alt_sld_fab:instrumentation_fabric|alt_sld_fab_alt_sld_fab:alt_sld_fab|alt_sld_fab_alt_sld_fab_sldfabric:sldfabric|sld_jtag_hub:\jtag_hub_gen:real_sld_jtag_hub|hub_mode_reg[2]                         ; sld_hub:auto_hub|alt_sld_fab_with_jtag_input:\instrumentation_fabric_with_node_gen:fabric_gen_new_way:with_jtag_input_gen:instrumentation_fabric|alt_sld_fab:instrumentation_fabric|alt_sld_fab_alt_sld_fab:alt_sld_fab|alt_sld_fab_alt_sld_fab_sldfabric:sldfabric|sld_jtag_hub:\jtag_hub_gen:real_sld_jtag_hub|hub_mode_reg[2]                         ; altera_reserved_tck ; altera_reserved_tck ; 0.000        ; 0.072      ; 0.597      ;
; 0.354 ; sld_hub:auto_hub|alt_sld_fab_with_jtag_input:\instrumentation_fabric_with_node_gen:fabric_gen_new_way:with_jtag_input_gen:instrumentation_fabric|alt_sld_fab:instrumentation_fabric|alt_sld_fab_alt_sld_fab:alt_sld_fab|alt_sld_fab_alt_sld_fab_sldfabric:sldfabric|sld_jtag_hub:\jtag_hub_gen:real_sld_jtag_hub|sld_shadow_jsm:shadow_jsm|state[0]      ; sld_hub:auto_hub|alt_sld_fab_with_jtag_input:\instrumentation_fabric_with_node_gen:fabric_gen_new_way:with_jtag_input_gen:instrumentation_fabric|alt_sld_fab:instrumentation_fabric|alt_sld_fab_alt_sld_fab:alt_sld_fab|alt_sld_fab_alt_sld_fab_sldfabric:sldfabric|sld_jtag_hub:\jtag_hub_gen:real_sld_jtag_hub|sld_shadow_jsm:shadow_jsm|state[0]      ; altera_reserved_tck ; altera_reserved_tck ; 0.000        ; 0.072      ; 0.597      ;
; 0.354 ; sld_hub:auto_hub|alt_sld_fab_with_jtag_input:\instrumentation_fabric_with_node_gen:fabric_gen_new_way:with_jtag_input_gen:instrumentation_fabric|alt_sld_fab:instrumentation_fabric|alt_sld_fab_alt_sld_fab:alt_sld_fab|alt_sld_fab_alt_sld_fab_sldfabric:sldfabric|sld_jtag_hub:\jtag_hub_gen:real_sld_jtag_hub|sld_shadow_jsm:shadow_jsm|tms_cnt[2]    ; sld_hub:auto_hub|alt_sld_fab_with_jtag_input:\instrumentation_fabric_with_node_gen:fabric_gen_new_way:with_jtag_input_gen:instrumentation_fabric|alt_sld_fab:instrumentation_fabric|alt_sld_fab_alt_sld_fab:alt_sld_fab|alt_sld_fab_alt_sld_fab_sldfabric:sldfabric|sld_jtag_hub:\jtag_hub_gen:real_sld_jtag_hub|sld_shadow_jsm:shadow_jsm|tms_cnt[2]    ; altera_reserved_tck ; altera_reserved_tck ; 0.000        ; 0.072      ; 0.597      ;
; 0.354 ; sld_hub:auto_hub|alt_sld_fab_with_jtag_input:\instrumentation_fabric_with_node_gen:fabric_gen_new_way:with_jtag_input_gen:instrumentation_fabric|alt_sld_fab:instrumentation_fabric|alt_sld_fab_alt_sld_fab:alt_sld_fab|alt_sld_fab_alt_sld_fab_sldfabric:sldfabric|sld_jtag_hub:\jtag_hub_gen:real_sld_jtag_hub|sld_shadow_jsm:shadow_jsm|tms_cnt[1]    ; sld_hub:auto_hub|alt_sld_fab_with_jtag_input:\instrumentation_fabric_with_node_gen:fabric_gen_new_way:with_jtag_input_gen:instrumentation_fabric|alt_sld_fab:instrumentation_fabric|alt_sld_fab_alt_sld_fab:alt_sld_fab|alt_sld_fab_alt_sld_fab_sldfabric:sldfabric|sld_jtag_hub:\jtag_hub_gen:real_sld_jtag_hub|sld_shadow_jsm:shadow_jsm|tms_cnt[1]    ; altera_reserved_tck ; altera_reserved_tck ; 0.000        ; 0.072      ; 0.597      ;
; 0.355 ; sld_hub:auto_hub|alt_sld_fab_with_jtag_input:\instrumentation_fabric_with_node_gen:fabric_gen_new_way:with_jtag_input_gen:instrumentation_fabric|alt_sld_fab:instrumentation_fabric|alt_sld_fab_alt_sld_fab:alt_sld_fab|alt_sld_fab_alt_sld_fab_sldfabric:sldfabric|sld_jtag_hub:\jtag_hub_gen:real_sld_jtag_hub|irsr_reg[3]                             ; sld_hub:auto_hub|alt_sld_fab_with_jtag_input:\instrumentation_fabric_with_node_gen:fabric_gen_new_way:with_jtag_input_gen:instrumentation_fabric|alt_sld_fab:instrumentation_fabric|alt_sld_fab_alt_sld_fab:alt_sld_fab|alt_sld_fab_alt_sld_fab_sldfabric:sldfabric|sld_jtag_hub:\jtag_hub_gen:real_sld_jtag_hub|irsr_reg[3]                             ; altera_reserved_tck ; altera_reserved_tck ; 0.000        ; 0.071      ; 0.597      ;
; 0.355 ; sld_hub:auto_hub|alt_sld_fab_with_jtag_input:\instrumentation_fabric_with_node_gen:fabric_gen_new_way:with_jtag_input_gen:instrumentation_fabric|alt_sld_fab:instrumentation_fabric|alt_sld_fab_alt_sld_fab:alt_sld_fab|alt_sld_fab_alt_sld_fab_sldfabric:sldfabric|sld_jtag_hub:\jtag_hub_gen:real_sld_jtag_hub|sld_shadow_jsm:shadow_jsm|state[11]     ; sld_hub:auto_hub|alt_sld_fab_with_jtag_input:\instrumentation_fabric_with_node_gen:fabric_gen_new_way:with_jtag_input_gen:instrumentation_fabric|alt_sld_fab:instrumentation_fabric|alt_sld_fab_alt_sld_fab:alt_sld_fab|alt_sld_fab_alt_sld_fab_sldfabric:sldfabric|sld_jtag_hub:\jtag_hub_gen:real_sld_jtag_hub|sld_shadow_jsm:shadow_jsm|state[11]     ; altera_reserved_tck ; altera_reserved_tck ; 0.000        ; 0.071      ; 0.597      ;
; 0.355 ; sld_hub:auto_hub|alt_sld_fab_with_jtag_input:\instrumentation_fabric_with_node_gen:fabric_gen_new_way:with_jtag_input_gen:instrumentation_fabric|alt_sld_fab:instrumentation_fabric|alt_sld_fab_alt_sld_fab:alt_sld_fab|alt_sld_fab_alt_sld_fab_sldfabric:sldfabric|sld_jtag_hub:\jtag_hub_gen:real_sld_jtag_hub|sld_shadow_jsm:shadow_jsm|state[13]     ; sld_hub:auto_hub|alt_sld_fab_with_jtag_input:\instrumentation_fabric_with_node_gen:fabric_gen_new_way:with_jtag_input_gen:instrumentation_fabric|alt_sld_fab:instrumentation_fabric|alt_sld_fab_alt_sld_fab:alt_sld_fab|alt_sld_fab_alt_sld_fab_sldfabric:sldfabric|sld_jtag_hub:\jtag_hub_gen:real_sld_jtag_hub|sld_shadow_jsm:shadow_jsm|state[13]     ; altera_reserved_tck ; altera_reserved_tck ; 0.000        ; 0.071      ; 0.597      ;
; 0.355 ; sld_hub:auto_hub|alt_sld_fab_with_jtag_input:\instrumentation_fabric_with_node_gen:fabric_gen_new_way:with_jtag_input_gen:instrumentation_fabric|alt_sld_fab:instrumentation_fabric|alt_sld_fab_alt_sld_fab:alt_sld_fab|alt_sld_fab_alt_sld_fab_sldfabric:sldfabric|sld_jtag_hub:\jtag_hub_gen:real_sld_jtag_hub|sld_shadow_jsm:shadow_jsm|state[1]      ; sld_hub:auto_hub|alt_sld_fab_with_jtag_input:\instrumentation_fabric_with_node_gen:fabric_gen_new_way:with_jtag_input_gen:instrumentation_fabric|alt_sld_fab:instrumentation_fabric|alt_sld_fab_alt_sld_fab:alt_sld_fab|alt_sld_fab_alt_sld_fab_sldfabric:sldfabric|sld_jtag_hub:\jtag_hub_gen:real_sld_jtag_hub|sld_shadow_jsm:shadow_jsm|state[1]      ; altera_reserved_tck ; altera_reserved_tck ; 0.000        ; 0.071      ; 0.597      ;
; 0.355 ; sld_hub:auto_hub|alt_sld_fab_with_jtag_input:\instrumentation_fabric_with_node_gen:fabric_gen_new_way:with_jtag_input_gen:instrumentation_fabric|alt_sld_fab:instrumentation_fabric|alt_sld_fab_alt_sld_fab:alt_sld_fab|alt_sld_fab_alt_sld_fab_sldfabric:sldfabric|sld_jtag_hub:\jtag_hub_gen:real_sld_jtag_hub|sld_shadow_jsm:shadow_jsm|state[4]      ; sld_hub:auto_hub|alt_sld_fab_with_jtag_input:\instrumentation_fabric_with_node_gen:fabric_gen_new_way:with_jtag_input_gen:instrumentation_fabric|alt_sld_fab:instrumentation_fabric|alt_sld_fab_alt_sld_fab:alt_sld_fab|alt_sld_fab_alt_sld_fab_sldfabric:sldfabric|sld_jtag_hub:\jtag_hub_gen:real_sld_jtag_hub|sld_shadow_jsm:shadow_jsm|state[4]      ; altera_reserved_tck ; altera_reserved_tck ; 0.000        ; 0.071      ; 0.597      ;
; 0.355 ; sld_hub:auto_hub|alt_sld_fab_with_jtag_input:\instrumentation_fabric_with_node_gen:fabric_gen_new_way:with_jtag_input_gen:instrumentation_fabric|alt_sld_fab:instrumentation_fabric|alt_sld_fab_alt_sld_fab:alt_sld_fab|alt_sld_fab_alt_sld_fab_sldfabric:sldfabric|sld_jtag_hub:\jtag_hub_gen:real_sld_jtag_hub|sld_shadow_jsm:shadow_jsm|state[6]      ; sld_hub:auto_hub|alt_sld_fab_with_jtag_input:\instrumentation_fabric_with_node_gen:fabric_gen_new_way:with_jtag_input_gen:instrumentation_fabric|alt_sld_fab:instrumentation_fabric|alt_sld_fab_alt_sld_fab:alt_sld_fab|alt_sld_fab_alt_sld_fab_sldfabric:sldfabric|sld_jtag_hub:\jtag_hub_gen:real_sld_jtag_hub|sld_shadow_jsm:shadow_jsm|state[6]      ; altera_reserved_tck ; altera_reserved_tck ; 0.000        ; 0.071      ; 0.597      ;
; 0.365 ; sld_hub:auto_hub|alt_sld_fab_with_jtag_input:\instrumentation_fabric_with_node_gen:fabric_gen_new_way:with_jtag_input_gen:instrumentation_fabric|alt_sld_fab:instrumentation_fabric|alt_sld_fab_alt_sld_fab:alt_sld_fab|alt_sld_fab_alt_sld_fab_sldfabric:sldfabric|sld_jtag_hub:\jtag_hub_gen:real_sld_jtag_hub|sld_shadow_jsm:shadow_jsm|tms_cnt[0]    ; sld_hub:auto_hub|alt_sld_fab_with_jtag_input:\instrumentation_fabric_with_node_gen:fabric_gen_new_way:with_jtag_input_gen:instrumentation_fabric|alt_sld_fab:instrumentation_fabric|alt_sld_fab_alt_sld_fab:alt_sld_fab|alt_sld_fab_alt_sld_fab_sldfabric:sldfabric|sld_jtag_hub:\jtag_hub_gen:real_sld_jtag_hub|sld_shadow_jsm:shadow_jsm|tms_cnt[0]    ; altera_reserved_tck ; altera_reserved_tck ; 0.000        ; 0.072      ; 0.608      ;
; 0.381 ; sld_hub:auto_hub|alt_sld_fab_with_jtag_input:\instrumentation_fabric_with_node_gen:fabric_gen_new_way:with_jtag_input_gen:instrumentation_fabric|alt_sld_fab:instrumentation_fabric|alt_sld_fab_alt_sld_fab:alt_sld_fab|alt_sld_fab_alt_sld_fab_sldfabric:sldfabric|sld_jtag_hub:\jtag_hub_gen:real_sld_jtag_hub|sld_shadow_jsm:shadow_jsm|tms_cnt[1]    ; sld_hub:auto_hub|alt_sld_fab_with_jtag_input:\instrumentation_fabric_with_node_gen:fabric_gen_new_way:with_jtag_input_gen:instrumentation_fabric|alt_sld_fab:instrumentation_fabric|alt_sld_fab_alt_sld_fab:alt_sld_fab|alt_sld_fab_alt_sld_fab_sldfabric:sldfabric|sld_jtag_hub:\jtag_hub_gen:real_sld_jtag_hub|sld_shadow_jsm:shadow_jsm|tms_cnt[2]    ; altera_reserved_tck ; altera_reserved_tck ; 0.000        ; 0.072      ; 0.624      ;
; 0.390 ; sld_hub:auto_hub|alt_sld_fab_with_jtag_input:\instrumentation_fabric_with_node_gen:fabric_gen_new_way:with_jtag_input_gen:instrumentation_fabric|alt_sld_fab:instrumentation_fabric|alt_sld_fab_alt_sld_fab:alt_sld_fab|alt_sld_fab_alt_sld_fab_sldfabric:sldfabric|sld_jtag_hub:\jtag_hub_gen:real_sld_jtag_hub|jtag_ir_reg[3]                          ; sld_hub:auto_hub|alt_sld_fab_with_jtag_input:\instrumentation_fabric_with_node_gen:fabric_gen_new_way:with_jtag_input_gen:instrumentation_fabric|alt_sld_fab:instrumentation_fabric|alt_sld_fab_alt_sld_fab:alt_sld_fab|alt_sld_fab_alt_sld_fab_sldfabric:sldfabric|sld_jtag_hub:\jtag_hub_gen:real_sld_jtag_hub|jtag_ir_reg[2]                          ; altera_reserved_tck ; altera_reserved_tck ; 0.000        ; 0.071      ; 0.632      ;
; 0.393 ; sld_hub:auto_hub|alt_sld_fab_with_jtag_input:\instrumentation_fabric_with_node_gen:fabric_gen_new_way:with_jtag_input_gen:instrumentation_fabric|alt_sld_fab:instrumentation_fabric|alt_sld_fab_alt_sld_fab:alt_sld_fab|alt_sld_fab_alt_sld_fab_sldfabric:sldfabric|sld_jtag_hub:\jtag_hub_gen:real_sld_jtag_hub|jtag_ir_reg[1]                          ; sld_hub:auto_hub|alt_sld_fab_with_jtag_input:\instrumentation_fabric_with_node_gen:fabric_gen_new_way:with_jtag_input_gen:instrumentation_fabric|alt_sld_fab:instrumentation_fabric|alt_sld_fab_alt_sld_fab:alt_sld_fab|alt_sld_fab_alt_sld_fab_sldfabric:sldfabric|sld_jtag_hub:\jtag_hub_gen:real_sld_jtag_hub|jtag_ir_reg[0]                          ; altera_reserved_tck ; altera_reserved_tck ; 0.000        ; 0.071      ; 0.635      ;
; 0.395 ; sld_hub:auto_hub|alt_sld_fab_with_jtag_input:\instrumentation_fabric_with_node_gen:fabric_gen_new_way:with_jtag_input_gen:instrumentation_fabric|alt_sld_fab:instrumentation_fabric|alt_sld_fab_alt_sld_fab:alt_sld_fab|alt_sld_fab_alt_sld_fab_sldfabric:sldfabric|sld_jtag_hub:\jtag_hub_gen:real_sld_jtag_hub|sld_rom_sr:hub_info_reg|WORD_SR[1]      ; sld_hub:auto_hub|alt_sld_fab_with_jtag_input:\instrumentation_fabric_with_node_gen:fabric_gen_new_way:with_jtag_input_gen:instrumentation_fabric|alt_sld_fab:instrumentation_fabric|alt_sld_fab_alt_sld_fab:alt_sld_fab|alt_sld_fab_alt_sld_fab_sldfabric:sldfabric|sld_jtag_hub:\jtag_hub_gen:real_sld_jtag_hub|sld_rom_sr:hub_info_reg|WORD_SR[0]      ; altera_reserved_tck ; altera_reserved_tck ; 0.000        ; 0.072      ; 0.638      ;
; 0.396 ; BCDto7Seg:inst|BCDto7Seg_CPU:cpu|BCDto7Seg_CPU_cpu:cpu|BCDto7Seg_CPU_cpu_nios2_oci:the_BCDto7Seg_CPU_cpu_nios2_oci|BCDto7Seg_CPU_cpu_debug_slave_wrapper:the_BCDto7Seg_CPU_cpu_debug_slave_wrapper|BCDto7Seg_CPU_cpu_debug_slave_tck:the_BCDto7Seg_CPU_cpu_debug_slave_tck|altera_std_synchronizer:the_altera_std_synchronizer2|din_s1                   ; BCDto7Seg:inst|BCDto7Seg_CPU:cpu|BCDto7Seg_CPU_cpu:cpu|BCDto7Seg_CPU_cpu_nios2_oci:the_BCDto7Seg_CPU_cpu_nios2_oci|BCDto7Seg_CPU_cpu_debug_slave_wrapper:the_BCDto7Seg_CPU_cpu_debug_slave_wrapper|BCDto7Seg_CPU_cpu_debug_slave_tck:the_BCDto7Seg_CPU_cpu_debug_slave_tck|altera_std_synchronizer:the_altera_std_synchronizer2|dreg[0]                  ; altera_reserved_tck ; altera_reserved_tck ; 0.000        ; 0.072      ; 0.639      ;
; 0.397 ; sld_hub:auto_hub|alt_sld_fab_with_jtag_input:\instrumentation_fabric_with_node_gen:fabric_gen_new_way:with_jtag_input_gen:instrumentation_fabric|alt_sld_fab:instrumentation_fabric|alt_sld_fab_alt_sld_fab:alt_sld_fab|alt_sld_fab_alt_sld_fab_sldfabric:sldfabric|sld_jtag_hub:\jtag_hub_gen:real_sld_jtag_hub|identity_contrib_shift_reg[0]           ; sld_hub:auto_hub|alt_sld_fab_with_jtag_input:\instrumentation_fabric_with_node_gen:fabric_gen_new_way:with_jtag_input_gen:instrumentation_fabric|alt_sld_fab:instrumentation_fabric|alt_sld_fab_alt_sld_fab:alt_sld_fab|sldfabric_ident_writedata[0]                                                                                                     ; altera_reserved_tck ; altera_reserved_tck ; 0.000        ; 0.071      ; 0.639      ;
; 0.397 ; sld_hub:auto_hub|alt_sld_fab_with_jtag_input:\instrumentation_fabric_with_node_gen:fabric_gen_new_way:with_jtag_input_gen:instrumentation_fabric|alt_sld_fab:instrumentation_fabric|alt_sld_fab_alt_sld_fab:alt_sld_fab|alt_sld_fab_alt_sld_fab_sldfabric:sldfabric|sld_jtag_hub:\jtag_hub_gen:real_sld_jtag_hub|sld_shadow_jsm:shadow_jsm|state[13]     ; sld_hub:auto_hub|alt_sld_fab_with_jtag_input:\instrumentation_fabric_with_node_gen:fabric_gen_new_way:with_jtag_input_gen:instrumentation_fabric|alt_sld_fab:instrumentation_fabric|alt_sld_fab_alt_sld_fab:alt_sld_fab|alt_sld_fab_alt_sld_fab_sldfabric:sldfabric|sld_jtag_hub:\jtag_hub_gen:real_sld_jtag_hub|sld_shadow_jsm:shadow_jsm|state[14]     ; altera_reserved_tck ; altera_reserved_tck ; 0.000        ; 0.071      ; 0.639      ;
; 0.398 ; sld_hub:auto_hub|alt_sld_fab_with_jtag_input:\instrumentation_fabric_with_node_gen:fabric_gen_new_way:with_jtag_input_gen:instrumentation_fabric|alt_sld_fab:instrumentation_fabric|alt_sld_fab_alt_sld_fab:alt_sld_fab|alt_sld_fab_alt_sld_fab_sldfabric:sldfabric|sld_jtag_hub:\jtag_hub_gen:real_sld_jtag_hub|hub_mode_reg[2]                         ; sld_hub:auto_hub|alt_sld_fab_with_jtag_input:\instrumentation_fabric_with_node_gen:fabric_gen_new_way:with_jtag_input_gen:instrumentation_fabric|alt_sld_fab:instrumentation_fabric|alt_sld_fab_alt_sld_fab:alt_sld_fab|alt_sld_fab_alt_sld_fab_sldfabric:sldfabric|sld_jtag_hub:\jtag_hub_gen:real_sld_jtag_hub|clr_reg                                 ; altera_reserved_tck ; altera_reserved_tck ; 0.000        ; 0.072      ; 0.641      ;
; 0.398 ; BCDto7Seg:inst|BCDto7Seg_CPU:cpu|BCDto7Seg_CPU_cpu:cpu|BCDto7Seg_CPU_cpu_nios2_oci:the_BCDto7Seg_CPU_cpu_nios2_oci|BCDto7Seg_CPU_cpu_debug_slave_wrapper:the_BCDto7Seg_CPU_cpu_debug_slave_wrapper|BCDto7Seg_CPU_cpu_debug_slave_tck:the_BCDto7Seg_CPU_cpu_debug_slave_tck|altera_std_synchronizer:the_altera_std_synchronizer1|din_s1                   ; BCDto7Seg:inst|BCDto7Seg_CPU:cpu|BCDto7Seg_CPU_cpu:cpu|BCDto7Seg_CPU_cpu_nios2_oci:the_BCDto7Seg_CPU_cpu_nios2_oci|BCDto7Seg_CPU_cpu_debug_slave_wrapper:the_BCDto7Seg_CPU_cpu_debug_slave_wrapper|BCDto7Seg_CPU_cpu_debug_slave_tck:the_BCDto7Seg_CPU_cpu_debug_slave_tck|altera_std_synchronizer:the_altera_std_synchronizer1|dreg[0]                  ; altera_reserved_tck ; altera_reserved_tck ; 0.000        ; 0.072      ; 0.641      ;
; 0.398 ; sld_hub:auto_hub|alt_sld_fab_with_jtag_input:\instrumentation_fabric_with_node_gen:fabric_gen_new_way:with_jtag_input_gen:instrumentation_fabric|alt_sld_fab:instrumentation_fabric|alt_sld_fab_alt_sld_fab:alt_sld_fab|alt_sld_fab_alt_sld_fab_sldfabric:sldfabric|sld_jtag_hub:\jtag_hub_gen:real_sld_jtag_hub|jtag_ir_reg[9]                          ; sld_hub:auto_hub|alt_sld_fab_with_jtag_input:\instrumentation_fabric_with_node_gen:fabric_gen_new_way:with_jtag_input_gen:instrumentation_fabric|alt_sld_fab:instrumentation_fabric|alt_sld_fab_alt_sld_fab:alt_sld_fab|alt_sld_fab_alt_sld_fab_sldfabric:sldfabric|sld_jtag_hub:\jtag_hub_gen:real_sld_jtag_hub|jtag_ir_reg[8]                          ; altera_reserved_tck ; altera_reserved_tck ; 0.000        ; 0.071      ; 0.640      ;
; 0.400 ; sld_hub:auto_hub|alt_sld_fab_with_jtag_input:\instrumentation_fabric_with_node_gen:fabric_gen_new_way:with_jtag_input_gen:instrumentation_fabric|alt_sld_fab:instrumentation_fabric|alt_sld_fab_alt_sld_fab:alt_sld_fab|alt_sld_fab_alt_sld_fab_sldfabric:sldfabric|sld_jtag_hub:\jtag_hub_gen:real_sld_jtag_hub|sld_shadow_jsm:shadow_jsm|state[6]      ; sld_hub:auto_hub|alt_sld_fab_with_jtag_input:\instrumentation_fabric_with_node_gen:fabric_gen_new_way:with_jtag_input_gen:instrumentation_fabric|alt_sld_fab:instrumentation_fabric|alt_sld_fab_alt_sld_fab:alt_sld_fab|alt_sld_fab_alt_sld_fab_sldfabric:sldfabric|sld_jtag_hub:\jtag_hub_gen:real_sld_jtag_hub|sld_shadow_jsm:shadow_jsm|state[7]      ; altera_reserved_tck ; altera_reserved_tck ; 0.000        ; 0.071      ; 0.642      ;
; 0.401 ; sld_hub:auto_hub|alt_sld_fab_with_jtag_input:\instrumentation_fabric_with_node_gen:fabric_gen_new_way:with_jtag_input_gen:instrumentation_fabric|alt_sld_fab:instrumentation_fabric|alt_sld_fab_alt_sld_fab:alt_sld_fab|alt_sld_fab_alt_sld_fab_sldfabric:sldfabric|sld_jtag_hub:\jtag_hub_gen:real_sld_jtag_hub|sld_shadow_jsm:shadow_jsm|state[9]      ; sld_hub:auto_hub|alt_sld_fab_with_jtag_input:\instrumentation_fabric_with_node_gen:fabric_gen_new_way:with_jtag_input_gen:instrumentation_fabric|alt_sld_fab:instrumentation_fabric|alt_sld_fab_alt_sld_fab:alt_sld_fab|alt_sld_fab_alt_sld_fab_sldfabric:sldfabric|sld_jtag_hub:\jtag_hub_gen:real_sld_jtag_hub|sld_shadow_jsm:shadow_jsm|state[0]      ; altera_reserved_tck ; altera_reserved_tck ; 0.000        ; 0.072      ; 0.644      ;
; 0.403 ; sld_hub:auto_hub|alt_sld_fab_with_jtag_input:\instrumentation_fabric_with_node_gen:fabric_gen_new_way:with_jtag_input_gen:instrumentation_fabric|alt_sld_fab:instrumentation_fabric|alt_sld_fab_alt_sld_fab:alt_sld_fab|alt_sld_fab_alt_sld_fab_sldfabric:sldfabric|sld_jtag_hub:\jtag_hub_gen:real_sld_jtag_hub|identity_contrib_shift_reg[2]           ; sld_hub:auto_hub|alt_sld_fab_with_jtag_input:\instrumentation_fabric_with_node_gen:fabric_gen_new_way:with_jtag_input_gen:instrumentation_fabric|alt_sld_fab:instrumentation_fabric|alt_sld_fab_alt_sld_fab:alt_sld_fab|alt_sld_fab_alt_sld_fab_sldfabric:sldfabric|sld_jtag_hub:\jtag_hub_gen:real_sld_jtag_hub|identity_contrib_shift_reg[1]           ; altera_reserved_tck ; altera_reserved_tck ; 0.000        ; 0.071      ; 0.645      ;
; 0.403 ; BCDto7Seg:inst|BCDto7Seg_CPU:cpu|BCDto7Seg_CPU_cpu:cpu|BCDto7Seg_CPU_cpu_nios2_oci:the_BCDto7Seg_CPU_cpu_nios2_oci|BCDto7Seg_CPU_cpu_debug_slave_wrapper:the_BCDto7Seg_CPU_cpu_debug_slave_wrapper|BCDto7Seg_CPU_cpu_debug_slave_tck:the_BCDto7Seg_CPU_cpu_debug_slave_tck|altera_std_synchronizer:the_altera_std_synchronizer2|dreg[0]                  ; BCDto7Seg:inst|BCDto7Seg_CPU:cpu|BCDto7Seg_CPU_cpu:cpu|BCDto7Seg_CPU_cpu_nios2_oci:the_BCDto7Seg_CPU_cpu_nios2_oci|BCDto7Seg_CPU_cpu_debug_slave_wrapper:the_BCDto7Seg_CPU_cpu_debug_slave_wrapper|BCDto7Seg_CPU_cpu_debug_slave_tck:the_BCDto7Seg_CPU_cpu_debug_slave_tck|ir_out[0]                                                                     ; altera_reserved_tck ; altera_reserved_tck ; 0.000        ; 0.072      ; 0.646      ;
; 0.403 ; BCDto7Seg:inst|BCDto7Seg_CPU:cpu|BCDto7Seg_CPU_cpu:cpu|BCDto7Seg_CPU_cpu_nios2_oci:the_BCDto7Seg_CPU_cpu_nios2_oci|BCDto7Seg_CPU_cpu_debug_slave_wrapper:the_BCDto7Seg_CPU_cpu_debug_slave_wrapper|BCDto7Seg_CPU_cpu_debug_slave_tck:the_BCDto7Seg_CPU_cpu_debug_slave_tck|sr[5]                                                                         ; BCDto7Seg:inst|BCDto7Seg_CPU:cpu|BCDto7Seg_CPU_cpu:cpu|BCDto7Seg_CPU_cpu_nios2_oci:the_BCDto7Seg_CPU_cpu_nios2_oci|BCDto7Seg_CPU_cpu_debug_slave_wrapper:the_BCDto7Seg_CPU_cpu_debug_slave_wrapper|BCDto7Seg_CPU_cpu_debug_slave_tck:the_BCDto7Seg_CPU_cpu_debug_slave_tck|sr[4]                                                                         ; altera_reserved_tck ; altera_reserved_tck ; 0.000        ; 0.072      ; 0.646      ;
; 0.404 ; sld_hub:auto_hub|alt_sld_fab_with_jtag_input:\instrumentation_fabric_with_node_gen:fabric_gen_new_way:with_jtag_input_gen:instrumentation_fabric|alt_sld_fab:instrumentation_fabric|alt_sld_fab_alt_sld_fab:alt_sld_fab|alt_sld_fab_alt_sld_fab_sldfabric:sldfabric|sld_jtag_hub:\jtag_hub_gen:real_sld_jtag_hub|jtag_ir_reg[2]                          ; sld_hub:auto_hub|alt_sld_fab_with_jtag_input:\instrumentation_fabric_with_node_gen:fabric_gen_new_way:with_jtag_input_gen:instrumentation_fabric|alt_sld_fab:instrumentation_fabric|alt_sld_fab_alt_sld_fab:alt_sld_fab|alt_sld_fab_alt_sld_fab_sldfabric:sldfabric|sld_jtag_hub:\jtag_hub_gen:real_sld_jtag_hub|jtag_ir_reg[1]                          ; altera_reserved_tck ; altera_reserved_tck ; 0.000        ; 0.071      ; 0.646      ;
; 0.404 ; sld_hub:auto_hub|alt_sld_fab_with_jtag_input:\instrumentation_fabric_with_node_gen:fabric_gen_new_way:with_jtag_input_gen:instrumentation_fabric|alt_sld_fab:instrumentation_fabric|alt_sld_fab_alt_sld_fab:alt_sld_fab|alt_sld_fab_alt_sld_fab_sldfabric:sldfabric|sld_jtag_hub:\jtag_hub_gen:real_sld_jtag_hub|jtag_ir_reg[4]                          ; sld_hub:auto_hub|alt_sld_fab_with_jtag_input:\instrumentation_fabric_with_node_gen:fabric_gen_new_way:with_jtag_input_gen:instrumentation_fabric|alt_sld_fab:instrumentation_fabric|alt_sld_fab_alt_sld_fab:alt_sld_fab|alt_sld_fab_alt_sld_fab_sldfabric:sldfabric|sld_jtag_hub:\jtag_hub_gen:real_sld_jtag_hub|jtag_ir_reg[3]                          ; altera_reserved_tck ; altera_reserved_tck ; 0.000        ; 0.071      ; 0.646      ;
; 0.404 ; sld_hub:auto_hub|alt_sld_fab_with_jtag_input:\instrumentation_fabric_with_node_gen:fabric_gen_new_way:with_jtag_input_gen:instrumentation_fabric|alt_sld_fab:instrumentation_fabric|alt_sld_fab_alt_sld_fab:alt_sld_fab|alt_sld_fab_alt_sld_fab_sldfabric:sldfabric|sld_jtag_hub:\jtag_hub_gen:real_sld_jtag_hub|sld_shadow_jsm:shadow_jsm|state[14]     ; sld_hub:auto_hub|alt_sld_fab_with_jtag_input:\instrumentation_fabric_with_node_gen:fabric_gen_new_way:with_jtag_input_gen:instrumentation_fabric|alt_sld_fab:instrumentation_fabric|alt_sld_fab_alt_sld_fab:alt_sld_fab|alt_sld_fab_alt_sld_fab_sldfabric:sldfabric|sld_jtag_hub:\jtag_hub_gen:real_sld_jtag_hub|sld_shadow_jsm:shadow_jsm|state[15]     ; altera_reserved_tck ; altera_reserved_tck ; 0.000        ; 0.071      ; 0.646      ;
; 0.405 ; sld_hub:auto_hub|alt_sld_fab_with_jtag_input:\instrumentation_fabric_with_node_gen:fabric_gen_new_way:with_jtag_input_gen:instrumentation_fabric|alt_sld_fab:instrumentation_fabric|alt_sld_fab_alt_sld_fab:alt_sld_fab|alt_sld_fab_alt_sld_fab_sldfabric:sldfabric|sld_jtag_hub:\jtag_hub_gen:real_sld_jtag_hub|identity_contrib_shift_reg[2]           ; sld_hub:auto_hub|alt_sld_fab_with_jtag_input:\instrumentation_fabric_with_node_gen:fabric_gen_new_way:with_jtag_input_gen:instrumentation_fabric|alt_sld_fab:instrumentation_fabric|alt_sld_fab_alt_sld_fab:alt_sld_fab|sldfabric_ident_writedata[2]                                                                                                     ; altera_reserved_tck ; altera_reserved_tck ; 0.000        ; 0.071      ; 0.647      ;
; 0.405 ; sld_hub:auto_hub|alt_sld_fab_with_jtag_input:\instrumentation_fabric_with_node_gen:fabric_gen_new_way:with_jtag_input_gen:instrumentation_fabric|alt_sld_fab:instrumentation_fabric|alt_sld_fab_alt_sld_fab:alt_sld_fab|alt_sld_fab_alt_sld_fab_sldfabric:sldfabric|sld_jtag_hub:\jtag_hub_gen:real_sld_jtag_hub|identity_contrib_shift_reg[3]           ; sld_hub:auto_hub|alt_sld_fab_with_jtag_input:\instrumentation_fabric_with_node_gen:fabric_gen_new_way:with_jtag_input_gen:instrumentation_fabric|alt_sld_fab:instrumentation_fabric|alt_sld_fab_alt_sld_fab:alt_sld_fab|alt_sld_fab_alt_sld_fab_sldfabric:sldfabric|sld_jtag_hub:\jtag_hub_gen:real_sld_jtag_hub|identity_contrib_shift_reg[2]           ; altera_reserved_tck ; altera_reserved_tck ; 0.000        ; 0.071      ; 0.647      ;
; 0.405 ; sld_hub:auto_hub|alt_sld_fab_with_jtag_input:\instrumentation_fabric_with_node_gen:fabric_gen_new_way:with_jtag_input_gen:instrumentation_fabric|alt_sld_fab:instrumentation_fabric|alt_sld_fab_alt_sld_fab:alt_sld_fab|alt_sld_fab_alt_sld_fab_sldfabric:sldfabric|sld_jtag_hub:\jtag_hub_gen:real_sld_jtag_hub|identity_contrib_shift_reg[3]           ; sld_hub:auto_hub|alt_sld_fab_with_jtag_input:\instrumentation_fabric_with_node_gen:fabric_gen_new_way:with_jtag_input_gen:instrumentation_fabric|alt_sld_fab:instrumentation_fabric|alt_sld_fab_alt_sld_fab:alt_sld_fab|sldfabric_ident_writedata[3]                                                                                                     ; altera_reserved_tck ; altera_reserved_tck ; 0.000        ; 0.071      ; 0.647      ;
; 0.405 ; sld_hub:auto_hub|alt_sld_fab_with_jtag_input:\instrumentation_fabric_with_node_gen:fabric_gen_new_way:with_jtag_input_gen:instrumentation_fabric|alt_sld_fab:instrumentation_fabric|alt_sld_fab_alt_sld_fab:alt_sld_fab|alt_sld_fab_alt_sld_fab_sldfabric:sldfabric|sld_jtag_hub:\jtag_hub_gen:real_sld_jtag_hub|sld_shadow_jsm:shadow_jsm|state[10]     ; sld_hub:auto_hub|alt_sld_fab_with_jtag_input:\instrumentation_fabric_with_node_gen:fabric_gen_new_way:with_jtag_input_gen:instrumentation_fabric|alt_sld_fab:instrumentation_fabric|alt_sld_fab_alt_sld_fab:alt_sld_fab|alt_sld_fab_alt_sld_fab_sldfabric:sldfabric|sld_jtag_hub:\jtag_hub_gen:real_sld_jtag_hub|sld_shadow_jsm:shadow_jsm|state[11]     ; altera_reserved_tck ; altera_reserved_tck ; 0.000        ; 0.071      ; 0.647      ;
; 0.406 ; sld_hub:auto_hub|alt_sld_fab_with_jtag_input:\instrumentation_fabric_with_node_gen:fabric_gen_new_way:with_jtag_input_gen:instrumentation_fabric|alt_sld_fab:instrumentation_fabric|alt_sld_fab_alt_sld_fab:alt_sld_fab|alt_sld_fab_alt_sld_fab_sldfabric:sldfabric|sld_jtag_hub:\jtag_hub_gen:real_sld_jtag_hub|identity_contrib_shift_reg[1]           ; sld_hub:auto_hub|alt_sld_fab_with_jtag_input:\instrumentation_fabric_with_node_gen:fabric_gen_new_way:with_jtag_input_gen:instrumentation_fabric|alt_sld_fab:instrumentation_fabric|alt_sld_fab_alt_sld_fab:alt_sld_fab|alt_sld_fab_alt_sld_fab_sldfabric:sldfabric|sld_jtag_hub:\jtag_hub_gen:real_sld_jtag_hub|identity_contrib_shift_reg[0]           ; altera_reserved_tck ; altera_reserved_tck ; 0.000        ; 0.071      ; 0.648      ;
; 0.406 ; sld_hub:auto_hub|alt_sld_fab_with_jtag_input:\instrumentation_fabric_with_node_gen:fabric_gen_new_way:with_jtag_input_gen:instrumentation_fabric|alt_sld_fab:instrumentation_fabric|alt_sld_fab_alt_sld_fab:alt_sld_fab|alt_sld_fab_alt_sld_fab_sldfabric:sldfabric|sld_jtag_hub:\jtag_hub_gen:real_sld_jtag_hub|identity_contrib_shift_reg[1]           ; sld_hub:auto_hub|alt_sld_fab_with_jtag_input:\instrumentation_fabric_with_node_gen:fabric_gen_new_way:with_jtag_input_gen:instrumentation_fabric|alt_sld_fab:instrumentation_fabric|alt_sld_fab_alt_sld_fab:alt_sld_fab|sldfabric_ident_writedata[1]                                                                                                     ; altera_reserved_tck ; altera_reserved_tck ; 0.000        ; 0.071      ; 0.648      ;
; 0.408 ; sld_hub:auto_hub|alt_sld_fab_with_jtag_input:\instrumentation_fabric_with_node_gen:fabric_gen_new_way:with_jtag_input_gen:instrumentation_fabric|alt_sld_fab:instrumentation_fabric|alt_sld_fab_alt_sld_fab:alt_sld_fab|alt_sld_fab_alt_sld_fab_sldfabric:sldfabric|sld_jtag_hub:\jtag_hub_gen:real_sld_jtag_hub|sld_shadow_jsm:shadow_jsm|state[7]      ; sld_hub:auto_hub|alt_sld_fab_with_jtag_input:\instrumentation_fabric_with_node_gen:fabric_gen_new_way:with_jtag_input_gen:instrumentation_fabric|alt_sld_fab:instrumentation_fabric|alt_sld_fab_alt_sld_fab:alt_sld_fab|alt_sld_fab_alt_sld_fab_sldfabric:sldfabric|sld_jtag_hub:\jtag_hub_gen:real_sld_jtag_hub|sld_shadow_jsm:shadow_jsm|state[4]      ; altera_reserved_tck ; altera_reserved_tck ; 0.000        ; 0.071      ; 0.650      ;
; 0.417 ; sld_hub:auto_hub|alt_sld_fab_with_jtag_input:\instrumentation_fabric_with_node_gen:fabric_gen_new_way:with_jtag_input_gen:instrumentation_fabric|alt_sld_fab:instrumentation_fabric|alt_sld_fab_alt_sld_fab:alt_sld_fab|alt_sld_fab_alt_sld_fab_sldfabric:sldfabric|sld_jtag_hub:\jtag_hub_gen:real_sld_jtag_hub|sld_shadow_jsm:shadow_jsm|state[2]      ; sld_hub:auto_hub|alt_sld_fab_with_jtag_input:\instrumentation_fabric_with_node_gen:fabric_gen_new_way:with_jtag_input_gen:instrumentation_fabric|alt_sld_fab:instrumentation_fabric|alt_sld_fab_alt_sld_fab:alt_sld_fab|alt_sld_fab_alt_sld_fab_sldfabric:sldfabric|sld_jtag_hub:\jtag_hub_gen:real_sld_jtag_hub|sld_shadow_jsm:shadow_jsm|state[3]      ; altera_reserved_tck ; altera_reserved_tck ; 0.000        ; 0.071      ; 0.659      ;
; 0.417 ; BCDto7Seg:inst|BCDto7Seg_CPU:cpu|BCDto7Seg_CPU_cpu:cpu|BCDto7Seg_CPU_cpu_nios2_oci:the_BCDto7Seg_CPU_cpu_nios2_oci|BCDto7Seg_CPU_cpu_debug_slave_wrapper:the_BCDto7Seg_CPU_cpu_debug_slave_wrapper|BCDto7Seg_CPU_cpu_debug_slave_tck:the_BCDto7Seg_CPU_cpu_debug_slave_tck|sr[26]                                                                        ; BCDto7Seg:inst|BCDto7Seg_CPU:cpu|BCDto7Seg_CPU_cpu:cpu|BCDto7Seg_CPU_cpu_nios2_oci:the_BCDto7Seg_CPU_cpu_nios2_oci|BCDto7Seg_CPU_cpu_debug_slave_wrapper:the_BCDto7Seg_CPU_cpu_debug_slave_wrapper|BCDto7Seg_CPU_cpu_debug_slave_tck:the_BCDto7Seg_CPU_cpu_debug_slave_tck|sr[25]                                                                        ; altera_reserved_tck ; altera_reserved_tck ; 0.000        ; 0.071      ; 0.659      ;
; 0.417 ; BCDto7Seg:inst|BCDto7Seg_CPU:cpu|BCDto7Seg_CPU_cpu:cpu|BCDto7Seg_CPU_cpu_nios2_oci:the_BCDto7Seg_CPU_cpu_nios2_oci|BCDto7Seg_CPU_cpu_debug_slave_wrapper:the_BCDto7Seg_CPU_cpu_debug_slave_wrapper|BCDto7Seg_CPU_cpu_debug_slave_tck:the_BCDto7Seg_CPU_cpu_debug_slave_tck|sr[20]                                                                        ; BCDto7Seg:inst|BCDto7Seg_CPU:cpu|BCDto7Seg_CPU_cpu:cpu|BCDto7Seg_CPU_cpu_nios2_oci:the_BCDto7Seg_CPU_cpu_nios2_oci|BCDto7Seg_CPU_cpu_debug_slave_wrapper:the_BCDto7Seg_CPU_cpu_debug_slave_wrapper|BCDto7Seg_CPU_cpu_debug_slave_tck:the_BCDto7Seg_CPU_cpu_debug_slave_tck|sr[19]                                                                        ; altera_reserved_tck ; altera_reserved_tck ; 0.000        ; 0.071      ; 0.659      ;
; 0.418 ; BCDto7Seg:inst|BCDto7Seg_CPU:cpu|BCDto7Seg_CPU_cpu:cpu|BCDto7Seg_CPU_cpu_nios2_oci:the_BCDto7Seg_CPU_cpu_nios2_oci|BCDto7Seg_CPU_cpu_debug_slave_wrapper:the_BCDto7Seg_CPU_cpu_debug_slave_wrapper|BCDto7Seg_CPU_cpu_debug_slave_tck:the_BCDto7Seg_CPU_cpu_debug_slave_tck|sr[21]                                                                        ; BCDto7Seg:inst|BCDto7Seg_CPU:cpu|BCDto7Seg_CPU_cpu:cpu|BCDto7Seg_CPU_cpu_nios2_oci:the_BCDto7Seg_CPU_cpu_nios2_oci|BCDto7Seg_CPU_cpu_debug_slave_wrapper:the_BCDto7Seg_CPU_cpu_debug_slave_wrapper|BCDto7Seg_CPU_cpu_debug_slave_tck:the_BCDto7Seg_CPU_cpu_debug_slave_tck|sr[20]                                                                        ; altera_reserved_tck ; altera_reserved_tck ; 0.000        ; 0.071      ; 0.660      ;
; 0.418 ; BCDto7Seg:inst|BCDto7Seg_CPU:cpu|BCDto7Seg_CPU_cpu:cpu|BCDto7Seg_CPU_cpu_nios2_oci:the_BCDto7Seg_CPU_cpu_nios2_oci|BCDto7Seg_CPU_cpu_debug_slave_wrapper:the_BCDto7Seg_CPU_cpu_debug_slave_wrapper|BCDto7Seg_CPU_cpu_debug_slave_tck:the_BCDto7Seg_CPU_cpu_debug_slave_tck|sr[17]                                                                        ; BCDto7Seg:inst|BCDto7Seg_CPU:cpu|BCDto7Seg_CPU_cpu:cpu|BCDto7Seg_CPU_cpu_nios2_oci:the_BCDto7Seg_CPU_cpu_nios2_oci|BCDto7Seg_CPU_cpu_debug_slave_wrapper:the_BCDto7Seg_CPU_cpu_debug_slave_wrapper|BCDto7Seg_CPU_cpu_debug_slave_tck:the_BCDto7Seg_CPU_cpu_debug_slave_tck|sr[16]                                                                        ; altera_reserved_tck ; altera_reserved_tck ; 0.000        ; 0.071      ; 0.660      ;
; 0.420 ; sld_hub:auto_hub|alt_sld_fab_with_jtag_input:\instrumentation_fabric_with_node_gen:fabric_gen_new_way:with_jtag_input_gen:instrumentation_fabric|alt_sld_fab:instrumentation_fabric|alt_sld_fab_alt_sld_fab:alt_sld_fab|alt_sld_fab_alt_sld_fab_sldfabric:sldfabric|sld_jtag_hub:\jtag_hub_gen:real_sld_jtag_hub|sld_shadow_jsm:shadow_jsm|state[4]      ; sld_hub:auto_hub|alt_sld_fab_with_jtag_input:\instrumentation_fabric_with_node_gen:fabric_gen_new_way:with_jtag_input_gen:instrumentation_fabric|alt_sld_fab:instrumentation_fabric|alt_sld_fab_alt_sld_fab:alt_sld_fab|alt_sld_fab_alt_sld_fab_sldfabric:sldfabric|sld_jtag_hub:\jtag_hub_gen:real_sld_jtag_hub|sld_shadow_jsm:shadow_jsm|state[5]      ; altera_reserved_tck ; altera_reserved_tck ; 0.000        ; 0.071      ; 0.662      ;
; 0.425 ; sld_hub:auto_hub|alt_sld_fab_with_jtag_input:\instrumentation_fabric_with_node_gen:fabric_gen_new_way:with_jtag_input_gen:instrumentation_fabric|alt_sld_fab:instrumentation_fabric|alt_sld_fab_alt_sld_fab:alt_sld_fab|alt_sld_fab_alt_sld_fab_sldfabric:sldfabric|sld_jtag_hub:\jtag_hub_gen:real_sld_jtag_hub|sld_shadow_jsm:shadow_jsm|state[15]     ; sld_hub:auto_hub|alt_sld_fab_with_jtag_input:\instrumentation_fabric_with_node_gen:fabric_gen_new_way:with_jtag_input_gen:instrumentation_fabric|alt_sld_fab:instrumentation_fabric|alt_sld_fab_alt_sld_fab:alt_sld_fab|alt_sld_fab_alt_sld_fab_sldfabric:sldfabric|sld_jtag_hub:\jtag_hub_gen:real_sld_jtag_hub|sld_shadow_jsm:shadow_jsm|state[2]      ; altera_reserved_tck ; altera_reserved_tck ; 0.000        ; 0.071      ; 0.667      ;
; 0.426 ; sld_hub:auto_hub|alt_sld_fab_with_jtag_input:\instrumentation_fabric_with_node_gen:fabric_gen_new_way:with_jtag_input_gen:instrumentation_fabric|alt_sld_fab:instrumentation_fabric|alt_sld_fab_alt_sld_fab:alt_sld_fab|alt_sld_fab_alt_sld_fab_sldfabric:sldfabric|sld_jtag_hub:\jtag_hub_gen:real_sld_jtag_hub|irsr_reg[1]                             ; sld_hub:auto_hub|alt_sld_fab_with_jtag_input:\instrumentation_fabric_with_node_gen:fabric_gen_new_way:with_jtag_input_gen:instrumentation_fabric|alt_sld_fab:instrumentation_fabric|alt_sld_fab_alt_sld_fab:alt_sld_fab|alt_sld_fab_alt_sld_fab_sldfabric:sldfabric|sld_jtag_hub:\jtag_hub_gen:real_sld_jtag_hub|irsr_reg[0]                             ; altera_reserved_tck ; altera_reserved_tck ; 0.000        ; 0.071      ; 0.668      ;
; 0.434 ; sld_hub:auto_hub|alt_sld_fab_with_jtag_input:\instrumentation_fabric_with_node_gen:fabric_gen_new_way:with_jtag_input_gen:instrumentation_fabric|alt_sld_fab:instrumentation_fabric|alt_sld_fab_alt_sld_fab:alt_sld_fab|alt_sld_fab_alt_sld_fab_sldfabric:sldfabric|sld_jtag_hub:\jtag_hub_gen:real_sld_jtag_hub|mixer_addr_reg_internal[4]              ; sld_hub:auto_hub|alt_sld_fab_with_jtag_input:\instrumentation_fabric_with_node_gen:fabric_gen_new_way:with_jtag_input_gen:instrumentation_fabric|alt_sld_fab:instrumentation_fabric|alt_sld_fab_alt_sld_fab:alt_sld_fab|alt_sld_fab_alt_sld_fab_sldfabric:sldfabric|sld_jtag_hub:\jtag_hub_gen:real_sld_jtag_hub|mixer_addr_reg_internal[4]              ; altera_reserved_tck ; altera_reserved_tck ; 0.000        ; 0.072      ; 0.677      ;
; 0.507 ; sld_hub:auto_hub|alt_sld_fab_with_jtag_input:\instrumentation_fabric_with_node_gen:fabric_gen_new_way:with_jtag_input_gen:instrumentation_fabric|alt_sld_fab:instrumentation_fabric|alt_sld_fab_alt_sld_fab:alt_sld_fab|alt_sld_fab_alt_sld_fab_sldfabric:sldfabric|sld_jtag_hub:\jtag_hub_gen:real_sld_jtag_hub|sld_rom_sr:hub_info_reg|WORD_SR[2]      ; sld_hub:auto_hub|alt_sld_fab_with_jtag_input:\instrumentation_fabric_with_node_gen:fabric_gen_new_way:with_jtag_input_gen:instrumentation_fabric|alt_sld_fab:instrumentation_fabric|alt_sld_fab_alt_sld_fab:alt_sld_fab|alt_sld_fab_alt_sld_fab_sldfabric:sldfabric|sld_jtag_hub:\jtag_hub_gen:real_sld_jtag_hub|sld_rom_sr:hub_info_reg|WORD_SR[1]      ; altera_reserved_tck ; altera_reserved_tck ; 0.000        ; 0.072      ; 0.750      ;
; 0.509 ; sld_hub:auto_hub|alt_sld_fab_with_jtag_input:\instrumentation_fabric_with_node_gen:fabric_gen_new_way:with_jtag_input_gen:instrumentation_fabric|alt_sld_fab:instrumentation_fabric|alt_sld_fab_alt_sld_fab:alt_sld_fab|alt_sld_fab_alt_sld_fab_sldfabric:sldfabric|sld_jtag_hub:\jtag_hub_gen:real_sld_jtag_hub|hub_minor_ver_reg[3]                    ; sld_hub:auto_hub|alt_sld_fab_with_jtag_input:\instrumentation_fabric_with_node_gen:fabric_gen_new_way:with_jtag_input_gen:instrumentation_fabric|alt_sld_fab:instrumentation_fabric|alt_sld_fab_alt_sld_fab:alt_sld_fab|alt_sld_fab_alt_sld_fab_sldfabric:sldfabric|sld_jtag_hub:\jtag_hub_gen:real_sld_jtag_hub|hub_minor_ver_reg[2]                    ; altera_reserved_tck ; altera_reserved_tck ; 0.000        ; 0.071      ; 0.751      ;
; 0.514 ; BCDto7Seg:inst|BCDto7Seg_CPU:cpu|BCDto7Seg_CPU_cpu:cpu|BCDto7Seg_CPU_cpu_nios2_oci:the_BCDto7Seg_CPU_cpu_nios2_oci|BCDto7Seg_CPU_cpu_debug_slave_wrapper:the_BCDto7Seg_CPU_cpu_debug_slave_wrapper|BCDto7Seg_CPU_cpu_debug_slave_tck:the_BCDto7Seg_CPU_cpu_debug_slave_tck|altera_std_synchronizer:the_altera_std_synchronizer1|dreg[0]                  ; BCDto7Seg:inst|BCDto7Seg_CPU:cpu|BCDto7Seg_CPU_cpu:cpu|BCDto7Seg_CPU_cpu_nios2_oci:the_BCDto7Seg_CPU_cpu_nios2_oci|BCDto7Seg_CPU_cpu_debug_slave_wrapper:the_BCDto7Seg_CPU_cpu_debug_slave_wrapper|BCDto7Seg_CPU_cpu_debug_slave_tck:the_BCDto7Seg_CPU_cpu_debug_slave_tck|ir_out[1]                                                                     ; altera_reserved_tck ; altera_reserved_tck ; 0.000        ; 0.072      ; 0.757      ;
; 0.515 ; sld_hub:auto_hub|alt_sld_fab_with_jtag_input:\instrumentation_fabric_with_node_gen:fabric_gen_new_way:with_jtag_input_gen:instrumentation_fabric|alt_sld_fab:instrumentation_fabric|alt_sld_fab_alt_sld_fab:alt_sld_fab|alt_sld_fab_alt_sld_fab_sldfabric:sldfabric|sld_jtag_hub:\jtag_hub_gen:real_sld_jtag_hub|irsr_reg[3]                             ; sld_hub:auto_hub|alt_sld_fab_with_jtag_input:\instrumentation_fabric_with_node_gen:fabric_gen_new_way:with_jtag_input_gen:instrumentation_fabric|alt_sld_fab:instrumentation_fabric|alt_sld_fab_alt_sld_fab:alt_sld_fab|alt_sld_fab_alt_sld_fab_sldfabric:sldfabric|sld_jtag_hub:\jtag_hub_gen:real_sld_jtag_hub|irsr_reg[2]                             ; altera_reserved_tck ; altera_reserved_tck ; 0.000        ; 0.071      ; 0.757      ;
; 0.515 ; BCDto7Seg:inst|BCDto7Seg_CPU:cpu|BCDto7Seg_CPU_cpu:cpu|BCDto7Seg_CPU_cpu_nios2_oci:the_BCDto7Seg_CPU_cpu_nios2_oci|BCDto7Seg_CPU_cpu_debug_slave_wrapper:the_BCDto7Seg_CPU_cpu_debug_slave_wrapper|BCDto7Seg_CPU_cpu_debug_slave_tck:the_BCDto7Seg_CPU_cpu_debug_slave_tck|sr[4]                                                                         ; BCDto7Seg:inst|BCDto7Seg_CPU:cpu|BCDto7Seg_CPU_cpu:cpu|BCDto7Seg_CPU_cpu_nios2_oci:the_BCDto7Seg_CPU_cpu_nios2_oci|BCDto7Seg_CPU_cpu_debug_slave_wrapper:the_BCDto7Seg_CPU_cpu_debug_slave_wrapper|BCDto7Seg_CPU_cpu_debug_slave_tck:the_BCDto7Seg_CPU_cpu_debug_slave_tck|sr[3]                                                                         ; altera_reserved_tck ; altera_reserved_tck ; 0.000        ; 0.072      ; 0.758      ;
; 0.515 ; BCDto7Seg:inst|BCDto7Seg_CPU:cpu|BCDto7Seg_CPU_cpu:cpu|BCDto7Seg_CPU_cpu_nios2_oci:the_BCDto7Seg_CPU_cpu_nios2_oci|BCDto7Seg_CPU_cpu_debug_slave_wrapper:the_BCDto7Seg_CPU_cpu_debug_slave_wrapper|BCDto7Seg_CPU_cpu_debug_slave_tck:the_BCDto7Seg_CPU_cpu_debug_slave_tck|sr[3]                                                                         ; BCDto7Seg:inst|BCDto7Seg_CPU:cpu|BCDto7Seg_CPU_cpu:cpu|BCDto7Seg_CPU_cpu_nios2_oci:the_BCDto7Seg_CPU_cpu_nios2_oci|BCDto7Seg_CPU_cpu_debug_slave_wrapper:the_BCDto7Seg_CPU_cpu_debug_slave_wrapper|BCDto7Seg_CPU_cpu_debug_slave_tck:the_BCDto7Seg_CPU_cpu_debug_slave_tck|sr[2]                                                                         ; altera_reserved_tck ; altera_reserved_tck ; 0.000        ; 0.072      ; 0.758      ;
; 0.516 ; BCDto7Seg:inst|BCDto7Seg_CPU:cpu|BCDto7Seg_CPU_cpu:cpu|BCDto7Seg_CPU_cpu_nios2_oci:the_BCDto7Seg_CPU_cpu_nios2_oci|BCDto7Seg_CPU_cpu_debug_slave_wrapper:the_BCDto7Seg_CPU_cpu_debug_slave_wrapper|BCDto7Seg_CPU_cpu_debug_slave_tck:the_BCDto7Seg_CPU_cpu_debug_slave_tck|sr[13]                                                                        ; BCDto7Seg:inst|BCDto7Seg_CPU:cpu|BCDto7Seg_CPU_cpu:cpu|BCDto7Seg_CPU_cpu_nios2_oci:the_BCDto7Seg_CPU_cpu_nios2_oci|BCDto7Seg_CPU_cpu_debug_slave_wrapper:the_BCDto7Seg_CPU_cpu_debug_slave_wrapper|BCDto7Seg_CPU_cpu_debug_slave_tck:the_BCDto7Seg_CPU_cpu_debug_slave_tck|sr[12]                                                                        ; altera_reserved_tck ; altera_reserved_tck ; 0.000        ; 0.071      ; 0.758      ;
; 0.516 ; BCDto7Seg:inst|BCDto7Seg_CPU:cpu|BCDto7Seg_CPU_cpu:cpu|BCDto7Seg_CPU_cpu_nios2_oci:the_BCDto7Seg_CPU_cpu_nios2_oci|BCDto7Seg_CPU_cpu_debug_slave_wrapper:the_BCDto7Seg_CPU_cpu_debug_slave_wrapper|BCDto7Seg_CPU_cpu_debug_slave_tck:the_BCDto7Seg_CPU_cpu_debug_slave_tck|sr[11]                                                                        ; BCDto7Seg:inst|BCDto7Seg_CPU:cpu|BCDto7Seg_CPU_cpu:cpu|BCDto7Seg_CPU_cpu_nios2_oci:the_BCDto7Seg_CPU_cpu_nios2_oci|BCDto7Seg_CPU_cpu_debug_slave_wrapper:the_BCDto7Seg_CPU_cpu_debug_slave_wrapper|BCDto7Seg_CPU_cpu_debug_slave_tck:the_BCDto7Seg_CPU_cpu_debug_slave_tck|sr[10]                                                                        ; altera_reserved_tck ; altera_reserved_tck ; 0.000        ; 0.071      ; 0.758      ;
; 0.517 ; BCDto7Seg:inst|BCDto7Seg_CPU:cpu|BCDto7Seg_CPU_cpu:cpu|BCDto7Seg_CPU_cpu_nios2_oci:the_BCDto7Seg_CPU_cpu_nios2_oci|BCDto7Seg_CPU_cpu_debug_slave_wrapper:the_BCDto7Seg_CPU_cpu_debug_slave_wrapper|BCDto7Seg_CPU_cpu_debug_slave_tck:the_BCDto7Seg_CPU_cpu_debug_slave_tck|sr[6]                                                                         ; BCDto7Seg:inst|BCDto7Seg_CPU:cpu|BCDto7Seg_CPU_cpu:cpu|BCDto7Seg_CPU_cpu_nios2_oci:the_BCDto7Seg_CPU_cpu_nios2_oci|BCDto7Seg_CPU_cpu_debug_slave_wrapper:the_BCDto7Seg_CPU_cpu_debug_slave_wrapper|BCDto7Seg_CPU_cpu_debug_slave_tck:the_BCDto7Seg_CPU_cpu_debug_slave_tck|sr[5]                                                                         ; altera_reserved_tck ; altera_reserved_tck ; 0.000        ; 0.072      ; 0.760      ;
; 0.527 ; BCDto7Seg:inst|BCDto7Seg_CPU:cpu|BCDto7Seg_CPU_cpu:cpu|BCDto7Seg_CPU_cpu_nios2_oci:the_BCDto7Seg_CPU_cpu_nios2_oci|BCDto7Seg_CPU_cpu_debug_slave_wrapper:the_BCDto7Seg_CPU_cpu_debug_slave_wrapper|BCDto7Seg_CPU_cpu_debug_slave_tck:the_BCDto7Seg_CPU_cpu_debug_slave_tck|sr[24]                                                                        ; BCDto7Seg:inst|BCDto7Seg_CPU:cpu|BCDto7Seg_CPU_cpu:cpu|BCDto7Seg_CPU_cpu_nios2_oci:the_BCDto7Seg_CPU_cpu_nios2_oci|BCDto7Seg_CPU_cpu_debug_slave_wrapper:the_BCDto7Seg_CPU_cpu_debug_slave_wrapper|BCDto7Seg_CPU_cpu_debug_slave_tck:the_BCDto7Seg_CPU_cpu_debug_slave_tck|sr[23]                                                                        ; altera_reserved_tck ; altera_reserved_tck ; 0.000        ; 0.071      ; 0.769      ;
; 0.528 ; BCDto7Seg:inst|BCDto7Seg_CPU:cpu|BCDto7Seg_CPU_cpu:cpu|BCDto7Seg_CPU_cpu_nios2_oci:the_BCDto7Seg_CPU_cpu_nios2_oci|BCDto7Seg_CPU_cpu_debug_slave_wrapper:the_BCDto7Seg_CPU_cpu_debug_slave_wrapper|BCDto7Seg_CPU_cpu_debug_slave_tck:the_BCDto7Seg_CPU_cpu_debug_slave_tck|sr[2]                                                                         ; BCDto7Seg:inst|BCDto7Seg_CPU:cpu|BCDto7Seg_CPU_cpu:cpu|BCDto7Seg_CPU_cpu_nios2_oci:the_BCDto7Seg_CPU_cpu_nios2_oci|BCDto7Seg_CPU_cpu_debug_slave_wrapper:the_BCDto7Seg_CPU_cpu_debug_slave_wrapper|BCDto7Seg_CPU_cpu_debug_slave_tck:the_BCDto7Seg_CPU_cpu_debug_slave_tck|sr[1]                                                                         ; altera_reserved_tck ; altera_reserved_tck ; 0.000        ; 0.072      ; 0.771      ;
; 0.531 ; BCDto7Seg:inst|BCDto7Seg_CPU:cpu|BCDto7Seg_CPU_cpu:cpu|BCDto7Seg_CPU_cpu_nios2_oci:the_BCDto7Seg_CPU_cpu_nios2_oci|BCDto7Seg_CPU_cpu_debug_slave_wrapper:the_BCDto7Seg_CPU_cpu_debug_slave_wrapper|BCDto7Seg_CPU_cpu_debug_slave_tck:the_BCDto7Seg_CPU_cpu_debug_slave_tck|sr[23]                                                                        ; BCDto7Seg:inst|BCDto7Seg_CPU:cpu|BCDto7Seg_CPU_cpu:cpu|BCDto7Seg_CPU_cpu_nios2_oci:the_BCDto7Seg_CPU_cpu_nios2_oci|BCDto7Seg_CPU_cpu_debug_slave_wrapper:the_BCDto7Seg_CPU_cpu_debug_slave_wrapper|BCDto7Seg_CPU_cpu_debug_slave_tck:the_BCDto7Seg_CPU_cpu_debug_slave_tck|sr[22]                                                                        ; altera_reserved_tck ; altera_reserved_tck ; 0.000        ; 0.071      ; 0.773      ;
; 0.544 ; sld_hub:auto_hub|alt_sld_fab_with_jtag_input:\instrumentation_fabric_with_node_gen:fabric_gen_new_way:with_jtag_input_gen:instrumentation_fabric|alt_sld_fab:instrumentation_fabric|alt_sld_fab_alt_sld_fab:alt_sld_fab|alt_sld_fab_alt_sld_fab_sldfabric:sldfabric|sld_jtag_hub:\jtag_hub_gen:real_sld_jtag_hub|jtag_ir_reg[0]                          ; sld_hub:auto_hub|alt_sld_fab_with_jtag_input:\instrumentation_fabric_with_node_gen:fabric_gen_new_way:with_jtag_input_gen:instrumentation_fabric|alt_sld_fab:instrumentation_fabric|alt_sld_fab_alt_sld_fab:alt_sld_fab|alt_sld_fab_alt_sld_fab_sldfabric:sldfabric|sld_jtag_hub:\jtag_hub_gen:real_sld_jtag_hub|virtual_ir_scan_reg                     ; altera_reserved_tck ; altera_reserved_tck ; 0.000        ; 0.071      ; 0.786      ;
; 0.545 ; sld_hub:auto_hub|alt_sld_fab_with_jtag_input:\instrumentation_fabric_with_node_gen:fabric_gen_new_way:with_jtag_input_gen:instrumentation_fabric|alt_sld_fab:instrumentation_fabric|alt_sld_fab_alt_sld_fab:alt_sld_fab|alt_sld_fab_alt_sld_fab_sldfabric:sldfabric|sld_jtag_hub:\jtag_hub_gen:real_sld_jtag_hub|jtag_ir_reg[0]                          ; sld_hub:auto_hub|alt_sld_fab_with_jtag_input:\instrumentation_fabric_with_node_gen:fabric_gen_new_way:with_jtag_input_gen:instrumentation_fabric|alt_sld_fab:instrumentation_fabric|alt_sld_fab_alt_sld_fab:alt_sld_fab|alt_sld_fab_alt_sld_fab_sldfabric:sldfabric|sld_jtag_hub:\jtag_hub_gen:real_sld_jtag_hub|virtual_dr_scan_reg                     ; altera_reserved_tck ; altera_reserved_tck ; 0.000        ; 0.071      ; 0.787      ;
; 0.547 ; sld_hub:auto_hub|alt_sld_fab_with_jtag_input:\instrumentation_fabric_with_node_gen:fabric_gen_new_way:with_jtag_input_gen:instrumentation_fabric|alt_sld_fab:instrumentation_fabric|alt_sld_fab_alt_sld_fab:alt_sld_fab|alt_sld_fab_alt_sld_fab_sldfabric:sldfabric|sld_jtag_hub:\jtag_hub_gen:real_sld_jtag_hub|jtag_ir_reg[5]                          ; sld_hub:auto_hub|alt_sld_fab_with_jtag_input:\instrumentation_fabric_with_node_gen:fabric_gen_new_way:with_jtag_input_gen:instrumentation_fabric|alt_sld_fab:instrumentation_fabric|alt_sld_fab_alt_sld_fab:alt_sld_fab|alt_sld_fab_alt_sld_fab_sldfabric:sldfabric|sld_jtag_hub:\jtag_hub_gen:real_sld_jtag_hub|jtag_ir_reg[4]                          ; altera_reserved_tck ; altera_reserved_tck ; 0.000        ; 0.071      ; 0.789      ;
; 0.549 ; sld_hub:auto_hub|alt_sld_fab_with_jtag_input:\instrumentation_fabric_with_node_gen:fabric_gen_new_way:with_jtag_input_gen:instrumentation_fabric|alt_sld_fab:instrumentation_fabric|alt_sld_fab_alt_sld_fab:alt_sld_fab|alt_sld_fab_alt_sld_fab_sldfabric:sldfabric|sld_jtag_hub:\jtag_hub_gen:real_sld_jtag_hub|design_hash_reg[1]                      ; sld_hub:auto_hub|alt_sld_fab_with_jtag_input:\instrumentation_fabric_with_node_gen:fabric_gen_new_way:with_jtag_input_gen:instrumentation_fabric|alt_sld_fab:instrumentation_fabric|alt_sld_fab_alt_sld_fab:alt_sld_fab|alt_sld_fab_alt_sld_fab_sldfabric:sldfabric|sld_jtag_hub:\jtag_hub_gen:real_sld_jtag_hub|design_hash_reg[0]                      ; altera_reserved_tck ; altera_reserved_tck ; 0.000        ; 0.071      ; 0.791      ;
; 0.551 ; sld_hub:auto_hub|alt_sld_fab_with_jtag_input:\instrumentation_fabric_with_node_gen:fabric_gen_new_way:with_jtag_input_gen:instrumentation_fabric|alt_sld_fab:instrumentation_fabric|alt_sld_fab_alt_sld_fab:alt_sld_fab|alt_sld_fab_alt_sld_fab_sldfabric:sldfabric|sld_jtag_hub:\jtag_hub_gen:real_sld_jtag_hub|design_hash_reg[2]                      ; sld_hub:auto_hub|alt_sld_fab_with_jtag_input:\instrumentation_fabric_with_node_gen:fabric_gen_new_way:with_jtag_input_gen:instrumentation_fabric|alt_sld_fab:instrumentation_fabric|alt_sld_fab_alt_sld_fab:alt_sld_fab|alt_sld_fab_alt_sld_fab_sldfabric:sldfabric|sld_jtag_hub:\jtag_hub_gen:real_sld_jtag_hub|design_hash_reg[1]                      ; altera_reserved_tck ; altera_reserved_tck ; 0.000        ; 0.071      ; 0.793      ;
; 0.552 ; sld_hub:auto_hub|alt_sld_fab_with_jtag_input:\instrumentation_fabric_with_node_gen:fabric_gen_new_way:with_jtag_input_gen:instrumentation_fabric|alt_sld_fab:instrumentation_fabric|alt_sld_fab_alt_sld_fab:alt_sld_fab|alt_sld_fab_alt_sld_fab_sldfabric:sldfabric|sld_jtag_hub:\jtag_hub_gen:real_sld_jtag_hub|design_hash_reg[3]                      ; sld_hub:auto_hub|alt_sld_fab_with_jtag_input:\instrumentation_fabric_with_node_gen:fabric_gen_new_way:with_jtag_input_gen:instrumentation_fabric|alt_sld_fab:instrumentation_fabric|alt_sld_fab_alt_sld_fab:alt_sld_fab|alt_sld_fab_alt_sld_fab_sldfabric:sldfabric|sld_jtag_hub:\jtag_hub_gen:real_sld_jtag_hub|design_hash_reg[2]                      ; altera_reserved_tck ; altera_reserved_tck ; 0.000        ; 0.071      ; 0.794      ;
; 0.555 ; BCDto7Seg:inst|BCDto7Seg_CPU:cpu|BCDto7Seg_CPU_cpu:cpu|BCDto7Seg_CPU_cpu_nios2_oci:the_BCDto7Seg_CPU_cpu_nios2_oci|BCDto7Seg_CPU_cpu_debug_slave_wrapper:the_BCDto7Seg_CPU_cpu_debug_slave_wrapper|BCDto7Seg_CPU_cpu_debug_slave_tck:the_BCDto7Seg_CPU_cpu_debug_slave_tck|DRsize.000                                                                    ; BCDto7Seg:inst|BCDto7Seg_CPU:cpu|BCDto7Seg_CPU_cpu:cpu|BCDto7Seg_CPU_cpu_nios2_oci:the_BCDto7Seg_CPU_cpu_nios2_oci|BCDto7Seg_CPU_cpu_debug_slave_wrapper:the_BCDto7Seg_CPU_cpu_debug_slave_wrapper|BCDto7Seg_CPU_cpu_debug_slave_tck:the_BCDto7Seg_CPU_cpu_debug_slave_tck|sr[0]                                                                         ; altera_reserved_tck ; altera_reserved_tck ; 0.000        ; 0.073      ; 0.799      ;
; 0.555 ; sld_hub:auto_hub|alt_sld_fab_with_jtag_input:\instrumentation_fabric_with_node_gen:fabric_gen_new_way:with_jtag_input_gen:instrumentation_fabric|alt_sld_fab:instrumentation_fabric|alt_sld_fab_alt_sld_fab:alt_sld_fab|alt_sld_fab_alt_sld_fab_sldfabric:sldfabric|sld_jtag_hub:\jtag_hub_gen:real_sld_jtag_hub|jtag_ir_reg[8]                          ; sld_hub:auto_hub|alt_sld_fab_with_jtag_input:\instrumentation_fabric_with_node_gen:fabric_gen_new_way:with_jtag_input_gen:instrumentation_fabric|alt_sld_fab:instrumentation_fabric|alt_sld_fab_alt_sld_fab:alt_sld_fab|alt_sld_fab_alt_sld_fab_sldfabric:sldfabric|sld_jtag_hub:\jtag_hub_gen:real_sld_jtag_hub|jtag_ir_reg[7]                          ; altera_reserved_tck ; altera_reserved_tck ; 0.000        ; 0.071      ; 0.797      ;
; 0.556 ; sld_hub:auto_hub|alt_sld_fab_with_jtag_input:\instrumentation_fabric_with_node_gen:fabric_gen_new_way:with_jtag_input_gen:instrumentation_fabric|alt_sld_fab:instrumentation_fabric|alt_sld_fab_alt_sld_fab:alt_sld_fab|alt_sld_fab_alt_sld_fab_sldfabric:sldfabric|sld_jtag_hub:\jtag_hub_gen:real_sld_jtag_hub|jtag_ir_reg[6]                          ; sld_hub:auto_hub|alt_sld_fab_with_jtag_input:\instrumentation_fabric_with_node_gen:fabric_gen_new_way:with_jtag_input_gen:instrumentation_fabric|alt_sld_fab:instrumentation_fabric|alt_sld_fab_alt_sld_fab:alt_sld_fab|alt_sld_fab_alt_sld_fab_sldfabric:sldfabric|sld_jtag_hub:\jtag_hub_gen:real_sld_jtag_hub|jtag_ir_reg[5]                          ; altera_reserved_tck ; altera_reserved_tck ; 0.000        ; 0.071      ; 0.798      ;
; 0.566 ; BCDto7Seg:inst|BCDto7Seg_CPU:cpu|BCDto7Seg_CPU_cpu:cpu|BCDto7Seg_CPU_cpu_nios2_oci:the_BCDto7Seg_CPU_cpu_nios2_oci|BCDto7Seg_CPU_cpu_debug_slave_wrapper:the_BCDto7Seg_CPU_cpu_debug_slave_wrapper|BCDto7Seg_CPU_cpu_debug_slave_tck:the_BCDto7Seg_CPU_cpu_debug_slave_tck|sr[9]                                                                         ; BCDto7Seg:inst|BCDto7Seg_CPU:cpu|BCDto7Seg_CPU_cpu:cpu|BCDto7Seg_CPU_cpu_nios2_oci:the_BCDto7Seg_CPU_cpu_nios2_oci|BCDto7Seg_CPU_cpu_debug_slave_wrapper:the_BCDto7Seg_CPU_cpu_debug_slave_wrapper|BCDto7Seg_CPU_cpu_debug_slave_tck:the_BCDto7Seg_CPU_cpu_debug_slave_tck|sr[8]                                                                         ; altera_reserved_tck ; altera_reserved_tck ; 0.000        ; 0.071      ; 0.808      ;
; 0.570 ; BCDto7Seg:inst|BCDto7Seg_CPU:cpu|BCDto7Seg_CPU_cpu:cpu|BCDto7Seg_CPU_cpu_nios2_oci:the_BCDto7Seg_CPU_cpu_nios2_oci|BCDto7Seg_CPU_cpu_debug_slave_wrapper:the_BCDto7Seg_CPU_cpu_debug_slave_wrapper|BCDto7Seg_CPU_cpu_debug_slave_tck:the_BCDto7Seg_CPU_cpu_debug_slave_tck|sr[10]                                                                        ; BCDto7Seg:inst|BCDto7Seg_CPU:cpu|BCDto7Seg_CPU_cpu:cpu|BCDto7Seg_CPU_cpu_nios2_oci:the_BCDto7Seg_CPU_cpu_nios2_oci|BCDto7Seg_CPU_cpu_debug_slave_wrapper:the_BCDto7Seg_CPU_cpu_debug_slave_wrapper|BCDto7Seg_CPU_cpu_debug_slave_tck:the_BCDto7Seg_CPU_cpu_debug_slave_tck|sr[9]                                                                         ; altera_reserved_tck ; altera_reserved_tck ; 0.000        ; 0.071      ; 0.812      ;
; 0.571 ; sld_hub:auto_hub|alt_sld_fab_with_jtag_input:\instrumentation_fabric_with_node_gen:fabric_gen_new_way:with_jtag_input_gen:instrumentation_fabric|alt_sld_fab:instrumentation_fabric|alt_sld_fab_alt_sld_fab:alt_sld_fab|alt_sld_fab_alt_sld_fab_sldfabric:sldfabric|sld_jtag_hub:\jtag_hub_gen:real_sld_jtag_hub|jtag_ir_reg[7]                          ; sld_hub:auto_hub|alt_sld_fab_with_jtag_input:\instrumentation_fabric_with_node_gen:fabric_gen_new_way:with_jtag_input_gen:instrumentation_fabric|alt_sld_fab:instrumentation_fabric|alt_sld_fab_alt_sld_fab:alt_sld_fab|alt_sld_fab_alt_sld_fab_sldfabric:sldfabric|sld_jtag_hub:\jtag_hub_gen:real_sld_jtag_hub|jtag_ir_reg[6]                          ; altera_reserved_tck ; altera_reserved_tck ; 0.000        ; 0.071      ; 0.813      ;
; 0.573 ; sld_hub:auto_hub|alt_sld_fab_with_jtag_input:\instrumentation_fabric_with_node_gen:fabric_gen_new_way:with_jtag_input_gen:instrumentation_fabric|alt_sld_fab:instrumentation_fabric|alt_sld_fab_alt_sld_fab:alt_sld_fab|sldfabric_ident_writedata[0]                                                                                                     ; sld_hub:auto_hub|alt_sld_fab_with_jtag_input:\instrumentation_fabric_with_node_gen:fabric_gen_new_way:with_jtag_input_gen:instrumentation_fabric|alt_sld_fab:instrumentation_fabric|alt_sld_fab_alt_sld_fab:alt_sld_fab|alt_sld_fab_alt_sld_fab_sldfabric:sldfabric|sld_jtag_hub:\jtag_hub_gen:real_sld_jtag_hub|design_hash_reg[0]                      ; altera_reserved_tck ; altera_reserved_tck ; 0.000        ; 0.070      ; 0.814      ;
; 0.576 ; sld_hub:auto_hub|alt_sld_fab_with_jtag_input:\instrumentation_fabric_with_node_gen:fabric_gen_new_way:with_jtag_input_gen:instrumentation_fabric|alt_sld_fab:instrumentation_fabric|alt_sld_fab_alt_sld_fab:alt_sld_fab|sldfabric_ident_writedata[2]                                                                                                     ; sld_hub:auto_hub|alt_sld_fab_with_jtag_input:\instrumentation_fabric_with_node_gen:fabric_gen_new_way:with_jtag_input_gen:instrumentation_fabric|alt_sld_fab:instrumentation_fabric|alt_sld_fab_alt_sld_fab:alt_sld_fab|alt_sld_fab_alt_sld_fab_sldfabric:sldfabric|sld_jtag_hub:\jtag_hub_gen:real_sld_jtag_hub|design_hash_reg[2]                      ; altera_reserved_tck ; altera_reserved_tck ; 0.000        ; 0.070      ; 0.817      ;
; 0.582 ; sld_hub:auto_hub|alt_sld_fab_with_jtag_input:\instrumentation_fabric_with_node_gen:fabric_gen_new_way:with_jtag_input_gen:instrumentation_fabric|alt_sld_fab:instrumentation_fabric|alt_sld_fab_alt_sld_fab:alt_sld_fab|alt_sld_fab_alt_sld_fab_sldfabric:sldfabric|sld_jtag_hub:\jtag_hub_gen:real_sld_jtag_hub|hub_minor_ver_reg[1]                    ; sld_hub:auto_hub|alt_sld_fab_with_jtag_input:\instrumentation_fabric_with_node_gen:fabric_gen_new_way:with_jtag_input_gen:instrumentation_fabric|alt_sld_fab:instrumentation_fabric|alt_sld_fab_alt_sld_fab:alt_sld_fab|alt_sld_fab_alt_sld_fab_sldfabric:sldfabric|sld_jtag_hub:\jtag_hub_gen:real_sld_jtag_hub|hub_minor_ver_reg[0]                    ; altera_reserved_tck ; altera_reserved_tck ; 0.000        ; 0.071      ; 0.824      ;
; 0.583 ; sld_hub:auto_hub|alt_sld_fab_with_jtag_input:\instrumentation_fabric_with_node_gen:fabric_gen_new_way:with_jtag_input_gen:instrumentation_fabric|alt_sld_fab:instrumentation_fabric|alt_sld_fab_alt_sld_fab:alt_sld_fab|alt_sld_fab_alt_sld_fab_sldfabric:sldfabric|sld_jtag_hub:\jtag_hub_gen:real_sld_jtag_hub|hub_minor_ver_reg[2]                    ; sld_hub:auto_hub|alt_sld_fab_with_jtag_input:\instrumentation_fabric_with_node_gen:fabric_gen_new_way:with_jtag_input_gen:instrumentation_fabric|alt_sld_fab:instrumentation_fabric|alt_sld_fab_alt_sld_fab:alt_sld_fab|alt_sld_fab_alt_sld_fab_sldfabric:sldfabric|sld_jtag_hub:\jtag_hub_gen:real_sld_jtag_hub|hub_minor_ver_reg[1]                    ; altera_reserved_tck ; altera_reserved_tck ; 0.000        ; 0.071      ; 0.825      ;
; 0.588 ; sld_hub:auto_hub|alt_sld_fab_with_jtag_input:\instrumentation_fabric_with_node_gen:fabric_gen_new_way:with_jtag_input_gen:instrumentation_fabric|alt_sld_fab:instrumentation_fabric|alt_sld_fab_alt_sld_fab:alt_sld_fab|alt_sld_fab_alt_sld_fab_sldfabric:sldfabric|sld_jtag_hub:\jtag_hub_gen:real_sld_jtag_hub|sld_shadow_jsm:shadow_jsm|tms_cnt[0]    ; sld_hub:auto_hub|alt_sld_fab_with_jtag_input:\instrumentation_fabric_with_node_gen:fabric_gen_new_way:with_jtag_input_gen:instrumentation_fabric|alt_sld_fab:instrumentation_fabric|alt_sld_fab_alt_sld_fab:alt_sld_fab|alt_sld_fab_alt_sld_fab_sldfabric:sldfabric|sld_jtag_hub:\jtag_hub_gen:real_sld_jtag_hub|sld_shadow_jsm:shadow_jsm|tms_cnt[2]    ; altera_reserved_tck ; altera_reserved_tck ; 0.000        ; 0.072      ; 0.831      ;
; 0.588 ; BCDto7Seg:inst|BCDto7Seg_CPU:cpu|BCDto7Seg_CPU_cpu:cpu|BCDto7Seg_CPU_cpu_nios2_oci:the_BCDto7Seg_CPU_cpu_nios2_oci|BCDto7Seg_CPU_cpu_debug_slave_wrapper:the_BCDto7Seg_CPU_cpu_debug_slave_wrapper|BCDto7Seg_CPU_cpu_debug_slave_tck:the_BCDto7Seg_CPU_cpu_debug_slave_tck|sr[34]                                                                        ; BCDto7Seg:inst|BCDto7Seg_CPU:cpu|BCDto7Seg_CPU_cpu:cpu|BCDto7Seg_CPU_cpu_nios2_oci:the_BCDto7Seg_CPU_cpu_nios2_oci|BCDto7Seg_CPU_cpu_debug_slave_wrapper:the_BCDto7Seg_CPU_cpu_debug_slave_wrapper|BCDto7Seg_CPU_cpu_debug_slave_tck:the_BCDto7Seg_CPU_cpu_debug_slave_tck|sr[33]                                                                        ; altera_reserved_tck ; altera_reserved_tck ; 0.000        ; 0.071      ; 0.830      ;
; 0.590 ; sld_hub:auto_hub|alt_sld_fab_with_jtag_input:\instrumentation_fabric_with_node_gen:fabric_gen_new_way:with_jtag_input_gen:instrumentation_fabric|alt_sld_fab:instrumentation_fabric|alt_sld_fab_alt_sld_fab:alt_sld_fab|alt_sld_fab_alt_sld_fab_sldfabric:sldfabric|sld_jtag_hub:\jtag_hub_gen:real_sld_jtag_hub|sld_shadow_jsm:shadow_jsm|state[12]     ; sld_hub:auto_hub|alt_sld_fab_with_jtag_input:\instrumentation_fabric_with_node_gen:fabric_gen_new_way:with_jtag_input_gen:instrumentation_fabric|alt_sld_fab:instrumentation_fabric|alt_sld_fab_alt_sld_fab:alt_sld_fab|alt_sld_fab_alt_sld_fab_sldfabric:sldfabric|sld_jtag_hub:\jtag_hub_gen:real_sld_jtag_hub|sld_shadow_jsm:shadow_jsm|state[13]     ; altera_reserved_tck ; altera_reserved_tck ; 0.000        ; 0.071      ; 0.832      ;
; 0.591 ; sld_hub:auto_hub|alt_sld_fab_with_jtag_input:\instrumentation_fabric_with_node_gen:fabric_gen_new_way:with_jtag_input_gen:instrumentation_fabric|alt_sld_fab:instrumentation_fabric|alt_sld_fab_alt_sld_fab:alt_sld_fab|alt_sld_fab_alt_sld_fab_sldfabric:sldfabric|sld_jtag_hub:\jtag_hub_gen:real_sld_jtag_hub|sld_shadow_jsm:shadow_jsm|tms_cnt[0]    ; sld_hub:auto_hub|alt_sld_fab_with_jtag_input:\instrumentation_fabric_with_node_gen:fabric_gen_new_way:with_jtag_input_gen:instrumentation_fabric|alt_sld_fab:instrumentation_fabric|alt_sld_fab_alt_sld_fab:alt_sld_fab|alt_sld_fab_alt_sld_fab_sldfabric:sldfabric|sld_jtag_hub:\jtag_hub_gen:real_sld_jtag_hub|sld_shadow_jsm:shadow_jsm|tms_cnt[1]    ; altera_reserved_tck ; altera_reserved_tck ; 0.000        ; 0.072      ; 0.834      ;
; 0.595 ; sld_hub:auto_hub|alt_sld_fab_with_jtag_input:\instrumentation_fabric_with_node_gen:fabric_gen_new_way:with_jtag_input_gen:instrumentation_fabric|alt_sld_fab:instrumentation_fabric|alt_sld_fab_alt_sld_fab:alt_sld_fab|alt_sld_fab_alt_sld_fab_sldfabric:sldfabric|sld_jtag_hub:\jtag_hub_gen:real_sld_jtag_hub|sld_rom_sr:hub_info_reg|word_counter[4] ; sld_hub:auto_hub|alt_sld_fab_with_jtag_input:\instrumentation_fabric_with_node_gen:fabric_gen_new_way:with_jtag_input_gen:instrumentation_fabric|alt_sld_fab:instrumentation_fabric|alt_sld_fab_alt_sld_fab:alt_sld_fab|alt_sld_fab_alt_sld_fab_sldfabric:sldfabric|sld_jtag_hub:\jtag_hub_gen:real_sld_jtag_hub|sld_rom_sr:hub_info_reg|word_counter[4] ; altera_reserved_tck ; altera_reserved_tck ; 0.000        ; 0.072      ; 0.838      ;
; 0.595 ; sld_hub:auto_hub|alt_sld_fab_with_jtag_input:\instrumentation_fabric_with_node_gen:fabric_gen_new_way:with_jtag_input_gen:instrumentation_fabric|alt_sld_fab:instrumentation_fabric|alt_sld_fab_alt_sld_fab:alt_sld_fab|alt_sld_fab_alt_sld_fab_sldfabric:sldfabric|sld_jtag_hub:\jtag_hub_gen:real_sld_jtag_hub|sld_shadow_jsm:shadow_jsm|state[5]      ; sld_hub:auto_hub|alt_sld_fab_with_jtag_input:\instrumentation_fabric_with_node_gen:fabric_gen_new_way:with_jtag_input_gen:instrumentation_fabric|alt_sld_fab:instrumentation_fabric|alt_sld_fab_alt_sld_fab:alt_sld_fab|alt_sld_fab_alt_sld_fab_sldfabric:sldfabric|sld_jtag_hub:\jtag_hub_gen:real_sld_jtag_hub|sld_shadow_jsm:shadow_jsm|state[6]      ; altera_reserved_tck ; altera_reserved_tck ; 0.000        ; 0.071      ; 0.837      ;
; 0.595 ; BCDto7Seg:inst|BCDto7Seg_CPU:cpu|BCDto7Seg_CPU_cpu:cpu|BCDto7Seg_CPU_cpu_nios2_oci:the_BCDto7Seg_CPU_cpu_nios2_oci|BCDto7Seg_CPU_cpu_debug_slave_wrapper:the_BCDto7Seg_CPU_cpu_debug_slave_wrapper|BCDto7Seg_CPU_cpu_debug_slave_tck:the_BCDto7Seg_CPU_cpu_debug_slave_tck|sr[12]                                                                        ; BCDto7Seg:inst|BCDto7Seg_CPU:cpu|BCDto7Seg_CPU_cpu:cpu|BCDto7Seg_CPU_cpu_nios2_oci:the_BCDto7Seg_CPU_cpu_nios2_oci|BCDto7Seg_CPU_cpu_debug_slave_wrapper:the_BCDto7Seg_CPU_cpu_debug_slave_wrapper|BCDto7Seg_CPU_cpu_debug_slave_tck:the_BCDto7Seg_CPU_cpu_debug_slave_tck|sr[11]                                                                        ; altera_reserved_tck ; altera_reserved_tck ; 0.000        ; 0.071      ; 0.837      ;
; 0.595 ; BCDto7Seg:inst|BCDto7Seg_CPU:cpu|BCDto7Seg_CPU_cpu:cpu|BCDto7Seg_CPU_cpu_nios2_oci:the_BCDto7Seg_CPU_cpu_nios2_oci|BCDto7Seg_CPU_cpu_debug_slave_wrapper:the_BCDto7Seg_CPU_cpu_debug_slave_wrapper|BCDto7Seg_CPU_cpu_debug_slave_tck:the_BCDto7Seg_CPU_cpu_debug_slave_tck|sr[33]                                                                        ; BCDto7Seg:inst|BCDto7Seg_CPU:cpu|BCDto7Seg_CPU_cpu:cpu|BCDto7Seg_CPU_cpu_nios2_oci:the_BCDto7Seg_CPU_cpu_nios2_oci|BCDto7Seg_CPU_cpu_debug_slave_wrapper:the_BCDto7Seg_CPU_cpu_debug_slave_wrapper|BCDto7Seg_CPU_cpu_debug_slave_tck:the_BCDto7Seg_CPU_cpu_debug_slave_tck|sr[32]                                                                        ; altera_reserved_tck ; altera_reserved_tck ; 0.000        ; 0.070      ; 0.836      ;
; 0.604 ; BCDto7Seg:inst|BCDto7Seg_CPU:cpu|BCDto7Seg_CPU_cpu:cpu|BCDto7Seg_CPU_cpu_nios2_oci:the_BCDto7Seg_CPU_cpu_nios2_oci|BCDto7Seg_CPU_cpu_debug_slave_wrapper:the_BCDto7Seg_CPU_cpu_debug_slave_wrapper|BCDto7Seg_CPU_cpu_debug_slave_tck:the_BCDto7Seg_CPU_cpu_debug_slave_tck|sr[19]                                                                        ; BCDto7Seg:inst|BCDto7Seg_CPU:cpu|BCDto7Seg_CPU_cpu:cpu|BCDto7Seg_CPU_cpu_nios2_oci:the_BCDto7Seg_CPU_cpu_nios2_oci|BCDto7Seg_CPU_cpu_debug_slave_wrapper:the_BCDto7Seg_CPU_cpu_debug_slave_wrapper|BCDto7Seg_CPU_cpu_debug_slave_tck:the_BCDto7Seg_CPU_cpu_debug_slave_tck|sr[18]                                                                        ; altera_reserved_tck ; altera_reserved_tck ; 0.000        ; 0.071      ; 0.846      ;
; 0.607 ; BCDto7Seg:inst|BCDto7Seg_CPU:cpu|BCDto7Seg_CPU_cpu:cpu|BCDto7Seg_CPU_cpu_nios2_oci:the_BCDto7Seg_CPU_cpu_nios2_oci|BCDto7Seg_CPU_cpu_debug_slave_wrapper:the_BCDto7Seg_CPU_cpu_debug_slave_wrapper|BCDto7Seg_CPU_cpu_debug_slave_tck:the_BCDto7Seg_CPU_cpu_debug_slave_tck|sr[28]                                                                        ; BCDto7Seg:inst|BCDto7Seg_CPU:cpu|BCDto7Seg_CPU_cpu:cpu|BCDto7Seg_CPU_cpu_nios2_oci:the_BCDto7Seg_CPU_cpu_nios2_oci|BCDto7Seg_CPU_cpu_debug_slave_wrapper:the_BCDto7Seg_CPU_cpu_debug_slave_wrapper|BCDto7Seg_CPU_cpu_debug_slave_tck:the_BCDto7Seg_CPU_cpu_debug_slave_tck|sr[27]                                                                        ; altera_reserved_tck ; altera_reserved_tck ; 0.000        ; 0.071      ; 0.849      ;
; 0.609 ; sld_hub:auto_hub|alt_sld_fab_with_jtag_input:\instrumentation_fabric_with_node_gen:fabric_gen_new_way:with_jtag_input_gen:instrumentation_fabric|alt_sld_fab:instrumentation_fabric|alt_sld_fab_alt_sld_fab:alt_sld_fab|alt_sld_fab_alt_sld_fab_sldfabric:sldfabric|sld_jtag_hub:\jtag_hub_gen:real_sld_jtag_hub|sld_rom_sr:hub_info_reg|word_counter[2] ; sld_hub:auto_hub|alt_sld_fab_with_jtag_input:\instrumentation_fabric_with_node_gen:fabric_gen_new_way:with_jtag_input_gen:instrumentation_fabric|alt_sld_fab:instrumentation_fabric|alt_sld_fab_alt_sld_fab:alt_sld_fab|alt_sld_fab_alt_sld_fab_sldfabric:sldfabric|sld_jtag_hub:\jtag_hub_gen:real_sld_jtag_hub|sld_rom_sr:hub_info_reg|word_counter[2] ; altera_reserved_tck ; altera_reserved_tck ; 0.000        ; 0.072      ; 0.852      ;
; 0.609 ; BCDto7Seg:inst|BCDto7Seg_CPU:cpu|BCDto7Seg_CPU_cpu:cpu|BCDto7Seg_CPU_cpu_nios2_oci:the_BCDto7Seg_CPU_cpu_nios2_oci|BCDto7Seg_CPU_cpu_debug_slave_wrapper:the_BCDto7Seg_CPU_cpu_debug_slave_wrapper|BCDto7Seg_CPU_cpu_debug_slave_tck:the_BCDto7Seg_CPU_cpu_debug_slave_tck|sr[25]                                                                        ; BCDto7Seg:inst|BCDto7Seg_CPU:cpu|BCDto7Seg_CPU_cpu:cpu|BCDto7Seg_CPU_cpu_nios2_oci:the_BCDto7Seg_CPU_cpu_nios2_oci|BCDto7Seg_CPU_cpu_debug_slave_wrapper:the_BCDto7Seg_CPU_cpu_debug_slave_wrapper|BCDto7Seg_CPU_cpu_debug_slave_tck:the_BCDto7Seg_CPU_cpu_debug_slave_tck|sr[24]                                                                        ; altera_reserved_tck ; altera_reserved_tck ; 0.000        ; 0.071      ; 0.851      ;
; 0.609 ; BCDto7Seg:inst|BCDto7Seg_CPU:cpu|BCDto7Seg_CPU_cpu:cpu|BCDto7Seg_CPU_cpu_nios2_oci:the_BCDto7Seg_CPU_cpu_nios2_oci|BCDto7Seg_CPU_cpu_debug_slave_wrapper:the_BCDto7Seg_CPU_cpu_debug_slave_wrapper|BCDto7Seg_CPU_cpu_debug_slave_tck:the_BCDto7Seg_CPU_cpu_debug_slave_tck|sr[18]                                                                        ; BCDto7Seg:inst|BCDto7Seg_CPU:cpu|BCDto7Seg_CPU_cpu:cpu|BCDto7Seg_CPU_cpu_nios2_oci:the_BCDto7Seg_CPU_cpu_nios2_oci|BCDto7Seg_CPU_cpu_debug_slave_wrapper:the_BCDto7Seg_CPU_cpu_debug_slave_wrapper|BCDto7Seg_CPU_cpu_debug_slave_tck:the_BCDto7Seg_CPU_cpu_debug_slave_tck|sr[17]                                                                        ; altera_reserved_tck ; altera_reserved_tck ; 0.000        ; 0.071      ; 0.851      ;
; 0.610 ; sld_hub:auto_hub|alt_sld_fab_with_jtag_input:\instrumentation_fabric_with_node_gen:fabric_gen_new_way:with_jtag_input_gen:instrumentation_fabric|alt_sld_fab:instrumentation_fabric|alt_sld_fab_alt_sld_fab:alt_sld_fab|alt_sld_fab_alt_sld_fab_sldfabric:sldfabric|sld_jtag_hub:\jtag_hub_gen:real_sld_jtag_hub|irsr_reg[4]                             ; sld_hub:auto_hub|alt_sld_fab_with_jtag_input:\instrumentation_fabric_with_node_gen:fabric_gen_new_way:with_jtag_input_gen:instrumentation_fabric|alt_sld_fab:instrumentation_fabric|alt_sld_fab_alt_sld_fab:alt_sld_fab|alt_sld_fab_alt_sld_fab_sldfabric:sldfabric|sld_jtag_hub:\jtag_hub_gen:real_sld_jtag_hub|irsr_reg[3]                             ; altera_reserved_tck ; altera_reserved_tck ; 0.000        ; 0.071      ; 0.852      ;
; 0.610 ; BCDto7Seg:inst|BCDto7Seg_CPU:cpu|BCDto7Seg_CPU_cpu:cpu|BCDto7Seg_CPU_cpu_nios2_oci:the_BCDto7Seg_CPU_cpu_nios2_oci|BCDto7Seg_CPU_cpu_debug_slave_wrapper:the_BCDto7Seg_CPU_cpu_debug_slave_wrapper|BCDto7Seg_CPU_cpu_debug_slave_tck:the_BCDto7Seg_CPU_cpu_debug_slave_tck|sr[29]                                                                        ; BCDto7Seg:inst|BCDto7Seg_CPU:cpu|BCDto7Seg_CPU_cpu:cpu|BCDto7Seg_CPU_cpu_nios2_oci:the_BCDto7Seg_CPU_cpu_nios2_oci|BCDto7Seg_CPU_cpu_debug_slave_wrapper:the_BCDto7Seg_CPU_cpu_debug_slave_wrapper|BCDto7Seg_CPU_cpu_debug_slave_tck:the_BCDto7Seg_CPU_cpu_debug_slave_tck|sr[28]                                                                        ; altera_reserved_tck ; altera_reserved_tck ; 0.000        ; 0.071      ; 0.852      ;
; 0.612 ; sld_hub:auto_hub|alt_sld_fab_with_jtag_input:\instrumentation_fabric_with_node_gen:fabric_gen_new_way:with_jtag_input_gen:instrumentation_fabric|alt_sld_fab:instrumentation_fabric|alt_sld_fab_alt_sld_fab:alt_sld_fab|alt_sld_fab_alt_sld_fab_sldfabric:sldfabric|sld_jtag_hub:\jtag_hub_gen:real_sld_jtag_hub|sld_shadow_jsm:shadow_jsm|state[10]     ; sld_hub:auto_hub|alt_sld_fab_with_jtag_input:\instrumentation_fabric_with_node_gen:fabric_gen_new_way:with_jtag_input_gen:instrumentation_fabric|alt_sld_fab:instrumentation_fabric|alt_sld_fab_alt_sld_fab:alt_sld_fab|alt_sld_fab_alt_sld_fab_sldfabric:sldfabric|sld_jtag_hub:\jtag_hub_gen:real_sld_jtag_hub|sld_shadow_jsm:shadow_jsm|state[12]     ; altera_reserved_tck ; altera_reserved_tck ; 0.000        ; 0.071      ; 0.854      ;
; 0.614 ; sld_hub:auto_hub|alt_sld_fab_with_jtag_input:\instrumentation_fabric_with_node_gen:fabric_gen_new_way:with_jtag_input_gen:instrumentation_fabric|alt_sld_fab:instrumentation_fabric|alt_sld_fab_alt_sld_fab:alt_sld_fab|alt_sld_fab_alt_sld_fab_sldfabric:sldfabric|sld_jtag_hub:\jtag_hub_gen:real_sld_jtag_hub|sld_rom_sr:hub_info_reg|word_counter[3] ; sld_hub:auto_hub|alt_sld_fab_with_jtag_input:\instrumentation_fabric_with_node_gen:fabric_gen_new_way:with_jtag_input_gen:instrumentation_fabric|alt_sld_fab:instrumentation_fabric|alt_sld_fab_alt_sld_fab:alt_sld_fab|alt_sld_fab_alt_sld_fab_sldfabric:sldfabric|sld_jtag_hub:\jtag_hub_gen:real_sld_jtag_hub|sld_rom_sr:hub_info_reg|word_counter[3] ; altera_reserved_tck ; altera_reserved_tck ; 0.000        ; 0.072      ; 0.857      ;
; 0.617 ; sld_hub:auto_hub|alt_sld_fab_with_jtag_input:\instrumentation_fabric_with_node_gen:fabric_gen_new_way:with_jtag_input_gen:instrumentation_fabric|alt_sld_fab:instrumentation_fabric|alt_sld_fab_alt_sld_fab:alt_sld_fab|alt_sld_fab_alt_sld_fab_sldfabric:sldfabric|sld_jtag_hub:\jtag_hub_gen:real_sld_jtag_hub|sld_shadow_jsm:shadow_jsm|state[7]      ; sld_hub:auto_hub|alt_sld_fab_with_jtag_input:\instrumentation_fabric_with_node_gen:fabric_gen_new_way:with_jtag_input_gen:instrumentation_fabric|alt_sld_fab:instrumentation_fabric|alt_sld_fab_alt_sld_fab:alt_sld_fab|alt_sld_fab_alt_sld_fab_sldfabric:sldfabric|sld_jtag_hub:\jtag_hub_gen:real_sld_jtag_hub|reset_ena_reg                           ; altera_reserved_tck ; altera_reserved_tck ; 0.000        ; 0.071      ; 0.859      ;
; 0.621 ; sld_hub:auto_hub|alt_sld_fab_with_jtag_input:\instrumentation_fabric_with_node_gen:fabric_gen_new_way:with_jtag_input_gen:instrumentation_fabric|alt_sld_fab:instrumentation_fabric|alt_sld_fab_alt_sld_fab:alt_sld_fab|alt_sld_fab_alt_sld_fab_sldfabric:sldfabric|sld_jtag_hub:\jtag_hub_gen:real_sld_jtag_hub|sld_shadow_jsm:shadow_jsm|state[5]      ; sld_hub:auto_hub|alt_sld_fab_with_jtag_input:\instrumentation_fabric_with_node_gen:fabric_gen_new_way:with_jtag_input_gen:instrumentation_fabric|alt_sld_fab:instrumentation_fabric|alt_sld_fab_alt_sld_fab:alt_sld_fab|alt_sld_fab_alt_sld_fab_sldfabric:sldfabric|sld_jtag_hub:\jtag_hub_gen:real_sld_jtag_hub|reset_ena_reg                           ; altera_reserved_tck ; altera_reserved_tck ; 0.000        ; 0.071      ; 0.863      ;
; 0.627 ; sld_hub:auto_hub|alt_sld_fab_with_jtag_input:\instrumentation_fabric_with_node_gen:fabric_gen_new_way:with_jtag_input_gen:instrumentation_fabric|alt_sld_fab:instrumentation_fabric|alt_sld_fab_alt_sld_fab:alt_sld_fab|alt_sld_fab_alt_sld_fab_sldfabric:sldfabric|sld_jtag_hub:\jtag_hub_gen:real_sld_jtag_hub|sld_shadow_jsm:shadow_jsm|state[11]     ; sld_hub:auto_hub|alt_sld_fab_with_jtag_input:\instrumentation_fabric_with_node_gen:fabric_gen_new_way:with_jtag_input_gen:instrumentation_fabric|alt_sld_fab:instrumentation_fabric|alt_sld_fab_alt_sld_fab:alt_sld_fab|alt_sld_fab_alt_sld_fab_sldfabric:sldfabric|sld_jtag_hub:\jtag_hub_gen:real_sld_jtag_hub|sld_shadow_jsm:shadow_jsm|state[12]     ; altera_reserved_tck ; altera_reserved_tck ; 0.000        ; 0.071      ; 0.869      ;
; 0.629 ; sld_hub:auto_hub|alt_sld_fab_with_jtag_input:\instrumentation_fabric_with_node_gen:fabric_gen_new_way:with_jtag_input_gen:instrumentation_fabric|alt_sld_fab:instrumentation_fabric|alt_sld_fab_alt_sld_fab:alt_sld_fab|alt_sld_fab_alt_sld_fab_sldfabric:sldfabric|sld_jtag_hub:\jtag_hub_gen:real_sld_jtag_hub|sld_rom_sr:hub_info_reg|word_counter[1] ; sld_hub:auto_hub|alt_sld_fab_with_jtag_input:\instrumentation_fabric_with_node_gen:fabric_gen_new_way:with_jtag_input_gen:instrumentation_fabric|alt_sld_fab:instrumentation_fabric|alt_sld_fab_alt_sld_fab:alt_sld_fab|alt_sld_fab_alt_sld_fab_sldfabric:sldfabric|sld_jtag_hub:\jtag_hub_gen:real_sld_jtag_hub|sld_rom_sr:hub_info_reg|word_counter[1] ; altera_reserved_tck ; altera_reserved_tck ; 0.000        ; 0.072      ; 0.872      ;
; 0.630 ; sld_hub:auto_hub|alt_sld_fab_with_jtag_input:\instrumentation_fabric_with_node_gen:fabric_gen_new_way:with_jtag_input_gen:instrumentation_fabric|alt_sld_fab:instrumentation_fabric|alt_sld_fab_alt_sld_fab:alt_sld_fab|alt_sld_fab_alt_sld_fab_sldfabric:sldfabric|sld_jtag_hub:\jtag_hub_gen:real_sld_jtag_hub|sld_shadow_jsm:shadow_jsm|state[12]     ; sld_hub:auto_hub|alt_sld_fab_with_jtag_input:\instrumentation_fabric_with_node_gen:fabric_gen_new_way:with_jtag_input_gen:instrumentation_fabric|alt_sld_fab:instrumentation_fabric|alt_sld_fab_alt_sld_fab:alt_sld_fab|alt_sld_fab_alt_sld_fab_sldfabric:sldfabric|sld_jtag_hub:\jtag_hub_gen:real_sld_jtag_hub|sld_shadow_jsm:shadow_jsm|state[15]     ; altera_reserved_tck ; altera_reserved_tck ; 0.000        ; 0.071      ; 0.872      ;
; 0.631 ; sld_hub:auto_hub|alt_sld_fab_with_jtag_input:\instrumentation_fabric_with_node_gen:fabric_gen_new_way:with_jtag_input_gen:instrumentation_fabric|alt_sld_fab:instrumentation_fabric|alt_sld_fab_alt_sld_fab:alt_sld_fab|alt_sld_fab_alt_sld_fab_sldfabric:sldfabric|sld_jtag_hub:\jtag_hub_gen:real_sld_jtag_hub|sld_shadow_jsm:shadow_jsm|state[15]     ; sld_hub:auto_hub|alt_sld_fab_with_jtag_input:\instrumentation_fabric_with_node_gen:fabric_gen_new_way:with_jtag_input_gen:instrumentation_fabric|alt_sld_fab:instrumentation_fabric|alt_sld_fab_alt_sld_fab:alt_sld_fab|alt_sld_fab_alt_sld_fab_sldfabric:sldfabric|sld_jtag_hub:\jtag_hub_gen:real_sld_jtag_hub|sld_shadow_jsm:shadow_jsm|state[1]      ; altera_reserved_tck ; altera_reserved_tck ; 0.000        ; 0.071      ; 0.873      ;
; 0.634 ; sld_hub:auto_hub|alt_sld_fab_with_jtag_input:\instrumentation_fabric_with_node_gen:fabric_gen_new_way:with_jtag_input_gen:instrumentation_fabric|alt_sld_fab:instrumentation_fabric|alt_sld_fab_alt_sld_fab:alt_sld_fab|alt_sld_fab_alt_sld_fab_sldfabric:sldfabric|sld_jtag_hub:\jtag_hub_gen:real_sld_jtag_hub|sld_rom_sr:hub_info_reg|word_counter[0] ; sld_hub:auto_hub|alt_sld_fab_with_jtag_input:\instrumentation_fabric_with_node_gen:fabric_gen_new_way:with_jtag_input_gen:instrumentation_fabric|alt_sld_fab:instrumentation_fabric|alt_sld_fab_alt_sld_fab:alt_sld_fab|alt_sld_fab_alt_sld_fab_sldfabric:sldfabric|sld_jtag_hub:\jtag_hub_gen:real_sld_jtag_hub|sld_rom_sr:hub_info_reg|word_counter[0] ; altera_reserved_tck ; altera_reserved_tck ; 0.000        ; 0.072      ; 0.877      ;
+-------+----------------------------------------------------------------------------------------------------------------------------------------------------------------------------------------------------------------------------------------------------------------------------------------------------------------------------------------------------------+----------------------------------------------------------------------------------------------------------------------------------------------------------------------------------------------------------------------------------------------------------------------------------------------------------------------------------------------------------+---------------------+---------------------+--------------+------------+------------+


+------------------------------------------------------------------------------------------------------------------------------------------------------------------------------------------------------------------------------------------------------------------------------------------------------------------------------------------------------------------------------------------------------------------------------------------------------------------------------------------------------------------------------------------------------------------------------------------------------------------------------------------------------------------------------------------------------------------------------------------------------------------------------------------------+
; Slow 1200mV 0C Model Recovery: 'altera_reserved_tck'                                                                                                                                                                                                                                                                                                                                                                                                                                                                                                                                                                                                                                                                                                                                           ;
+--------+-----------------------------------------------------------------------------------------------------------------------------------------------------------------------------------------------------------------------------------------------------------------------------------------------------------------------------------------------------+--------------------------------------------------------------------------------------------------------------------------------------------------------------------------------------------------------------------------------------------------------------------------------------------------------------------------------------------+---------------------+---------------------+--------------+------------+------------+
; Slack  ; From Node                                                                                                                                                                                                                                                                                                                                           ; To Node                                                                                                                                                                                                                                                                                                                                    ; Launch Clock        ; Latch Clock         ; Relationship ; Clock Skew ; Data Delay ;
+--------+-----------------------------------------------------------------------------------------------------------------------------------------------------------------------------------------------------------------------------------------------------------------------------------------------------------------------------------------------------+--------------------------------------------------------------------------------------------------------------------------------------------------------------------------------------------------------------------------------------------------------------------------------------------------------------------------------------------+---------------------+---------------------+--------------+------------+------------+
; 97.929 ; sld_hub:auto_hub|alt_sld_fab_with_jtag_input:\instrumentation_fabric_with_node_gen:fabric_gen_new_way:with_jtag_input_gen:instrumentation_fabric|alt_sld_fab:instrumentation_fabric|alt_sld_fab_alt_sld_fab:alt_sld_fab|alt_sld_fab_alt_sld_fab_sldfabric:sldfabric|sld_jtag_hub:\jtag_hub_gen:real_sld_jtag_hub|sld_shadow_jsm:shadow_jsm|state[0] ; sld_hub:auto_hub|alt_sld_fab_with_jtag_input:\instrumentation_fabric_with_node_gen:fabric_gen_new_way:with_jtag_input_gen:instrumentation_fabric|alt_sld_fab:instrumentation_fabric|alt_sld_fab_alt_sld_fab:alt_sld_fab|alt_sld_fab_alt_sld_fab_sldfabric:sldfabric|sld_jtag_hub:\jtag_hub_gen:real_sld_jtag_hub|virtual_dr_scan_reg       ; altera_reserved_tck ; altera_reserved_tck ; 100.000      ; -0.070     ; 2.020      ;
; 97.929 ; sld_hub:auto_hub|alt_sld_fab_with_jtag_input:\instrumentation_fabric_with_node_gen:fabric_gen_new_way:with_jtag_input_gen:instrumentation_fabric|alt_sld_fab:instrumentation_fabric|alt_sld_fab_alt_sld_fab:alt_sld_fab|alt_sld_fab_alt_sld_fab_sldfabric:sldfabric|sld_jtag_hub:\jtag_hub_gen:real_sld_jtag_hub|sld_shadow_jsm:shadow_jsm|state[0] ; sld_hub:auto_hub|alt_sld_fab_with_jtag_input:\instrumentation_fabric_with_node_gen:fabric_gen_new_way:with_jtag_input_gen:instrumentation_fabric|alt_sld_fab:instrumentation_fabric|alt_sld_fab_alt_sld_fab:alt_sld_fab|alt_sld_fab_alt_sld_fab_sldfabric:sldfabric|sld_jtag_hub:\jtag_hub_gen:real_sld_jtag_hub|virtual_ir_scan_reg       ; altera_reserved_tck ; altera_reserved_tck ; 100.000      ; -0.070     ; 2.020      ;
; 97.929 ; sld_hub:auto_hub|alt_sld_fab_with_jtag_input:\instrumentation_fabric_with_node_gen:fabric_gen_new_way:with_jtag_input_gen:instrumentation_fabric|alt_sld_fab:instrumentation_fabric|alt_sld_fab_alt_sld_fab:alt_sld_fab|alt_sld_fab_alt_sld_fab_sldfabric:sldfabric|sld_jtag_hub:\jtag_hub_gen:real_sld_jtag_hub|sld_shadow_jsm:shadow_jsm|state[0] ; sld_hub:auto_hub|alt_sld_fab_with_jtag_input:\instrumentation_fabric_with_node_gen:fabric_gen_new_way:with_jtag_input_gen:instrumentation_fabric|alt_sld_fab:instrumentation_fabric|alt_sld_fab_alt_sld_fab:alt_sld_fab|alt_sld_fab_alt_sld_fab_sldfabric:sldfabric|sld_jtag_hub:\jtag_hub_gen:real_sld_jtag_hub|jtag_ir_reg[0]            ; altera_reserved_tck ; altera_reserved_tck ; 100.000      ; -0.070     ; 2.020      ;
; 97.929 ; sld_hub:auto_hub|alt_sld_fab_with_jtag_input:\instrumentation_fabric_with_node_gen:fabric_gen_new_way:with_jtag_input_gen:instrumentation_fabric|alt_sld_fab:instrumentation_fabric|alt_sld_fab_alt_sld_fab:alt_sld_fab|alt_sld_fab_alt_sld_fab_sldfabric:sldfabric|sld_jtag_hub:\jtag_hub_gen:real_sld_jtag_hub|sld_shadow_jsm:shadow_jsm|state[0] ; sld_hub:auto_hub|alt_sld_fab_with_jtag_input:\instrumentation_fabric_with_node_gen:fabric_gen_new_way:with_jtag_input_gen:instrumentation_fabric|alt_sld_fab:instrumentation_fabric|alt_sld_fab_alt_sld_fab:alt_sld_fab|alt_sld_fab_alt_sld_fab_sldfabric:sldfabric|sld_jtag_hub:\jtag_hub_gen:real_sld_jtag_hub|jtag_ir_reg[1]            ; altera_reserved_tck ; altera_reserved_tck ; 100.000      ; -0.070     ; 2.020      ;
; 97.929 ; sld_hub:auto_hub|alt_sld_fab_with_jtag_input:\instrumentation_fabric_with_node_gen:fabric_gen_new_way:with_jtag_input_gen:instrumentation_fabric|alt_sld_fab:instrumentation_fabric|alt_sld_fab_alt_sld_fab:alt_sld_fab|alt_sld_fab_alt_sld_fab_sldfabric:sldfabric|sld_jtag_hub:\jtag_hub_gen:real_sld_jtag_hub|sld_shadow_jsm:shadow_jsm|state[0] ; sld_hub:auto_hub|alt_sld_fab_with_jtag_input:\instrumentation_fabric_with_node_gen:fabric_gen_new_way:with_jtag_input_gen:instrumentation_fabric|alt_sld_fab:instrumentation_fabric|alt_sld_fab_alt_sld_fab:alt_sld_fab|alt_sld_fab_alt_sld_fab_sldfabric:sldfabric|sld_jtag_hub:\jtag_hub_gen:real_sld_jtag_hub|jtag_ir_reg[2]            ; altera_reserved_tck ; altera_reserved_tck ; 100.000      ; -0.070     ; 2.020      ;
; 97.929 ; sld_hub:auto_hub|alt_sld_fab_with_jtag_input:\instrumentation_fabric_with_node_gen:fabric_gen_new_way:with_jtag_input_gen:instrumentation_fabric|alt_sld_fab:instrumentation_fabric|alt_sld_fab_alt_sld_fab:alt_sld_fab|alt_sld_fab_alt_sld_fab_sldfabric:sldfabric|sld_jtag_hub:\jtag_hub_gen:real_sld_jtag_hub|sld_shadow_jsm:shadow_jsm|state[0] ; sld_hub:auto_hub|alt_sld_fab_with_jtag_input:\instrumentation_fabric_with_node_gen:fabric_gen_new_way:with_jtag_input_gen:instrumentation_fabric|alt_sld_fab:instrumentation_fabric|alt_sld_fab_alt_sld_fab:alt_sld_fab|alt_sld_fab_alt_sld_fab_sldfabric:sldfabric|sld_jtag_hub:\jtag_hub_gen:real_sld_jtag_hub|jtag_ir_reg[3]            ; altera_reserved_tck ; altera_reserved_tck ; 100.000      ; -0.070     ; 2.020      ;
; 97.929 ; sld_hub:auto_hub|alt_sld_fab_with_jtag_input:\instrumentation_fabric_with_node_gen:fabric_gen_new_way:with_jtag_input_gen:instrumentation_fabric|alt_sld_fab:instrumentation_fabric|alt_sld_fab_alt_sld_fab:alt_sld_fab|alt_sld_fab_alt_sld_fab_sldfabric:sldfabric|sld_jtag_hub:\jtag_hub_gen:real_sld_jtag_hub|sld_shadow_jsm:shadow_jsm|state[0] ; sld_hub:auto_hub|alt_sld_fab_with_jtag_input:\instrumentation_fabric_with_node_gen:fabric_gen_new_way:with_jtag_input_gen:instrumentation_fabric|alt_sld_fab:instrumentation_fabric|alt_sld_fab_alt_sld_fab:alt_sld_fab|alt_sld_fab_alt_sld_fab_sldfabric:sldfabric|sld_jtag_hub:\jtag_hub_gen:real_sld_jtag_hub|jtag_ir_reg[4]            ; altera_reserved_tck ; altera_reserved_tck ; 100.000      ; -0.070     ; 2.020      ;
; 97.929 ; sld_hub:auto_hub|alt_sld_fab_with_jtag_input:\instrumentation_fabric_with_node_gen:fabric_gen_new_way:with_jtag_input_gen:instrumentation_fabric|alt_sld_fab:instrumentation_fabric|alt_sld_fab_alt_sld_fab:alt_sld_fab|alt_sld_fab_alt_sld_fab_sldfabric:sldfabric|sld_jtag_hub:\jtag_hub_gen:real_sld_jtag_hub|sld_shadow_jsm:shadow_jsm|state[0] ; sld_hub:auto_hub|alt_sld_fab_with_jtag_input:\instrumentation_fabric_with_node_gen:fabric_gen_new_way:with_jtag_input_gen:instrumentation_fabric|alt_sld_fab:instrumentation_fabric|alt_sld_fab_alt_sld_fab:alt_sld_fab|alt_sld_fab_alt_sld_fab_sldfabric:sldfabric|sld_jtag_hub:\jtag_hub_gen:real_sld_jtag_hub|jtag_ir_reg[5]            ; altera_reserved_tck ; altera_reserved_tck ; 100.000      ; -0.070     ; 2.020      ;
; 97.929 ; sld_hub:auto_hub|alt_sld_fab_with_jtag_input:\instrumentation_fabric_with_node_gen:fabric_gen_new_way:with_jtag_input_gen:instrumentation_fabric|alt_sld_fab:instrumentation_fabric|alt_sld_fab_alt_sld_fab:alt_sld_fab|alt_sld_fab_alt_sld_fab_sldfabric:sldfabric|sld_jtag_hub:\jtag_hub_gen:real_sld_jtag_hub|sld_shadow_jsm:shadow_jsm|state[0] ; sld_hub:auto_hub|alt_sld_fab_with_jtag_input:\instrumentation_fabric_with_node_gen:fabric_gen_new_way:with_jtag_input_gen:instrumentation_fabric|alt_sld_fab:instrumentation_fabric|alt_sld_fab_alt_sld_fab:alt_sld_fab|alt_sld_fab_alt_sld_fab_sldfabric:sldfabric|sld_jtag_hub:\jtag_hub_gen:real_sld_jtag_hub|jtag_ir_reg[6]            ; altera_reserved_tck ; altera_reserved_tck ; 100.000      ; -0.070     ; 2.020      ;
; 97.929 ; sld_hub:auto_hub|alt_sld_fab_with_jtag_input:\instrumentation_fabric_with_node_gen:fabric_gen_new_way:with_jtag_input_gen:instrumentation_fabric|alt_sld_fab:instrumentation_fabric|alt_sld_fab_alt_sld_fab:alt_sld_fab|alt_sld_fab_alt_sld_fab_sldfabric:sldfabric|sld_jtag_hub:\jtag_hub_gen:real_sld_jtag_hub|sld_shadow_jsm:shadow_jsm|state[0] ; sld_hub:auto_hub|alt_sld_fab_with_jtag_input:\instrumentation_fabric_with_node_gen:fabric_gen_new_way:with_jtag_input_gen:instrumentation_fabric|alt_sld_fab:instrumentation_fabric|alt_sld_fab_alt_sld_fab:alt_sld_fab|alt_sld_fab_alt_sld_fab_sldfabric:sldfabric|sld_jtag_hub:\jtag_hub_gen:real_sld_jtag_hub|jtag_ir_reg[7]            ; altera_reserved_tck ; altera_reserved_tck ; 100.000      ; -0.070     ; 2.020      ;
; 97.929 ; sld_hub:auto_hub|alt_sld_fab_with_jtag_input:\instrumentation_fabric_with_node_gen:fabric_gen_new_way:with_jtag_input_gen:instrumentation_fabric|alt_sld_fab:instrumentation_fabric|alt_sld_fab_alt_sld_fab:alt_sld_fab|alt_sld_fab_alt_sld_fab_sldfabric:sldfabric|sld_jtag_hub:\jtag_hub_gen:real_sld_jtag_hub|sld_shadow_jsm:shadow_jsm|state[0] ; sld_hub:auto_hub|alt_sld_fab_with_jtag_input:\instrumentation_fabric_with_node_gen:fabric_gen_new_way:with_jtag_input_gen:instrumentation_fabric|alt_sld_fab:instrumentation_fabric|alt_sld_fab_alt_sld_fab:alt_sld_fab|alt_sld_fab_alt_sld_fab_sldfabric:sldfabric|sld_jtag_hub:\jtag_hub_gen:real_sld_jtag_hub|jtag_ir_reg[8]            ; altera_reserved_tck ; altera_reserved_tck ; 100.000      ; -0.070     ; 2.020      ;
; 97.929 ; sld_hub:auto_hub|alt_sld_fab_with_jtag_input:\instrumentation_fabric_with_node_gen:fabric_gen_new_way:with_jtag_input_gen:instrumentation_fabric|alt_sld_fab:instrumentation_fabric|alt_sld_fab_alt_sld_fab:alt_sld_fab|alt_sld_fab_alt_sld_fab_sldfabric:sldfabric|sld_jtag_hub:\jtag_hub_gen:real_sld_jtag_hub|sld_shadow_jsm:shadow_jsm|state[0] ; sld_hub:auto_hub|alt_sld_fab_with_jtag_input:\instrumentation_fabric_with_node_gen:fabric_gen_new_way:with_jtag_input_gen:instrumentation_fabric|alt_sld_fab:instrumentation_fabric|alt_sld_fab_alt_sld_fab:alt_sld_fab|alt_sld_fab_alt_sld_fab_sldfabric:sldfabric|sld_jtag_hub:\jtag_hub_gen:real_sld_jtag_hub|jtag_ir_reg[9]            ; altera_reserved_tck ; altera_reserved_tck ; 100.000      ; -0.070     ; 2.020      ;
; 98.041 ; sld_hub:auto_hub|alt_sld_fab_with_jtag_input:\instrumentation_fabric_with_node_gen:fabric_gen_new_way:with_jtag_input_gen:instrumentation_fabric|alt_sld_fab:instrumentation_fabric|alt_sld_fab_alt_sld_fab:alt_sld_fab|alt_sld_fab_alt_sld_fab_sldfabric:sldfabric|sld_jtag_hub:\jtag_hub_gen:real_sld_jtag_hub|clr_reg                            ; sld_hub:auto_hub|alt_sld_fab_with_jtag_input:\instrumentation_fabric_with_node_gen:fabric_gen_new_way:with_jtag_input_gen:instrumentation_fabric|alt_sld_fab:instrumentation_fabric|alt_sld_fab_alt_sld_fab:alt_sld_fab|splitter_nodes_receive_0[3]                                                                                        ; altera_reserved_tck ; altera_reserved_tck ; 100.000      ; -0.074     ; 1.904      ;
; 98.041 ; sld_hub:auto_hub|alt_sld_fab_with_jtag_input:\instrumentation_fabric_with_node_gen:fabric_gen_new_way:with_jtag_input_gen:instrumentation_fabric|alt_sld_fab:instrumentation_fabric|alt_sld_fab_alt_sld_fab:alt_sld_fab|alt_sld_fab_alt_sld_fab_sldfabric:sldfabric|sld_jtag_hub:\jtag_hub_gen:real_sld_jtag_hub|clr_reg                            ; sld_hub:auto_hub|alt_sld_fab_with_jtag_input:\instrumentation_fabric_with_node_gen:fabric_gen_new_way:with_jtag_input_gen:instrumentation_fabric|alt_sld_fab:instrumentation_fabric|alt_sld_fab_alt_sld_fab:alt_sld_fab|alt_sld_fab_alt_sld_fab_sldfabric:sldfabric|sld_jtag_hub:\jtag_hub_gen:real_sld_jtag_hub|irf_reg[1][0]             ; altera_reserved_tck ; altera_reserved_tck ; 100.000      ; -0.074     ; 1.904      ;
; 98.041 ; sld_hub:auto_hub|alt_sld_fab_with_jtag_input:\instrumentation_fabric_with_node_gen:fabric_gen_new_way:with_jtag_input_gen:instrumentation_fabric|alt_sld_fab:instrumentation_fabric|alt_sld_fab_alt_sld_fab:alt_sld_fab|alt_sld_fab_alt_sld_fab_sldfabric:sldfabric|sld_jtag_hub:\jtag_hub_gen:real_sld_jtag_hub|clr_reg                            ; sld_hub:auto_hub|alt_sld_fab_with_jtag_input:\instrumentation_fabric_with_node_gen:fabric_gen_new_way:with_jtag_input_gen:instrumentation_fabric|alt_sld_fab:instrumentation_fabric|alt_sld_fab_alt_sld_fab:alt_sld_fab|alt_sld_fab_alt_sld_fab_sldfabric:sldfabric|sld_jtag_hub:\jtag_hub_gen:real_sld_jtag_hub|irf_reg[1][1]             ; altera_reserved_tck ; altera_reserved_tck ; 100.000      ; -0.074     ; 1.904      ;
; 98.079 ; sld_hub:auto_hub|alt_sld_fab_with_jtag_input:\instrumentation_fabric_with_node_gen:fabric_gen_new_way:with_jtag_input_gen:instrumentation_fabric|alt_sld_fab:instrumentation_fabric|alt_sld_fab_alt_sld_fab:alt_sld_fab|alt_sld_fab_alt_sld_fab_sldfabric:sldfabric|sld_jtag_hub:\jtag_hub_gen:real_sld_jtag_hub|clr_reg                            ; sld_hub:auto_hub|alt_sld_fab_with_jtag_input:\instrumentation_fabric_with_node_gen:fabric_gen_new_way:with_jtag_input_gen:instrumentation_fabric|alt_sld_fab:instrumentation_fabric|alt_sld_fab_alt_sld_fab:alt_sld_fab|alt_sld_fab_alt_sld_fab_sldfabric:sldfabric|sld_jtag_hub:\jtag_hub_gen:real_sld_jtag_hub|hub_mode_reg[0]           ; altera_reserved_tck ; altera_reserved_tck ; 100.000      ; -0.073     ; 1.867      ;
; 98.079 ; sld_hub:auto_hub|alt_sld_fab_with_jtag_input:\instrumentation_fabric_with_node_gen:fabric_gen_new_way:with_jtag_input_gen:instrumentation_fabric|alt_sld_fab:instrumentation_fabric|alt_sld_fab_alt_sld_fab:alt_sld_fab|alt_sld_fab_alt_sld_fab_sldfabric:sldfabric|sld_jtag_hub:\jtag_hub_gen:real_sld_jtag_hub|clr_reg                            ; sld_hub:auto_hub|alt_sld_fab_with_jtag_input:\instrumentation_fabric_with_node_gen:fabric_gen_new_way:with_jtag_input_gen:instrumentation_fabric|alt_sld_fab:instrumentation_fabric|alt_sld_fab_alt_sld_fab:alt_sld_fab|alt_sld_fab_alt_sld_fab_sldfabric:sldfabric|sld_jtag_hub:\jtag_hub_gen:real_sld_jtag_hub|virtual_ir_tdo_sel_reg[0] ; altera_reserved_tck ; altera_reserved_tck ; 100.000      ; -0.073     ; 1.867      ;
; 98.206 ; sld_hub:auto_hub|alt_sld_fab_with_jtag_input:\instrumentation_fabric_with_node_gen:fabric_gen_new_way:with_jtag_input_gen:instrumentation_fabric|alt_sld_fab:instrumentation_fabric|alt_sld_fab_alt_sld_fab:alt_sld_fab|alt_sld_fab_alt_sld_fab_sldfabric:sldfabric|sld_jtag_hub:\jtag_hub_gen:real_sld_jtag_hub|virtual_ir_scan_reg                ; sld_hub:auto_hub|alt_sld_fab_with_jtag_input:\instrumentation_fabric_with_node_gen:fabric_gen_new_way:with_jtag_input_gen:instrumentation_fabric|alt_sld_fab:instrumentation_fabric|alt_sld_fab_alt_sld_fab:alt_sld_fab|alt_sld_fab_alt_sld_fab_sldfabric:sldfabric|sld_jtag_hub:\jtag_hub_gen:real_sld_jtag_hub|hub_mode_reg[2]           ; altera_reserved_tck ; altera_reserved_tck ; 100.000      ; -0.071     ; 1.742      ;
; 98.216 ; sld_hub:auto_hub|alt_sld_fab_with_jtag_input:\instrumentation_fabric_with_node_gen:fabric_gen_new_way:with_jtag_input_gen:instrumentation_fabric|alt_sld_fab:instrumentation_fabric|alt_sld_fab_alt_sld_fab:alt_sld_fab|alt_sld_fab_alt_sld_fab_sldfabric:sldfabric|sld_jtag_hub:\jtag_hub_gen:real_sld_jtag_hub|clr_reg                            ; sld_hub:auto_hub|alt_sld_fab_with_jtag_input:\instrumentation_fabric_with_node_gen:fabric_gen_new_way:with_jtag_input_gen:instrumentation_fabric|alt_sld_fab:instrumentation_fabric|alt_sld_fab_alt_sld_fab:alt_sld_fab|alt_sld_fab_alt_sld_fab_sldfabric:sldfabric|sld_jtag_hub:\jtag_hub_gen:real_sld_jtag_hub|irsr_reg[3]               ; altera_reserved_tck ; altera_reserved_tck ; 100.000      ; -0.072     ; 1.731      ;
; 98.216 ; sld_hub:auto_hub|alt_sld_fab_with_jtag_input:\instrumentation_fabric_with_node_gen:fabric_gen_new_way:with_jtag_input_gen:instrumentation_fabric|alt_sld_fab:instrumentation_fabric|alt_sld_fab_alt_sld_fab:alt_sld_fab|alt_sld_fab_alt_sld_fab_sldfabric:sldfabric|sld_jtag_hub:\jtag_hub_gen:real_sld_jtag_hub|clr_reg                            ; sld_hub:auto_hub|alt_sld_fab_with_jtag_input:\instrumentation_fabric_with_node_gen:fabric_gen_new_way:with_jtag_input_gen:instrumentation_fabric|alt_sld_fab:instrumentation_fabric|alt_sld_fab_alt_sld_fab:alt_sld_fab|alt_sld_fab_alt_sld_fab_sldfabric:sldfabric|sld_jtag_hub:\jtag_hub_gen:real_sld_jtag_hub|irsr_reg[0]               ; altera_reserved_tck ; altera_reserved_tck ; 100.000      ; -0.072     ; 1.731      ;
; 98.216 ; sld_hub:auto_hub|alt_sld_fab_with_jtag_input:\instrumentation_fabric_with_node_gen:fabric_gen_new_way:with_jtag_input_gen:instrumentation_fabric|alt_sld_fab:instrumentation_fabric|alt_sld_fab_alt_sld_fab:alt_sld_fab|alt_sld_fab_alt_sld_fab_sldfabric:sldfabric|sld_jtag_hub:\jtag_hub_gen:real_sld_jtag_hub|clr_reg                            ; sld_hub:auto_hub|alt_sld_fab_with_jtag_input:\instrumentation_fabric_with_node_gen:fabric_gen_new_way:with_jtag_input_gen:instrumentation_fabric|alt_sld_fab:instrumentation_fabric|alt_sld_fab_alt_sld_fab:alt_sld_fab|alt_sld_fab_alt_sld_fab_sldfabric:sldfabric|sld_jtag_hub:\jtag_hub_gen:real_sld_jtag_hub|irsr_reg[1]               ; altera_reserved_tck ; altera_reserved_tck ; 100.000      ; -0.072     ; 1.731      ;
; 98.216 ; sld_hub:auto_hub|alt_sld_fab_with_jtag_input:\instrumentation_fabric_with_node_gen:fabric_gen_new_way:with_jtag_input_gen:instrumentation_fabric|alt_sld_fab:instrumentation_fabric|alt_sld_fab_alt_sld_fab:alt_sld_fab|alt_sld_fab_alt_sld_fab_sldfabric:sldfabric|sld_jtag_hub:\jtag_hub_gen:real_sld_jtag_hub|clr_reg                            ; sld_hub:auto_hub|alt_sld_fab_with_jtag_input:\instrumentation_fabric_with_node_gen:fabric_gen_new_way:with_jtag_input_gen:instrumentation_fabric|alt_sld_fab:instrumentation_fabric|alt_sld_fab_alt_sld_fab:alt_sld_fab|alt_sld_fab_alt_sld_fab_sldfabric:sldfabric|sld_jtag_hub:\jtag_hub_gen:real_sld_jtag_hub|irsr_reg[2]               ; altera_reserved_tck ; altera_reserved_tck ; 100.000      ; -0.072     ; 1.731      ;
; 98.216 ; sld_hub:auto_hub|alt_sld_fab_with_jtag_input:\instrumentation_fabric_with_node_gen:fabric_gen_new_way:with_jtag_input_gen:instrumentation_fabric|alt_sld_fab:instrumentation_fabric|alt_sld_fab_alt_sld_fab:alt_sld_fab|alt_sld_fab_alt_sld_fab_sldfabric:sldfabric|sld_jtag_hub:\jtag_hub_gen:real_sld_jtag_hub|clr_reg                            ; sld_hub:auto_hub|alt_sld_fab_with_jtag_input:\instrumentation_fabric_with_node_gen:fabric_gen_new_way:with_jtag_input_gen:instrumentation_fabric|alt_sld_fab:instrumentation_fabric|alt_sld_fab_alt_sld_fab:alt_sld_fab|alt_sld_fab_alt_sld_fab_sldfabric:sldfabric|sld_jtag_hub:\jtag_hub_gen:real_sld_jtag_hub|irsr_reg[4]               ; altera_reserved_tck ; altera_reserved_tck ; 100.000      ; -0.072     ; 1.731      ;
; 98.249 ; sld_hub:auto_hub|alt_sld_fab_with_jtag_input:\instrumentation_fabric_with_node_gen:fabric_gen_new_way:with_jtag_input_gen:instrumentation_fabric|alt_sld_fab:instrumentation_fabric|alt_sld_fab_alt_sld_fab:alt_sld_fab|alt_sld_fab_alt_sld_fab_sldfabric:sldfabric|sld_jtag_hub:\jtag_hub_gen:real_sld_jtag_hub|clr_reg                            ; sld_hub:auto_hub|alt_sld_fab_with_jtag_input:\instrumentation_fabric_with_node_gen:fabric_gen_new_way:with_jtag_input_gen:instrumentation_fabric|alt_sld_fab:instrumentation_fabric|alt_sld_fab_alt_sld_fab:alt_sld_fab|alt_sld_fab_alt_sld_fab_sldfabric:sldfabric|sld_jtag_hub:\jtag_hub_gen:real_sld_jtag_hub|hub_mode_reg[1]           ; altera_reserved_tck ; altera_reserved_tck ; 100.000      ; -0.073     ; 1.697      ;
+--------+-----------------------------------------------------------------------------------------------------------------------------------------------------------------------------------------------------------------------------------------------------------------------------------------------------------------------------------------------------+--------------------------------------------------------------------------------------------------------------------------------------------------------------------------------------------------------------------------------------------------------------------------------------------------------------------------------------------+---------------------+---------------------+--------------+------------+------------+


+-----------------------------------------------------------------------------------------------------------------------------------------------------------------------------------------------------------------------------------------------------------------------------------------------------------------------------------------------------------------------------------------------------------------------------------------------------------------------------------------------------------------------------------------------------------------------------------------------------------------------------------------------------------------------------------------------------------------------------------------------------------------------------------------------+
; Slow 1200mV 0C Model Removal: 'altera_reserved_tck'                                                                                                                                                                                                                                                                                                                                                                                                                                                                                                                                                                                                                                                                                                                                           ;
+-------+-----------------------------------------------------------------------------------------------------------------------------------------------------------------------------------------------------------------------------------------------------------------------------------------------------------------------------------------------------+--------------------------------------------------------------------------------------------------------------------------------------------------------------------------------------------------------------------------------------------------------------------------------------------------------------------------------------------+---------------------+---------------------+--------------+------------+------------+
; Slack ; From Node                                                                                                                                                                                                                                                                                                                                           ; To Node                                                                                                                                                                                                                                                                                                                                    ; Launch Clock        ; Latch Clock         ; Relationship ; Clock Skew ; Data Delay ;
+-------+-----------------------------------------------------------------------------------------------------------------------------------------------------------------------------------------------------------------------------------------------------------------------------------------------------------------------------------------------------+--------------------------------------------------------------------------------------------------------------------------------------------------------------------------------------------------------------------------------------------------------------------------------------------------------------------------------------------+---------------------+---------------------+--------------+------------+------------+
; 1.365 ; sld_hub:auto_hub|alt_sld_fab_with_jtag_input:\instrumentation_fabric_with_node_gen:fabric_gen_new_way:with_jtag_input_gen:instrumentation_fabric|alt_sld_fab:instrumentation_fabric|alt_sld_fab_alt_sld_fab:alt_sld_fab|alt_sld_fab_alt_sld_fab_sldfabric:sldfabric|sld_jtag_hub:\jtag_hub_gen:real_sld_jtag_hub|clr_reg                            ; sld_hub:auto_hub|alt_sld_fab_with_jtag_input:\instrumentation_fabric_with_node_gen:fabric_gen_new_way:with_jtag_input_gen:instrumentation_fabric|alt_sld_fab:instrumentation_fabric|alt_sld_fab_alt_sld_fab:alt_sld_fab|alt_sld_fab_alt_sld_fab_sldfabric:sldfabric|sld_jtag_hub:\jtag_hub_gen:real_sld_jtag_hub|hub_mode_reg[1]           ; altera_reserved_tck ; altera_reserved_tck ; 0.000        ; 0.071      ; 1.607      ;
; 1.372 ; sld_hub:auto_hub|alt_sld_fab_with_jtag_input:\instrumentation_fabric_with_node_gen:fabric_gen_new_way:with_jtag_input_gen:instrumentation_fabric|alt_sld_fab:instrumentation_fabric|alt_sld_fab_alt_sld_fab:alt_sld_fab|alt_sld_fab_alt_sld_fab_sldfabric:sldfabric|sld_jtag_hub:\jtag_hub_gen:real_sld_jtag_hub|virtual_ir_scan_reg                ; sld_hub:auto_hub|alt_sld_fab_with_jtag_input:\instrumentation_fabric_with_node_gen:fabric_gen_new_way:with_jtag_input_gen:instrumentation_fabric|alt_sld_fab:instrumentation_fabric|alt_sld_fab_alt_sld_fab:alt_sld_fab|alt_sld_fab_alt_sld_fab_sldfabric:sldfabric|sld_jtag_hub:\jtag_hub_gen:real_sld_jtag_hub|hub_mode_reg[2]           ; altera_reserved_tck ; altera_reserved_tck ; 0.000        ; 0.072      ; 1.615      ;
; 1.393 ; sld_hub:auto_hub|alt_sld_fab_with_jtag_input:\instrumentation_fabric_with_node_gen:fabric_gen_new_way:with_jtag_input_gen:instrumentation_fabric|alt_sld_fab:instrumentation_fabric|alt_sld_fab_alt_sld_fab:alt_sld_fab|alt_sld_fab_alt_sld_fab_sldfabric:sldfabric|sld_jtag_hub:\jtag_hub_gen:real_sld_jtag_hub|clr_reg                            ; sld_hub:auto_hub|alt_sld_fab_with_jtag_input:\instrumentation_fabric_with_node_gen:fabric_gen_new_way:with_jtag_input_gen:instrumentation_fabric|alt_sld_fab:instrumentation_fabric|alt_sld_fab_alt_sld_fab:alt_sld_fab|alt_sld_fab_alt_sld_fab_sldfabric:sldfabric|sld_jtag_hub:\jtag_hub_gen:real_sld_jtag_hub|irsr_reg[3]               ; altera_reserved_tck ; altera_reserved_tck ; 0.000        ; 0.071      ; 1.635      ;
; 1.393 ; sld_hub:auto_hub|alt_sld_fab_with_jtag_input:\instrumentation_fabric_with_node_gen:fabric_gen_new_way:with_jtag_input_gen:instrumentation_fabric|alt_sld_fab:instrumentation_fabric|alt_sld_fab_alt_sld_fab:alt_sld_fab|alt_sld_fab_alt_sld_fab_sldfabric:sldfabric|sld_jtag_hub:\jtag_hub_gen:real_sld_jtag_hub|clr_reg                            ; sld_hub:auto_hub|alt_sld_fab_with_jtag_input:\instrumentation_fabric_with_node_gen:fabric_gen_new_way:with_jtag_input_gen:instrumentation_fabric|alt_sld_fab:instrumentation_fabric|alt_sld_fab_alt_sld_fab:alt_sld_fab|alt_sld_fab_alt_sld_fab_sldfabric:sldfabric|sld_jtag_hub:\jtag_hub_gen:real_sld_jtag_hub|irsr_reg[0]               ; altera_reserved_tck ; altera_reserved_tck ; 0.000        ; 0.071      ; 1.635      ;
; 1.393 ; sld_hub:auto_hub|alt_sld_fab_with_jtag_input:\instrumentation_fabric_with_node_gen:fabric_gen_new_way:with_jtag_input_gen:instrumentation_fabric|alt_sld_fab:instrumentation_fabric|alt_sld_fab_alt_sld_fab:alt_sld_fab|alt_sld_fab_alt_sld_fab_sldfabric:sldfabric|sld_jtag_hub:\jtag_hub_gen:real_sld_jtag_hub|clr_reg                            ; sld_hub:auto_hub|alt_sld_fab_with_jtag_input:\instrumentation_fabric_with_node_gen:fabric_gen_new_way:with_jtag_input_gen:instrumentation_fabric|alt_sld_fab:instrumentation_fabric|alt_sld_fab_alt_sld_fab:alt_sld_fab|alt_sld_fab_alt_sld_fab_sldfabric:sldfabric|sld_jtag_hub:\jtag_hub_gen:real_sld_jtag_hub|irsr_reg[1]               ; altera_reserved_tck ; altera_reserved_tck ; 0.000        ; 0.071      ; 1.635      ;
; 1.393 ; sld_hub:auto_hub|alt_sld_fab_with_jtag_input:\instrumentation_fabric_with_node_gen:fabric_gen_new_way:with_jtag_input_gen:instrumentation_fabric|alt_sld_fab:instrumentation_fabric|alt_sld_fab_alt_sld_fab:alt_sld_fab|alt_sld_fab_alt_sld_fab_sldfabric:sldfabric|sld_jtag_hub:\jtag_hub_gen:real_sld_jtag_hub|clr_reg                            ; sld_hub:auto_hub|alt_sld_fab_with_jtag_input:\instrumentation_fabric_with_node_gen:fabric_gen_new_way:with_jtag_input_gen:instrumentation_fabric|alt_sld_fab:instrumentation_fabric|alt_sld_fab_alt_sld_fab:alt_sld_fab|alt_sld_fab_alt_sld_fab_sldfabric:sldfabric|sld_jtag_hub:\jtag_hub_gen:real_sld_jtag_hub|irsr_reg[2]               ; altera_reserved_tck ; altera_reserved_tck ; 0.000        ; 0.071      ; 1.635      ;
; 1.393 ; sld_hub:auto_hub|alt_sld_fab_with_jtag_input:\instrumentation_fabric_with_node_gen:fabric_gen_new_way:with_jtag_input_gen:instrumentation_fabric|alt_sld_fab:instrumentation_fabric|alt_sld_fab_alt_sld_fab:alt_sld_fab|alt_sld_fab_alt_sld_fab_sldfabric:sldfabric|sld_jtag_hub:\jtag_hub_gen:real_sld_jtag_hub|clr_reg                            ; sld_hub:auto_hub|alt_sld_fab_with_jtag_input:\instrumentation_fabric_with_node_gen:fabric_gen_new_way:with_jtag_input_gen:instrumentation_fabric|alt_sld_fab:instrumentation_fabric|alt_sld_fab_alt_sld_fab:alt_sld_fab|alt_sld_fab_alt_sld_fab_sldfabric:sldfabric|sld_jtag_hub:\jtag_hub_gen:real_sld_jtag_hub|irsr_reg[4]               ; altera_reserved_tck ; altera_reserved_tck ; 0.000        ; 0.071      ; 1.635      ;
; 1.538 ; sld_hub:auto_hub|alt_sld_fab_with_jtag_input:\instrumentation_fabric_with_node_gen:fabric_gen_new_way:with_jtag_input_gen:instrumentation_fabric|alt_sld_fab:instrumentation_fabric|alt_sld_fab_alt_sld_fab:alt_sld_fab|alt_sld_fab_alt_sld_fab_sldfabric:sldfabric|sld_jtag_hub:\jtag_hub_gen:real_sld_jtag_hub|clr_reg                            ; sld_hub:auto_hub|alt_sld_fab_with_jtag_input:\instrumentation_fabric_with_node_gen:fabric_gen_new_way:with_jtag_input_gen:instrumentation_fabric|alt_sld_fab:instrumentation_fabric|alt_sld_fab_alt_sld_fab:alt_sld_fab|alt_sld_fab_alt_sld_fab_sldfabric:sldfabric|sld_jtag_hub:\jtag_hub_gen:real_sld_jtag_hub|hub_mode_reg[0]           ; altera_reserved_tck ; altera_reserved_tck ; 0.000        ; 0.070      ; 1.779      ;
; 1.538 ; sld_hub:auto_hub|alt_sld_fab_with_jtag_input:\instrumentation_fabric_with_node_gen:fabric_gen_new_way:with_jtag_input_gen:instrumentation_fabric|alt_sld_fab:instrumentation_fabric|alt_sld_fab_alt_sld_fab:alt_sld_fab|alt_sld_fab_alt_sld_fab_sldfabric:sldfabric|sld_jtag_hub:\jtag_hub_gen:real_sld_jtag_hub|clr_reg                            ; sld_hub:auto_hub|alt_sld_fab_with_jtag_input:\instrumentation_fabric_with_node_gen:fabric_gen_new_way:with_jtag_input_gen:instrumentation_fabric|alt_sld_fab:instrumentation_fabric|alt_sld_fab_alt_sld_fab:alt_sld_fab|alt_sld_fab_alt_sld_fab_sldfabric:sldfabric|sld_jtag_hub:\jtag_hub_gen:real_sld_jtag_hub|virtual_ir_tdo_sel_reg[0] ; altera_reserved_tck ; altera_reserved_tck ; 0.000        ; 0.070      ; 1.779      ;
; 1.578 ; sld_hub:auto_hub|alt_sld_fab_with_jtag_input:\instrumentation_fabric_with_node_gen:fabric_gen_new_way:with_jtag_input_gen:instrumentation_fabric|alt_sld_fab:instrumentation_fabric|alt_sld_fab_alt_sld_fab:alt_sld_fab|alt_sld_fab_alt_sld_fab_sldfabric:sldfabric|sld_jtag_hub:\jtag_hub_gen:real_sld_jtag_hub|clr_reg                            ; sld_hub:auto_hub|alt_sld_fab_with_jtag_input:\instrumentation_fabric_with_node_gen:fabric_gen_new_way:with_jtag_input_gen:instrumentation_fabric|alt_sld_fab:instrumentation_fabric|alt_sld_fab_alt_sld_fab:alt_sld_fab|splitter_nodes_receive_0[3]                                                                                        ; altera_reserved_tck ; altera_reserved_tck ; 0.000        ; 0.070      ; 1.819      ;
; 1.578 ; sld_hub:auto_hub|alt_sld_fab_with_jtag_input:\instrumentation_fabric_with_node_gen:fabric_gen_new_way:with_jtag_input_gen:instrumentation_fabric|alt_sld_fab:instrumentation_fabric|alt_sld_fab_alt_sld_fab:alt_sld_fab|alt_sld_fab_alt_sld_fab_sldfabric:sldfabric|sld_jtag_hub:\jtag_hub_gen:real_sld_jtag_hub|clr_reg                            ; sld_hub:auto_hub|alt_sld_fab_with_jtag_input:\instrumentation_fabric_with_node_gen:fabric_gen_new_way:with_jtag_input_gen:instrumentation_fabric|alt_sld_fab:instrumentation_fabric|alt_sld_fab_alt_sld_fab:alt_sld_fab|alt_sld_fab_alt_sld_fab_sldfabric:sldfabric|sld_jtag_hub:\jtag_hub_gen:real_sld_jtag_hub|irf_reg[1][0]             ; altera_reserved_tck ; altera_reserved_tck ; 0.000        ; 0.070      ; 1.819      ;
; 1.578 ; sld_hub:auto_hub|alt_sld_fab_with_jtag_input:\instrumentation_fabric_with_node_gen:fabric_gen_new_way:with_jtag_input_gen:instrumentation_fabric|alt_sld_fab:instrumentation_fabric|alt_sld_fab_alt_sld_fab:alt_sld_fab|alt_sld_fab_alt_sld_fab_sldfabric:sldfabric|sld_jtag_hub:\jtag_hub_gen:real_sld_jtag_hub|clr_reg                            ; sld_hub:auto_hub|alt_sld_fab_with_jtag_input:\instrumentation_fabric_with_node_gen:fabric_gen_new_way:with_jtag_input_gen:instrumentation_fabric|alt_sld_fab:instrumentation_fabric|alt_sld_fab_alt_sld_fab:alt_sld_fab|alt_sld_fab_alt_sld_fab_sldfabric:sldfabric|sld_jtag_hub:\jtag_hub_gen:real_sld_jtag_hub|irf_reg[1][1]             ; altera_reserved_tck ; altera_reserved_tck ; 0.000        ; 0.070      ; 1.819      ;
; 1.598 ; sld_hub:auto_hub|alt_sld_fab_with_jtag_input:\instrumentation_fabric_with_node_gen:fabric_gen_new_way:with_jtag_input_gen:instrumentation_fabric|alt_sld_fab:instrumentation_fabric|alt_sld_fab_alt_sld_fab:alt_sld_fab|alt_sld_fab_alt_sld_fab_sldfabric:sldfabric|sld_jtag_hub:\jtag_hub_gen:real_sld_jtag_hub|sld_shadow_jsm:shadow_jsm|state[0] ; sld_hub:auto_hub|alt_sld_fab_with_jtag_input:\instrumentation_fabric_with_node_gen:fabric_gen_new_way:with_jtag_input_gen:instrumentation_fabric|alt_sld_fab:instrumentation_fabric|alt_sld_fab_alt_sld_fab:alt_sld_fab|alt_sld_fab_alt_sld_fab_sldfabric:sldfabric|sld_jtag_hub:\jtag_hub_gen:real_sld_jtag_hub|virtual_dr_scan_reg       ; altera_reserved_tck ; altera_reserved_tck ; 0.000        ; 0.073      ; 1.842      ;
; 1.598 ; sld_hub:auto_hub|alt_sld_fab_with_jtag_input:\instrumentation_fabric_with_node_gen:fabric_gen_new_way:with_jtag_input_gen:instrumentation_fabric|alt_sld_fab:instrumentation_fabric|alt_sld_fab_alt_sld_fab:alt_sld_fab|alt_sld_fab_alt_sld_fab_sldfabric:sldfabric|sld_jtag_hub:\jtag_hub_gen:real_sld_jtag_hub|sld_shadow_jsm:shadow_jsm|state[0] ; sld_hub:auto_hub|alt_sld_fab_with_jtag_input:\instrumentation_fabric_with_node_gen:fabric_gen_new_way:with_jtag_input_gen:instrumentation_fabric|alt_sld_fab:instrumentation_fabric|alt_sld_fab_alt_sld_fab:alt_sld_fab|alt_sld_fab_alt_sld_fab_sldfabric:sldfabric|sld_jtag_hub:\jtag_hub_gen:real_sld_jtag_hub|virtual_ir_scan_reg       ; altera_reserved_tck ; altera_reserved_tck ; 0.000        ; 0.073      ; 1.842      ;
; 1.598 ; sld_hub:auto_hub|alt_sld_fab_with_jtag_input:\instrumentation_fabric_with_node_gen:fabric_gen_new_way:with_jtag_input_gen:instrumentation_fabric|alt_sld_fab:instrumentation_fabric|alt_sld_fab_alt_sld_fab:alt_sld_fab|alt_sld_fab_alt_sld_fab_sldfabric:sldfabric|sld_jtag_hub:\jtag_hub_gen:real_sld_jtag_hub|sld_shadow_jsm:shadow_jsm|state[0] ; sld_hub:auto_hub|alt_sld_fab_with_jtag_input:\instrumentation_fabric_with_node_gen:fabric_gen_new_way:with_jtag_input_gen:instrumentation_fabric|alt_sld_fab:instrumentation_fabric|alt_sld_fab_alt_sld_fab:alt_sld_fab|alt_sld_fab_alt_sld_fab_sldfabric:sldfabric|sld_jtag_hub:\jtag_hub_gen:real_sld_jtag_hub|jtag_ir_reg[0]            ; altera_reserved_tck ; altera_reserved_tck ; 0.000        ; 0.073      ; 1.842      ;
; 1.598 ; sld_hub:auto_hub|alt_sld_fab_with_jtag_input:\instrumentation_fabric_with_node_gen:fabric_gen_new_way:with_jtag_input_gen:instrumentation_fabric|alt_sld_fab:instrumentation_fabric|alt_sld_fab_alt_sld_fab:alt_sld_fab|alt_sld_fab_alt_sld_fab_sldfabric:sldfabric|sld_jtag_hub:\jtag_hub_gen:real_sld_jtag_hub|sld_shadow_jsm:shadow_jsm|state[0] ; sld_hub:auto_hub|alt_sld_fab_with_jtag_input:\instrumentation_fabric_with_node_gen:fabric_gen_new_way:with_jtag_input_gen:instrumentation_fabric|alt_sld_fab:instrumentation_fabric|alt_sld_fab_alt_sld_fab:alt_sld_fab|alt_sld_fab_alt_sld_fab_sldfabric:sldfabric|sld_jtag_hub:\jtag_hub_gen:real_sld_jtag_hub|jtag_ir_reg[1]            ; altera_reserved_tck ; altera_reserved_tck ; 0.000        ; 0.073      ; 1.842      ;
; 1.598 ; sld_hub:auto_hub|alt_sld_fab_with_jtag_input:\instrumentation_fabric_with_node_gen:fabric_gen_new_way:with_jtag_input_gen:instrumentation_fabric|alt_sld_fab:instrumentation_fabric|alt_sld_fab_alt_sld_fab:alt_sld_fab|alt_sld_fab_alt_sld_fab_sldfabric:sldfabric|sld_jtag_hub:\jtag_hub_gen:real_sld_jtag_hub|sld_shadow_jsm:shadow_jsm|state[0] ; sld_hub:auto_hub|alt_sld_fab_with_jtag_input:\instrumentation_fabric_with_node_gen:fabric_gen_new_way:with_jtag_input_gen:instrumentation_fabric|alt_sld_fab:instrumentation_fabric|alt_sld_fab_alt_sld_fab:alt_sld_fab|alt_sld_fab_alt_sld_fab_sldfabric:sldfabric|sld_jtag_hub:\jtag_hub_gen:real_sld_jtag_hub|jtag_ir_reg[2]            ; altera_reserved_tck ; altera_reserved_tck ; 0.000        ; 0.073      ; 1.842      ;
; 1.598 ; sld_hub:auto_hub|alt_sld_fab_with_jtag_input:\instrumentation_fabric_with_node_gen:fabric_gen_new_way:with_jtag_input_gen:instrumentation_fabric|alt_sld_fab:instrumentation_fabric|alt_sld_fab_alt_sld_fab:alt_sld_fab|alt_sld_fab_alt_sld_fab_sldfabric:sldfabric|sld_jtag_hub:\jtag_hub_gen:real_sld_jtag_hub|sld_shadow_jsm:shadow_jsm|state[0] ; sld_hub:auto_hub|alt_sld_fab_with_jtag_input:\instrumentation_fabric_with_node_gen:fabric_gen_new_way:with_jtag_input_gen:instrumentation_fabric|alt_sld_fab:instrumentation_fabric|alt_sld_fab_alt_sld_fab:alt_sld_fab|alt_sld_fab_alt_sld_fab_sldfabric:sldfabric|sld_jtag_hub:\jtag_hub_gen:real_sld_jtag_hub|jtag_ir_reg[3]            ; altera_reserved_tck ; altera_reserved_tck ; 0.000        ; 0.073      ; 1.842      ;
; 1.598 ; sld_hub:auto_hub|alt_sld_fab_with_jtag_input:\instrumentation_fabric_with_node_gen:fabric_gen_new_way:with_jtag_input_gen:instrumentation_fabric|alt_sld_fab:instrumentation_fabric|alt_sld_fab_alt_sld_fab:alt_sld_fab|alt_sld_fab_alt_sld_fab_sldfabric:sldfabric|sld_jtag_hub:\jtag_hub_gen:real_sld_jtag_hub|sld_shadow_jsm:shadow_jsm|state[0] ; sld_hub:auto_hub|alt_sld_fab_with_jtag_input:\instrumentation_fabric_with_node_gen:fabric_gen_new_way:with_jtag_input_gen:instrumentation_fabric|alt_sld_fab:instrumentation_fabric|alt_sld_fab_alt_sld_fab:alt_sld_fab|alt_sld_fab_alt_sld_fab_sldfabric:sldfabric|sld_jtag_hub:\jtag_hub_gen:real_sld_jtag_hub|jtag_ir_reg[4]            ; altera_reserved_tck ; altera_reserved_tck ; 0.000        ; 0.073      ; 1.842      ;
; 1.598 ; sld_hub:auto_hub|alt_sld_fab_with_jtag_input:\instrumentation_fabric_with_node_gen:fabric_gen_new_way:with_jtag_input_gen:instrumentation_fabric|alt_sld_fab:instrumentation_fabric|alt_sld_fab_alt_sld_fab:alt_sld_fab|alt_sld_fab_alt_sld_fab_sldfabric:sldfabric|sld_jtag_hub:\jtag_hub_gen:real_sld_jtag_hub|sld_shadow_jsm:shadow_jsm|state[0] ; sld_hub:auto_hub|alt_sld_fab_with_jtag_input:\instrumentation_fabric_with_node_gen:fabric_gen_new_way:with_jtag_input_gen:instrumentation_fabric|alt_sld_fab:instrumentation_fabric|alt_sld_fab_alt_sld_fab:alt_sld_fab|alt_sld_fab_alt_sld_fab_sldfabric:sldfabric|sld_jtag_hub:\jtag_hub_gen:real_sld_jtag_hub|jtag_ir_reg[5]            ; altera_reserved_tck ; altera_reserved_tck ; 0.000        ; 0.073      ; 1.842      ;
; 1.598 ; sld_hub:auto_hub|alt_sld_fab_with_jtag_input:\instrumentation_fabric_with_node_gen:fabric_gen_new_way:with_jtag_input_gen:instrumentation_fabric|alt_sld_fab:instrumentation_fabric|alt_sld_fab_alt_sld_fab:alt_sld_fab|alt_sld_fab_alt_sld_fab_sldfabric:sldfabric|sld_jtag_hub:\jtag_hub_gen:real_sld_jtag_hub|sld_shadow_jsm:shadow_jsm|state[0] ; sld_hub:auto_hub|alt_sld_fab_with_jtag_input:\instrumentation_fabric_with_node_gen:fabric_gen_new_way:with_jtag_input_gen:instrumentation_fabric|alt_sld_fab:instrumentation_fabric|alt_sld_fab_alt_sld_fab:alt_sld_fab|alt_sld_fab_alt_sld_fab_sldfabric:sldfabric|sld_jtag_hub:\jtag_hub_gen:real_sld_jtag_hub|jtag_ir_reg[6]            ; altera_reserved_tck ; altera_reserved_tck ; 0.000        ; 0.073      ; 1.842      ;
; 1.598 ; sld_hub:auto_hub|alt_sld_fab_with_jtag_input:\instrumentation_fabric_with_node_gen:fabric_gen_new_way:with_jtag_input_gen:instrumentation_fabric|alt_sld_fab:instrumentation_fabric|alt_sld_fab_alt_sld_fab:alt_sld_fab|alt_sld_fab_alt_sld_fab_sldfabric:sldfabric|sld_jtag_hub:\jtag_hub_gen:real_sld_jtag_hub|sld_shadow_jsm:shadow_jsm|state[0] ; sld_hub:auto_hub|alt_sld_fab_with_jtag_input:\instrumentation_fabric_with_node_gen:fabric_gen_new_way:with_jtag_input_gen:instrumentation_fabric|alt_sld_fab:instrumentation_fabric|alt_sld_fab_alt_sld_fab:alt_sld_fab|alt_sld_fab_alt_sld_fab_sldfabric:sldfabric|sld_jtag_hub:\jtag_hub_gen:real_sld_jtag_hub|jtag_ir_reg[7]            ; altera_reserved_tck ; altera_reserved_tck ; 0.000        ; 0.073      ; 1.842      ;
; 1.598 ; sld_hub:auto_hub|alt_sld_fab_with_jtag_input:\instrumentation_fabric_with_node_gen:fabric_gen_new_way:with_jtag_input_gen:instrumentation_fabric|alt_sld_fab:instrumentation_fabric|alt_sld_fab_alt_sld_fab:alt_sld_fab|alt_sld_fab_alt_sld_fab_sldfabric:sldfabric|sld_jtag_hub:\jtag_hub_gen:real_sld_jtag_hub|sld_shadow_jsm:shadow_jsm|state[0] ; sld_hub:auto_hub|alt_sld_fab_with_jtag_input:\instrumentation_fabric_with_node_gen:fabric_gen_new_way:with_jtag_input_gen:instrumentation_fabric|alt_sld_fab:instrumentation_fabric|alt_sld_fab_alt_sld_fab:alt_sld_fab|alt_sld_fab_alt_sld_fab_sldfabric:sldfabric|sld_jtag_hub:\jtag_hub_gen:real_sld_jtag_hub|jtag_ir_reg[8]            ; altera_reserved_tck ; altera_reserved_tck ; 0.000        ; 0.073      ; 1.842      ;
; 1.598 ; sld_hub:auto_hub|alt_sld_fab_with_jtag_input:\instrumentation_fabric_with_node_gen:fabric_gen_new_way:with_jtag_input_gen:instrumentation_fabric|alt_sld_fab:instrumentation_fabric|alt_sld_fab_alt_sld_fab:alt_sld_fab|alt_sld_fab_alt_sld_fab_sldfabric:sldfabric|sld_jtag_hub:\jtag_hub_gen:real_sld_jtag_hub|sld_shadow_jsm:shadow_jsm|state[0] ; sld_hub:auto_hub|alt_sld_fab_with_jtag_input:\instrumentation_fabric_with_node_gen:fabric_gen_new_way:with_jtag_input_gen:instrumentation_fabric|alt_sld_fab:instrumentation_fabric|alt_sld_fab_alt_sld_fab:alt_sld_fab|alt_sld_fab_alt_sld_fab_sldfabric:sldfabric|sld_jtag_hub:\jtag_hub_gen:real_sld_jtag_hub|jtag_ir_reg[9]            ; altera_reserved_tck ; altera_reserved_tck ; 0.000        ; 0.073      ; 1.842      ;
+-------+-----------------------------------------------------------------------------------------------------------------------------------------------------------------------------------------------------------------------------------------------------------------------------------------------------------------------------------------------------+--------------------------------------------------------------------------------------------------------------------------------------------------------------------------------------------------------------------------------------------------------------------------------------------------------------------------------------------+---------------------+---------------------+--------------+------------+------------+


----------------------------------------------
; Slow 1200mV 0C Model Metastability Summary ;
----------------------------------------------
Typical MTBF of Design is 1e+09 years or 3.15e+16 seconds.

Number of Synchronizer Chains Found: 3
Shortest Synchronizer Chain: 2 Registers
Fraction of Chains for which MTBFs Could Not be Calculated: 0.333
Worst Case Available Settling Time: 197.133 ns

Typical MTBF values are calculated based on the nominal silicon characteristics, at nominal operating conditions.
  - Under typical conditions, an increase of 100ps in available settling time will increase MTBF values by a factor of 10.8



+----------------------------------------------+
; Fast 1200mV 0C Model Setup Summary           ;
+---------------------+--------+---------------+
; Clock               ; Slack  ; End Point TNS ;
+---------------------+--------+---------------+
; altera_reserved_tck ; 48.466 ; 0.000         ;
+---------------------+--------+---------------+


+---------------------------------------------+
; Fast 1200mV 0C Model Hold Summary           ;
+---------------------+-------+---------------+
; Clock               ; Slack ; End Point TNS ;
+---------------------+-------+---------------+
; altera_reserved_tck ; 0.181 ; 0.000         ;
+---------------------+-------+---------------+


+----------------------------------------------+
; Fast 1200mV 0C Model Recovery Summary        ;
+---------------------+--------+---------------+
; Clock               ; Slack  ; End Point TNS ;
+---------------------+--------+---------------+
; altera_reserved_tck ; 98.843 ; 0.000         ;
+---------------------+--------+---------------+


+---------------------------------------------+
; Fast 1200mV 0C Model Removal Summary        ;
+---------------------+-------+---------------+
; Clock               ; Slack ; End Point TNS ;
+---------------------+-------+---------------+
; altera_reserved_tck ; 0.701 ; 0.000         ;
+---------------------+-------+---------------+


+--------------------------------------------------+
; Fast 1200mV 0C Model Minimum Pulse Width Summary ;
+---------------------+--------+-------------------+
; Clock               ; Slack  ; End Point TNS     ;
+---------------------+--------+-------------------+
; altera_reserved_tck ; 49.472 ; 0.000             ;
+---------------------+--------+-------------------+


+--------------------------------------------------------------------------------------------------------------------------------------------------------------------------------------------------------------------------------------------------------------------------------------------------------------------------------------------------------------------------------------------------------------------------------------------------------------------------------------------------------------------------------------------------------------------------------------------------------------------------------------------------------------------------------------------------------------------------------------------------------------------------+
; Fast 1200mV 0C Model Setup: 'altera_reserved_tck'                                                                                                                                                                                                                                                                                                                                                                                                                                                                                                                                                                                                                                                                                                                        ;
+--------+-----------------------------------------------------------------------------------------------------------------------------------------------------------------------------------------------------------------------------------------------------------------------------------------------------------------------------------------------------+----------------------------------------------------------------------------------------------------------------------------------------------------------------------------------------------------------------------------------------------------------------------------------------------------------------------+---------------------+---------------------+--------------+------------+------------+
; Slack  ; From Node                                                                                                                                                                                                                                                                                                                                           ; To Node                                                                                                                                                                                                                                                                                                              ; Launch Clock        ; Latch Clock         ; Relationship ; Clock Skew ; Data Delay ;
+--------+-----------------------------------------------------------------------------------------------------------------------------------------------------------------------------------------------------------------------------------------------------------------------------------------------------------------------------------------------------+----------------------------------------------------------------------------------------------------------------------------------------------------------------------------------------------------------------------------------------------------------------------------------------------------------------------+---------------------+---------------------+--------------+------------+------------+
; 48.466 ; sld_hub:auto_hub|alt_sld_fab_with_jtag_input:\instrumentation_fabric_with_node_gen:fabric_gen_new_way:with_jtag_input_gen:instrumentation_fabric|alt_sld_fab:instrumentation_fabric|alt_sld_fab_alt_sld_fab:alt_sld_fab|alt_sld_fab_alt_sld_fab_sldfabric:sldfabric|sld_jtag_hub:\jtag_hub_gen:real_sld_jtag_hub|virtual_ir_scan_reg                ; sld_hub:auto_hub|alt_sld_fab_with_jtag_input:\instrumentation_fabric_with_node_gen:fabric_gen_new_way:with_jtag_input_gen:instrumentation_fabric|alt_sld_fab:instrumentation_fabric|alt_sld_fab_alt_sld_fab:alt_sld_fab|alt_sld_fab_alt_sld_fab_sldfabric:sldfabric|sld_jtag_hub:\jtag_hub_gen:real_sld_jtag_hub|tdo ; altera_reserved_tck ; altera_reserved_tck ; 50.000       ; 0.271      ; 1.812      ;
; 48.607 ; sld_hub:auto_hub|alt_sld_fab_with_jtag_input:\instrumentation_fabric_with_node_gen:fabric_gen_new_way:with_jtag_input_gen:instrumentation_fabric|alt_sld_fab:instrumentation_fabric|alt_sld_fab_alt_sld_fab:alt_sld_fab|alt_sld_fab_alt_sld_fab_sldfabric:sldfabric|sld_jtag_hub:\jtag_hub_gen:real_sld_jtag_hub|irsr_reg[0]                        ; sld_hub:auto_hub|alt_sld_fab_with_jtag_input:\instrumentation_fabric_with_node_gen:fabric_gen_new_way:with_jtag_input_gen:instrumentation_fabric|alt_sld_fab:instrumentation_fabric|alt_sld_fab_alt_sld_fab:alt_sld_fab|alt_sld_fab_alt_sld_fab_sldfabric:sldfabric|sld_jtag_hub:\jtag_hub_gen:real_sld_jtag_hub|tdo ; altera_reserved_tck ; altera_reserved_tck ; 50.000       ; 0.271      ; 1.671      ;
; 48.623 ; sld_hub:auto_hub|alt_sld_fab_with_jtag_input:\instrumentation_fabric_with_node_gen:fabric_gen_new_way:with_jtag_input_gen:instrumentation_fabric|alt_sld_fab:instrumentation_fabric|alt_sld_fab_alt_sld_fab:alt_sld_fab|alt_sld_fab_alt_sld_fab_sldfabric:sldfabric|sld_jtag_hub:\jtag_hub_gen:real_sld_jtag_hub|sld_shadow_jsm:shadow_jsm|state[3] ; sld_hub:auto_hub|alt_sld_fab_with_jtag_input:\instrumentation_fabric_with_node_gen:fabric_gen_new_way:with_jtag_input_gen:instrumentation_fabric|alt_sld_fab:instrumentation_fabric|alt_sld_fab_alt_sld_fab:alt_sld_fab|alt_sld_fab_alt_sld_fab_sldfabric:sldfabric|sld_jtag_hub:\jtag_hub_gen:real_sld_jtag_hub|tdo ; altera_reserved_tck ; altera_reserved_tck ; 50.000       ; 0.272      ; 1.656      ;
; 48.714 ; sld_hub:auto_hub|alt_sld_fab_with_jtag_input:\instrumentation_fabric_with_node_gen:fabric_gen_new_way:with_jtag_input_gen:instrumentation_fabric|alt_sld_fab:instrumentation_fabric|alt_sld_fab_alt_sld_fab:alt_sld_fab|alt_sld_fab_alt_sld_fab_sldfabric:sldfabric|sld_jtag_hub:\jtag_hub_gen:real_sld_jtag_hub|irsr_reg[1]                        ; sld_hub:auto_hub|alt_sld_fab_with_jtag_input:\instrumentation_fabric_with_node_gen:fabric_gen_new_way:with_jtag_input_gen:instrumentation_fabric|alt_sld_fab:instrumentation_fabric|alt_sld_fab_alt_sld_fab:alt_sld_fab|alt_sld_fab_alt_sld_fab_sldfabric:sldfabric|sld_jtag_hub:\jtag_hub_gen:real_sld_jtag_hub|tdo ; altera_reserved_tck ; altera_reserved_tck ; 50.000       ; 0.271      ; 1.564      ;
; 48.757 ; sld_hub:auto_hub|alt_sld_fab_with_jtag_input:\instrumentation_fabric_with_node_gen:fabric_gen_new_way:with_jtag_input_gen:instrumentation_fabric|alt_sld_fab:instrumentation_fabric|alt_sld_fab_alt_sld_fab:alt_sld_fab|alt_sld_fab_alt_sld_fab_sldfabric:sldfabric|sld_jtag_hub:\jtag_hub_gen:real_sld_jtag_hub|sld_shadow_jsm:shadow_jsm|state[4] ; sld_hub:auto_hub|alt_sld_fab_with_jtag_input:\instrumentation_fabric_with_node_gen:fabric_gen_new_way:with_jtag_input_gen:instrumentation_fabric|alt_sld_fab:instrumentation_fabric|alt_sld_fab_alt_sld_fab:alt_sld_fab|alt_sld_fab_alt_sld_fab_sldfabric:sldfabric|sld_jtag_hub:\jtag_hub_gen:real_sld_jtag_hub|tdo ; altera_reserved_tck ; altera_reserved_tck ; 50.000       ; 0.272      ; 1.522      ;
; 48.861 ; sld_hub:auto_hub|alt_sld_fab_with_jtag_input:\instrumentation_fabric_with_node_gen:fabric_gen_new_way:with_jtag_input_gen:instrumentation_fabric|alt_sld_fab:instrumentation_fabric|alt_sld_fab_alt_sld_fab:alt_sld_fab|alt_sld_fab_alt_sld_fab_sldfabric:sldfabric|sld_jtag_hub:\jtag_hub_gen:real_sld_jtag_hub|irsr_reg[2]                        ; sld_hub:auto_hub|alt_sld_fab_with_jtag_input:\instrumentation_fabric_with_node_gen:fabric_gen_new_way:with_jtag_input_gen:instrumentation_fabric|alt_sld_fab:instrumentation_fabric|alt_sld_fab_alt_sld_fab:alt_sld_fab|alt_sld_fab_alt_sld_fab_sldfabric:sldfabric|sld_jtag_hub:\jtag_hub_gen:real_sld_jtag_hub|tdo ; altera_reserved_tck ; altera_reserved_tck ; 50.000       ; 0.271      ; 1.417      ;
; 48.910 ; sld_hub:auto_hub|alt_sld_fab_with_jtag_input:\instrumentation_fabric_with_node_gen:fabric_gen_new_way:with_jtag_input_gen:instrumentation_fabric|alt_sld_fab:instrumentation_fabric|alt_sld_fab_alt_sld_fab:alt_sld_fab|alt_sld_fab_alt_sld_fab_sldfabric:sldfabric|sld_jtag_hub:\jtag_hub_gen:real_sld_jtag_hub|sld_shadow_jsm:shadow_jsm|state[8] ; sld_hub:auto_hub|alt_sld_fab_with_jtag_input:\instrumentation_fabric_with_node_gen:fabric_gen_new_way:with_jtag_input_gen:instrumentation_fabric|alt_sld_fab:instrumentation_fabric|alt_sld_fab_alt_sld_fab:alt_sld_fab|alt_sld_fab_alt_sld_fab_sldfabric:sldfabric|sld_jtag_hub:\jtag_hub_gen:real_sld_jtag_hub|tdo ; altera_reserved_tck ; altera_reserved_tck ; 50.000       ; 0.272      ; 1.369      ;
; 48.917 ; sld_hub:auto_hub|alt_sld_fab_with_jtag_input:\instrumentation_fabric_with_node_gen:fabric_gen_new_way:with_jtag_input_gen:instrumentation_fabric|alt_sld_fab:instrumentation_fabric|alt_sld_fab_alt_sld_fab:alt_sld_fab|alt_sld_fab_alt_sld_fab_sldfabric:sldfabric|sld_jtag_hub:\jtag_hub_gen:real_sld_jtag_hub|tdo_bypass_reg                     ; sld_hub:auto_hub|alt_sld_fab_with_jtag_input:\instrumentation_fabric_with_node_gen:fabric_gen_new_way:with_jtag_input_gen:instrumentation_fabric|alt_sld_fab:instrumentation_fabric|alt_sld_fab_alt_sld_fab:alt_sld_fab|alt_sld_fab_alt_sld_fab_sldfabric:sldfabric|sld_jtag_hub:\jtag_hub_gen:real_sld_jtag_hub|tdo ; altera_reserved_tck ; altera_reserved_tck ; 50.000       ; 0.270      ; 1.360      ;
; 48.997 ; sld_hub:auto_hub|alt_sld_fab_with_jtag_input:\instrumentation_fabric_with_node_gen:fabric_gen_new_way:with_jtag_input_gen:instrumentation_fabric|alt_sld_fab:instrumentation_fabric|alt_sld_fab_alt_sld_fab:alt_sld_fab|alt_sld_fab_alt_sld_fab_sldfabric:sldfabric|sld_jtag_hub:\jtag_hub_gen:real_sld_jtag_hub|irsr_reg[4]                        ; sld_hub:auto_hub|alt_sld_fab_with_jtag_input:\instrumentation_fabric_with_node_gen:fabric_gen_new_way:with_jtag_input_gen:instrumentation_fabric|alt_sld_fab:instrumentation_fabric|alt_sld_fab_alt_sld_fab:alt_sld_fab|alt_sld_fab_alt_sld_fab_sldfabric:sldfabric|sld_jtag_hub:\jtag_hub_gen:real_sld_jtag_hub|tdo ; altera_reserved_tck ; altera_reserved_tck ; 50.000       ; 0.271      ; 1.281      ;
; 49.059 ; BCDto7Seg:inst|BCDto7Seg_CPU:cpu|BCDto7Seg_CPU_cpu:cpu|BCDto7Seg_CPU_cpu_nios2_oci:the_BCDto7Seg_CPU_cpu_nios2_oci|BCDto7Seg_CPU_cpu_debug_slave_wrapper:the_BCDto7Seg_CPU_cpu_debug_slave_wrapper|BCDto7Seg_CPU_cpu_debug_slave_tck:the_BCDto7Seg_CPU_cpu_debug_slave_tck|sr[0]                                                                    ; sld_hub:auto_hub|alt_sld_fab_with_jtag_input:\instrumentation_fabric_with_node_gen:fabric_gen_new_way:with_jtag_input_gen:instrumentation_fabric|alt_sld_fab:instrumentation_fabric|alt_sld_fab_alt_sld_fab:alt_sld_fab|alt_sld_fab_alt_sld_fab_sldfabric:sldfabric|sld_jtag_hub:\jtag_hub_gen:real_sld_jtag_hub|tdo ; altera_reserved_tck ; altera_reserved_tck ; 50.000       ; 0.268      ; 1.216      ;
; 49.078 ; sld_hub:auto_hub|alt_sld_fab_with_jtag_input:\instrumentation_fabric_with_node_gen:fabric_gen_new_way:with_jtag_input_gen:instrumentation_fabric|alt_sld_fab:instrumentation_fabric|alt_sld_fab_alt_sld_fab:alt_sld_fab|alt_sld_fab_alt_sld_fab_sldfabric:sldfabric|sld_jtag_hub:\jtag_hub_gen:real_sld_jtag_hub|sld_rom_sr:hub_info_reg|WORD_SR[0] ; sld_hub:auto_hub|alt_sld_fab_with_jtag_input:\instrumentation_fabric_with_node_gen:fabric_gen_new_way:with_jtag_input_gen:instrumentation_fabric|alt_sld_fab:instrumentation_fabric|alt_sld_fab_alt_sld_fab:alt_sld_fab|alt_sld_fab_alt_sld_fab_sldfabric:sldfabric|sld_jtag_hub:\jtag_hub_gen:real_sld_jtag_hub|tdo ; altera_reserved_tck ; altera_reserved_tck ; 50.000       ; 0.270      ; 1.199      ;
; 49.111 ; sld_hub:auto_hub|alt_sld_fab_with_jtag_input:\instrumentation_fabric_with_node_gen:fabric_gen_new_way:with_jtag_input_gen:instrumentation_fabric|alt_sld_fab:instrumentation_fabric|alt_sld_fab_alt_sld_fab:alt_sld_fab|alt_sld_fab_alt_sld_fab_sldfabric:sldfabric|sld_jtag_hub:\jtag_hub_gen:real_sld_jtag_hub|design_hash_reg[0]                 ; sld_hub:auto_hub|alt_sld_fab_with_jtag_input:\instrumentation_fabric_with_node_gen:fabric_gen_new_way:with_jtag_input_gen:instrumentation_fabric|alt_sld_fab:instrumentation_fabric|alt_sld_fab_alt_sld_fab:alt_sld_fab|alt_sld_fab_alt_sld_fab_sldfabric:sldfabric|sld_jtag_hub:\jtag_hub_gen:real_sld_jtag_hub|tdo ; altera_reserved_tck ; altera_reserved_tck ; 50.000       ; 0.275      ; 1.171      ;
; 49.137 ; sld_hub:auto_hub|alt_sld_fab_with_jtag_input:\instrumentation_fabric_with_node_gen:fabric_gen_new_way:with_jtag_input_gen:instrumentation_fabric|alt_sld_fab:instrumentation_fabric|alt_sld_fab_alt_sld_fab:alt_sld_fab|alt_sld_fab_alt_sld_fab_sldfabric:sldfabric|sld_jtag_hub:\jtag_hub_gen:real_sld_jtag_hub|hub_minor_ver_reg[0]               ; sld_hub:auto_hub|alt_sld_fab_with_jtag_input:\instrumentation_fabric_with_node_gen:fabric_gen_new_way:with_jtag_input_gen:instrumentation_fabric|alt_sld_fab:instrumentation_fabric|alt_sld_fab_alt_sld_fab:alt_sld_fab|alt_sld_fab_alt_sld_fab_sldfabric:sldfabric|sld_jtag_hub:\jtag_hub_gen:real_sld_jtag_hub|tdo ; altera_reserved_tck ; altera_reserved_tck ; 50.000       ; 0.275      ; 1.145      ;
; 49.422 ; sld_hub:auto_hub|alt_sld_fab_with_jtag_input:\instrumentation_fabric_with_node_gen:fabric_gen_new_way:with_jtag_input_gen:instrumentation_fabric|alt_sld_fab:instrumentation_fabric|alt_sld_fab_alt_sld_fab:alt_sld_fab|alt_sld_fab_alt_sld_fab_sldfabric:sldfabric|sld_jtag_hub:\jtag_hub_gen:real_sld_jtag_hub|virtual_ir_tdo_sel_reg[0]          ; sld_hub:auto_hub|alt_sld_fab_with_jtag_input:\instrumentation_fabric_with_node_gen:fabric_gen_new_way:with_jtag_input_gen:instrumentation_fabric|alt_sld_fab:instrumentation_fabric|alt_sld_fab_alt_sld_fab:alt_sld_fab|alt_sld_fab_alt_sld_fab_sldfabric:sldfabric|sld_jtag_hub:\jtag_hub_gen:real_sld_jtag_hub|tdo ; altera_reserved_tck ; altera_reserved_tck ; 50.000       ; 0.273      ; 0.858      ;
; 97.327 ; sld_hub:auto_hub|alt_sld_fab_with_jtag_input:\instrumentation_fabric_with_node_gen:fabric_gen_new_way:with_jtag_input_gen:instrumentation_fabric|alt_sld_fab:instrumentation_fabric|alt_sld_fab_alt_sld_fab:alt_sld_fab|alt_sld_fab_alt_sld_fab_sldfabric:sldfabric|sld_jtag_hub:\jtag_hub_gen:real_sld_jtag_hub|virtual_ir_scan_reg                ; BCDto7Seg:inst|BCDto7Seg_CPU:cpu|BCDto7Seg_CPU_cpu:cpu|BCDto7Seg_CPU_cpu_nios2_oci:the_BCDto7Seg_CPU_cpu_nios2_oci|BCDto7Seg_CPU_cpu_debug_slave_wrapper:the_BCDto7Seg_CPU_cpu_debug_slave_wrapper|BCDto7Seg_CPU_cpu_debug_slave_tck:the_BCDto7Seg_CPU_cpu_debug_slave_tck|sr[34]                                    ; altera_reserved_tck ; altera_reserved_tck ; 100.000      ; -0.042     ; 2.638      ;
; 97.327 ; sld_hub:auto_hub|alt_sld_fab_with_jtag_input:\instrumentation_fabric_with_node_gen:fabric_gen_new_way:with_jtag_input_gen:instrumentation_fabric|alt_sld_fab:instrumentation_fabric|alt_sld_fab_alt_sld_fab:alt_sld_fab|alt_sld_fab_alt_sld_fab_sldfabric:sldfabric|sld_jtag_hub:\jtag_hub_gen:real_sld_jtag_hub|virtual_ir_scan_reg                ; BCDto7Seg:inst|BCDto7Seg_CPU:cpu|BCDto7Seg_CPU_cpu:cpu|BCDto7Seg_CPU_cpu_nios2_oci:the_BCDto7Seg_CPU_cpu_nios2_oci|BCDto7Seg_CPU_cpu_debug_slave_wrapper:the_BCDto7Seg_CPU_cpu_debug_slave_wrapper|BCDto7Seg_CPU_cpu_debug_slave_tck:the_BCDto7Seg_CPU_cpu_debug_slave_tck|sr[33]                                    ; altera_reserved_tck ; altera_reserved_tck ; 100.000      ; -0.042     ; 2.638      ;
; 97.407 ; sld_hub:auto_hub|alt_sld_fab_with_jtag_input:\instrumentation_fabric_with_node_gen:fabric_gen_new_way:with_jtag_input_gen:instrumentation_fabric|alt_sld_fab:instrumentation_fabric|alt_sld_fab_alt_sld_fab:alt_sld_fab|alt_sld_fab_alt_sld_fab_sldfabric:sldfabric|sld_jtag_hub:\jtag_hub_gen:real_sld_jtag_hub|virtual_ir_scan_reg                ; BCDto7Seg:inst|BCDto7Seg_CPU:cpu|BCDto7Seg_CPU_cpu:cpu|BCDto7Seg_CPU_cpu_nios2_oci:the_BCDto7Seg_CPU_cpu_nios2_oci|BCDto7Seg_CPU_cpu_debug_slave_wrapper:the_BCDto7Seg_CPU_cpu_debug_slave_wrapper|BCDto7Seg_CPU_cpu_debug_slave_tck:the_BCDto7Seg_CPU_cpu_debug_slave_tck|sr[29]                                    ; altera_reserved_tck ; altera_reserved_tck ; 100.000      ; -0.042     ; 2.558      ;
; 97.412 ; sld_hub:auto_hub|alt_sld_fab_with_jtag_input:\instrumentation_fabric_with_node_gen:fabric_gen_new_way:with_jtag_input_gen:instrumentation_fabric|alt_sld_fab:instrumentation_fabric|alt_sld_fab_alt_sld_fab:alt_sld_fab|alt_sld_fab_alt_sld_fab_sldfabric:sldfabric|sld_jtag_hub:\jtag_hub_gen:real_sld_jtag_hub|virtual_ir_scan_reg                ; BCDto7Seg:inst|BCDto7Seg_CPU:cpu|BCDto7Seg_CPU_cpu:cpu|BCDto7Seg_CPU_cpu_nios2_oci:the_BCDto7Seg_CPU_cpu_nios2_oci|BCDto7Seg_CPU_cpu_debug_slave_wrapper:the_BCDto7Seg_CPU_cpu_debug_slave_wrapper|BCDto7Seg_CPU_cpu_debug_slave_tck:the_BCDto7Seg_CPU_cpu_debug_slave_tck|sr[19]                                    ; altera_reserved_tck ; altera_reserved_tck ; 100.000      ; -0.042     ; 2.553      ;
; 97.413 ; sld_hub:auto_hub|alt_sld_fab_with_jtag_input:\instrumentation_fabric_with_node_gen:fabric_gen_new_way:with_jtag_input_gen:instrumentation_fabric|alt_sld_fab:instrumentation_fabric|alt_sld_fab_alt_sld_fab:alt_sld_fab|alt_sld_fab_alt_sld_fab_sldfabric:sldfabric|sld_jtag_hub:\jtag_hub_gen:real_sld_jtag_hub|virtual_ir_scan_reg                ; BCDto7Seg:inst|BCDto7Seg_CPU:cpu|BCDto7Seg_CPU_cpu:cpu|BCDto7Seg_CPU_cpu_nios2_oci:the_BCDto7Seg_CPU_cpu_nios2_oci|BCDto7Seg_CPU_cpu_debug_slave_wrapper:the_BCDto7Seg_CPU_cpu_debug_slave_wrapper|BCDto7Seg_CPU_cpu_debug_slave_tck:the_BCDto7Seg_CPU_cpu_debug_slave_tck|sr[20]                                    ; altera_reserved_tck ; altera_reserved_tck ; 100.000      ; -0.042     ; 2.552      ;
; 97.421 ; sld_hub:auto_hub|alt_sld_fab_with_jtag_input:\instrumentation_fabric_with_node_gen:fabric_gen_new_way:with_jtag_input_gen:instrumentation_fabric|alt_sld_fab:instrumentation_fabric|alt_sld_fab_alt_sld_fab:alt_sld_fab|alt_sld_fab_alt_sld_fab_sldfabric:sldfabric|sld_jtag_hub:\jtag_hub_gen:real_sld_jtag_hub|virtual_ir_scan_reg                ; BCDto7Seg:inst|BCDto7Seg_CPU:cpu|BCDto7Seg_CPU_cpu:cpu|BCDto7Seg_CPU_cpu_nios2_oci:the_BCDto7Seg_CPU_cpu_nios2_oci|BCDto7Seg_CPU_cpu_debug_slave_wrapper:the_BCDto7Seg_CPU_cpu_debug_slave_wrapper|BCDto7Seg_CPU_cpu_debug_slave_tck:the_BCDto7Seg_CPU_cpu_debug_slave_tck|sr[21]                                    ; altera_reserved_tck ; altera_reserved_tck ; 100.000      ; -0.042     ; 2.544      ;
; 97.422 ; sld_hub:auto_hub|alt_sld_fab_with_jtag_input:\instrumentation_fabric_with_node_gen:fabric_gen_new_way:with_jtag_input_gen:instrumentation_fabric|alt_sld_fab:instrumentation_fabric|alt_sld_fab_alt_sld_fab:alt_sld_fab|alt_sld_fab_alt_sld_fab_sldfabric:sldfabric|sld_jtag_hub:\jtag_hub_gen:real_sld_jtag_hub|virtual_ir_scan_reg                ; BCDto7Seg:inst|BCDto7Seg_CPU:cpu|BCDto7Seg_CPU_cpu:cpu|BCDto7Seg_CPU_cpu_nios2_oci:the_BCDto7Seg_CPU_cpu_nios2_oci|BCDto7Seg_CPU_cpu_debug_slave_wrapper:the_BCDto7Seg_CPU_cpu_debug_slave_wrapper|BCDto7Seg_CPU_cpu_debug_slave_tck:the_BCDto7Seg_CPU_cpu_debug_slave_tck|sr[16]                                    ; altera_reserved_tck ; altera_reserved_tck ; 100.000      ; -0.042     ; 2.543      ;
; 97.433 ; sld_hub:auto_hub|alt_sld_fab_with_jtag_input:\instrumentation_fabric_with_node_gen:fabric_gen_new_way:with_jtag_input_gen:instrumentation_fabric|alt_sld_fab:instrumentation_fabric|alt_sld_fab_alt_sld_fab:alt_sld_fab|alt_sld_fab_alt_sld_fab_sldfabric:sldfabric|sld_jtag_hub:\jtag_hub_gen:real_sld_jtag_hub|virtual_ir_scan_reg                ; BCDto7Seg:inst|BCDto7Seg_CPU:cpu|BCDto7Seg_CPU_cpu:cpu|BCDto7Seg_CPU_cpu_nios2_oci:the_BCDto7Seg_CPU_cpu_nios2_oci|BCDto7Seg_CPU_cpu_debug_slave_wrapper:the_BCDto7Seg_CPU_cpu_debug_slave_wrapper|BCDto7Seg_CPU_cpu_debug_slave_tck:the_BCDto7Seg_CPU_cpu_debug_slave_tck|sr[24]                                    ; altera_reserved_tck ; altera_reserved_tck ; 100.000      ; -0.042     ; 2.532      ;
; 97.435 ; sld_hub:auto_hub|alt_sld_fab_with_jtag_input:\instrumentation_fabric_with_node_gen:fabric_gen_new_way:with_jtag_input_gen:instrumentation_fabric|alt_sld_fab:instrumentation_fabric|alt_sld_fab_alt_sld_fab:alt_sld_fab|alt_sld_fab_alt_sld_fab_sldfabric:sldfabric|sld_jtag_hub:\jtag_hub_gen:real_sld_jtag_hub|virtual_ir_scan_reg                ; BCDto7Seg:inst|BCDto7Seg_CPU:cpu|BCDto7Seg_CPU_cpu:cpu|BCDto7Seg_CPU_cpu_nios2_oci:the_BCDto7Seg_CPU_cpu_nios2_oci|BCDto7Seg_CPU_cpu_debug_slave_wrapper:the_BCDto7Seg_CPU_cpu_debug_slave_wrapper|BCDto7Seg_CPU_cpu_debug_slave_tck:the_BCDto7Seg_CPU_cpu_debug_slave_tck|sr[23]                                    ; altera_reserved_tck ; altera_reserved_tck ; 100.000      ; -0.042     ; 2.530      ;
; 97.442 ; sld_hub:auto_hub|alt_sld_fab_with_jtag_input:\instrumentation_fabric_with_node_gen:fabric_gen_new_way:with_jtag_input_gen:instrumentation_fabric|alt_sld_fab:instrumentation_fabric|alt_sld_fab_alt_sld_fab:alt_sld_fab|alt_sld_fab_alt_sld_fab_sldfabric:sldfabric|sld_jtag_hub:\jtag_hub_gen:real_sld_jtag_hub|virtual_ir_scan_reg                ; BCDto7Seg:inst|BCDto7Seg_CPU:cpu|BCDto7Seg_CPU_cpu:cpu|BCDto7Seg_CPU_cpu_nios2_oci:the_BCDto7Seg_CPU_cpu_nios2_oci|BCDto7Seg_CPU_cpu_debug_slave_wrapper:the_BCDto7Seg_CPU_cpu_debug_slave_wrapper|BCDto7Seg_CPU_cpu_debug_slave_tck:the_BCDto7Seg_CPU_cpu_debug_slave_tck|sr[26]                                    ; altera_reserved_tck ; altera_reserved_tck ; 100.000      ; -0.042     ; 2.523      ;
; 97.454 ; sld_hub:auto_hub|alt_sld_fab_with_jtag_input:\instrumentation_fabric_with_node_gen:fabric_gen_new_way:with_jtag_input_gen:instrumentation_fabric|alt_sld_fab:instrumentation_fabric|alt_sld_fab_alt_sld_fab:alt_sld_fab|alt_sld_fab_alt_sld_fab_sldfabric:sldfabric|sld_jtag_hub:\jtag_hub_gen:real_sld_jtag_hub|virtual_ir_scan_reg                ; BCDto7Seg:inst|BCDto7Seg_CPU:cpu|BCDto7Seg_CPU_cpu:cpu|BCDto7Seg_CPU_cpu_nios2_oci:the_BCDto7Seg_CPU_cpu_nios2_oci|BCDto7Seg_CPU_cpu_debug_slave_wrapper:the_BCDto7Seg_CPU_cpu_debug_slave_wrapper|BCDto7Seg_CPU_cpu_debug_slave_tck:the_BCDto7Seg_CPU_cpu_debug_slave_tck|sr[28]                                    ; altera_reserved_tck ; altera_reserved_tck ; 100.000      ; -0.042     ; 2.511      ;
; 97.457 ; sld_hub:auto_hub|alt_sld_fab_with_jtag_input:\instrumentation_fabric_with_node_gen:fabric_gen_new_way:with_jtag_input_gen:instrumentation_fabric|alt_sld_fab:instrumentation_fabric|alt_sld_fab_alt_sld_fab:alt_sld_fab|alt_sld_fab_alt_sld_fab_sldfabric:sldfabric|sld_jtag_hub:\jtag_hub_gen:real_sld_jtag_hub|virtual_ir_scan_reg                ; BCDto7Seg:inst|BCDto7Seg_CPU:cpu|BCDto7Seg_CPU_cpu:cpu|BCDto7Seg_CPU_cpu_nios2_oci:the_BCDto7Seg_CPU_cpu_nios2_oci|BCDto7Seg_CPU_cpu_debug_slave_wrapper:the_BCDto7Seg_CPU_cpu_debug_slave_wrapper|BCDto7Seg_CPU_cpu_debug_slave_tck:the_BCDto7Seg_CPU_cpu_debug_slave_tck|sr[22]                                    ; altera_reserved_tck ; altera_reserved_tck ; 100.000      ; -0.042     ; 2.508      ;
; 97.457 ; sld_hub:auto_hub|alt_sld_fab_with_jtag_input:\instrumentation_fabric_with_node_gen:fabric_gen_new_way:with_jtag_input_gen:instrumentation_fabric|alt_sld_fab:instrumentation_fabric|alt_sld_fab_alt_sld_fab:alt_sld_fab|alt_sld_fab_alt_sld_fab_sldfabric:sldfabric|sld_jtag_hub:\jtag_hub_gen:real_sld_jtag_hub|irf_reg[1][1]                      ; BCDto7Seg:inst|BCDto7Seg_CPU:cpu|BCDto7Seg_CPU_cpu:cpu|BCDto7Seg_CPU_cpu_nios2_oci:the_BCDto7Seg_CPU_cpu_nios2_oci|BCDto7Seg_CPU_cpu_debug_slave_wrapper:the_BCDto7Seg_CPU_cpu_debug_slave_wrapper|BCDto7Seg_CPU_cpu_debug_slave_tck:the_BCDto7Seg_CPU_cpu_debug_slave_tck|sr[21]                                    ; altera_reserved_tck ; altera_reserved_tck ; 100.000      ; -0.040     ; 2.510      ;
; 97.468 ; sld_hub:auto_hub|alt_sld_fab_with_jtag_input:\instrumentation_fabric_with_node_gen:fabric_gen_new_way:with_jtag_input_gen:instrumentation_fabric|alt_sld_fab:instrumentation_fabric|alt_sld_fab_alt_sld_fab:alt_sld_fab|alt_sld_fab_alt_sld_fab_sldfabric:sldfabric|sld_jtag_hub:\jtag_hub_gen:real_sld_jtag_hub|sld_shadow_jsm:shadow_jsm|state[4] ; BCDto7Seg:inst|BCDto7Seg_CPU:cpu|BCDto7Seg_CPU_cpu:cpu|BCDto7Seg_CPU_cpu_nios2_oci:the_BCDto7Seg_CPU_cpu_nios2_oci|BCDto7Seg_CPU_cpu_debug_slave_wrapper:the_BCDto7Seg_CPU_cpu_debug_slave_wrapper|BCDto7Seg_CPU_cpu_debug_slave_tck:the_BCDto7Seg_CPU_cpu_debug_slave_tck|sr[34]                                    ; altera_reserved_tck ; altera_reserved_tck ; 100.000      ; -0.041     ; 2.498      ;
; 97.468 ; sld_hub:auto_hub|alt_sld_fab_with_jtag_input:\instrumentation_fabric_with_node_gen:fabric_gen_new_way:with_jtag_input_gen:instrumentation_fabric|alt_sld_fab:instrumentation_fabric|alt_sld_fab_alt_sld_fab:alt_sld_fab|alt_sld_fab_alt_sld_fab_sldfabric:sldfabric|sld_jtag_hub:\jtag_hub_gen:real_sld_jtag_hub|sld_shadow_jsm:shadow_jsm|state[4] ; BCDto7Seg:inst|BCDto7Seg_CPU:cpu|BCDto7Seg_CPU_cpu:cpu|BCDto7Seg_CPU_cpu_nios2_oci:the_BCDto7Seg_CPU_cpu_nios2_oci|BCDto7Seg_CPU_cpu_debug_slave_wrapper:the_BCDto7Seg_CPU_cpu_debug_slave_wrapper|BCDto7Seg_CPU_cpu_debug_slave_tck:the_BCDto7Seg_CPU_cpu_debug_slave_tck|sr[33]                                    ; altera_reserved_tck ; altera_reserved_tck ; 100.000      ; -0.041     ; 2.498      ;
; 97.486 ; sld_hub:auto_hub|alt_sld_fab_with_jtag_input:\instrumentation_fabric_with_node_gen:fabric_gen_new_way:with_jtag_input_gen:instrumentation_fabric|alt_sld_fab:instrumentation_fabric|alt_sld_fab_alt_sld_fab:alt_sld_fab|alt_sld_fab_alt_sld_fab_sldfabric:sldfabric|sld_jtag_hub:\jtag_hub_gen:real_sld_jtag_hub|virtual_ir_scan_reg                ; BCDto7Seg:inst|BCDto7Seg_CPU:cpu|BCDto7Seg_CPU_cpu:cpu|BCDto7Seg_CPU_cpu_nios2_oci:the_BCDto7Seg_CPU_cpu_nios2_oci|BCDto7Seg_CPU_cpu_debug_slave_wrapper:the_BCDto7Seg_CPU_cpu_debug_slave_wrapper|BCDto7Seg_CPU_cpu_debug_slave_tck:the_BCDto7Seg_CPU_cpu_debug_slave_tck|sr[25]                                    ; altera_reserved_tck ; altera_reserved_tck ; 100.000      ; -0.042     ; 2.479      ;
; 97.486 ; sld_hub:auto_hub|alt_sld_fab_with_jtag_input:\instrumentation_fabric_with_node_gen:fabric_gen_new_way:with_jtag_input_gen:instrumentation_fabric|alt_sld_fab:instrumentation_fabric|alt_sld_fab_alt_sld_fab:alt_sld_fab|alt_sld_fab_alt_sld_fab_sldfabric:sldfabric|sld_jtag_hub:\jtag_hub_gen:real_sld_jtag_hub|virtual_ir_scan_reg                ; BCDto7Seg:inst|BCDto7Seg_CPU:cpu|BCDto7Seg_CPU_cpu:cpu|BCDto7Seg_CPU_cpu_nios2_oci:the_BCDto7Seg_CPU_cpu_nios2_oci|BCDto7Seg_CPU_cpu_debug_slave_wrapper:the_BCDto7Seg_CPU_cpu_debug_slave_wrapper|BCDto7Seg_CPU_cpu_debug_slave_tck:the_BCDto7Seg_CPU_cpu_debug_slave_tck|sr[17]                                    ; altera_reserved_tck ; altera_reserved_tck ; 100.000      ; -0.042     ; 2.479      ;
; 97.486 ; sld_hub:auto_hub|alt_sld_fab_with_jtag_input:\instrumentation_fabric_with_node_gen:fabric_gen_new_way:with_jtag_input_gen:instrumentation_fabric|alt_sld_fab:instrumentation_fabric|alt_sld_fab_alt_sld_fab:alt_sld_fab|alt_sld_fab_alt_sld_fab_sldfabric:sldfabric|sld_jtag_hub:\jtag_hub_gen:real_sld_jtag_hub|virtual_ir_scan_reg                ; BCDto7Seg:inst|BCDto7Seg_CPU:cpu|BCDto7Seg_CPU_cpu:cpu|BCDto7Seg_CPU_cpu_nios2_oci:the_BCDto7Seg_CPU_cpu_nios2_oci|BCDto7Seg_CPU_cpu_debug_slave_wrapper:the_BCDto7Seg_CPU_cpu_debug_slave_wrapper|BCDto7Seg_CPU_cpu_debug_slave_tck:the_BCDto7Seg_CPU_cpu_debug_slave_tck|sr[18]                                    ; altera_reserved_tck ; altera_reserved_tck ; 100.000      ; -0.042     ; 2.479      ;
; 97.486 ; sld_hub:auto_hub|alt_sld_fab_with_jtag_input:\instrumentation_fabric_with_node_gen:fabric_gen_new_way:with_jtag_input_gen:instrumentation_fabric|alt_sld_fab:instrumentation_fabric|alt_sld_fab_alt_sld_fab:alt_sld_fab|alt_sld_fab_alt_sld_fab_sldfabric:sldfabric|sld_jtag_hub:\jtag_hub_gen:real_sld_jtag_hub|virtual_ir_scan_reg                ; BCDto7Seg:inst|BCDto7Seg_CPU:cpu|BCDto7Seg_CPU_cpu:cpu|BCDto7Seg_CPU_cpu_nios2_oci:the_BCDto7Seg_CPU_cpu_nios2_oci|BCDto7Seg_CPU_cpu_debug_slave_wrapper:the_BCDto7Seg_CPU_cpu_debug_slave_wrapper|BCDto7Seg_CPU_cpu_debug_slave_tck:the_BCDto7Seg_CPU_cpu_debug_slave_tck|sr[27]                                    ; altera_reserved_tck ; altera_reserved_tck ; 100.000      ; -0.042     ; 2.479      ;
; 97.486 ; sld_hub:auto_hub|alt_sld_fab_with_jtag_input:\instrumentation_fabric_with_node_gen:fabric_gen_new_way:with_jtag_input_gen:instrumentation_fabric|alt_sld_fab:instrumentation_fabric|alt_sld_fab_alt_sld_fab:alt_sld_fab|alt_sld_fab_alt_sld_fab_sldfabric:sldfabric|sld_jtag_hub:\jtag_hub_gen:real_sld_jtag_hub|virtual_ir_scan_reg                ; BCDto7Seg:inst|BCDto7Seg_CPU:cpu|BCDto7Seg_CPU_cpu:cpu|BCDto7Seg_CPU_cpu_nios2_oci:the_BCDto7Seg_CPU_cpu_nios2_oci|BCDto7Seg_CPU_cpu_debug_slave_wrapper:the_BCDto7Seg_CPU_cpu_debug_slave_wrapper|BCDto7Seg_CPU_cpu_debug_slave_tck:the_BCDto7Seg_CPU_cpu_debug_slave_tck|sr[30]                                    ; altera_reserved_tck ; altera_reserved_tck ; 100.000      ; -0.042     ; 2.479      ;
; 97.486 ; sld_hub:auto_hub|alt_sld_fab_with_jtag_input:\instrumentation_fabric_with_node_gen:fabric_gen_new_way:with_jtag_input_gen:instrumentation_fabric|alt_sld_fab:instrumentation_fabric|alt_sld_fab_alt_sld_fab:alt_sld_fab|alt_sld_fab_alt_sld_fab_sldfabric:sldfabric|sld_jtag_hub:\jtag_hub_gen:real_sld_jtag_hub|virtual_ir_scan_reg                ; BCDto7Seg:inst|BCDto7Seg_CPU:cpu|BCDto7Seg_CPU_cpu:cpu|BCDto7Seg_CPU_cpu_nios2_oci:the_BCDto7Seg_CPU_cpu_nios2_oci|BCDto7Seg_CPU_cpu_debug_slave_wrapper:the_BCDto7Seg_CPU_cpu_debug_slave_wrapper|BCDto7Seg_CPU_cpu_debug_slave_tck:the_BCDto7Seg_CPU_cpu_debug_slave_tck|sr[32]                                    ; altera_reserved_tck ; altera_reserved_tck ; 100.000      ; -0.042     ; 2.479      ;
; 97.543 ; sld_hub:auto_hub|alt_sld_fab_with_jtag_input:\instrumentation_fabric_with_node_gen:fabric_gen_new_way:with_jtag_input_gen:instrumentation_fabric|alt_sld_fab:instrumentation_fabric|alt_sld_fab_alt_sld_fab:alt_sld_fab|alt_sld_fab_alt_sld_fab_sldfabric:sldfabric|sld_jtag_hub:\jtag_hub_gen:real_sld_jtag_hub|sld_shadow_jsm:shadow_jsm|state[4] ; BCDto7Seg:inst|BCDto7Seg_CPU:cpu|BCDto7Seg_CPU_cpu:cpu|BCDto7Seg_CPU_cpu_nios2_oci:the_BCDto7Seg_CPU_cpu_nios2_oci|BCDto7Seg_CPU_cpu_debug_slave_wrapper:the_BCDto7Seg_CPU_cpu_debug_slave_wrapper|BCDto7Seg_CPU_cpu_debug_slave_tck:the_BCDto7Seg_CPU_cpu_debug_slave_tck|sr[29]                                    ; altera_reserved_tck ; altera_reserved_tck ; 100.000      ; -0.041     ; 2.423      ;
; 97.548 ; sld_hub:auto_hub|alt_sld_fab_with_jtag_input:\instrumentation_fabric_with_node_gen:fabric_gen_new_way:with_jtag_input_gen:instrumentation_fabric|alt_sld_fab:instrumentation_fabric|alt_sld_fab_alt_sld_fab:alt_sld_fab|alt_sld_fab_alt_sld_fab_sldfabric:sldfabric|sld_jtag_hub:\jtag_hub_gen:real_sld_jtag_hub|sld_shadow_jsm:shadow_jsm|state[4] ; BCDto7Seg:inst|BCDto7Seg_CPU:cpu|BCDto7Seg_CPU_cpu:cpu|BCDto7Seg_CPU_cpu_nios2_oci:the_BCDto7Seg_CPU_cpu_nios2_oci|BCDto7Seg_CPU_cpu_debug_slave_wrapper:the_BCDto7Seg_CPU_cpu_debug_slave_wrapper|BCDto7Seg_CPU_cpu_debug_slave_tck:the_BCDto7Seg_CPU_cpu_debug_slave_tck|sr[19]                                    ; altera_reserved_tck ; altera_reserved_tck ; 100.000      ; -0.041     ; 2.418      ;
; 97.549 ; sld_hub:auto_hub|alt_sld_fab_with_jtag_input:\instrumentation_fabric_with_node_gen:fabric_gen_new_way:with_jtag_input_gen:instrumentation_fabric|alt_sld_fab:instrumentation_fabric|alt_sld_fab_alt_sld_fab:alt_sld_fab|alt_sld_fab_alt_sld_fab_sldfabric:sldfabric|sld_jtag_hub:\jtag_hub_gen:real_sld_jtag_hub|sld_shadow_jsm:shadow_jsm|state[4] ; BCDto7Seg:inst|BCDto7Seg_CPU:cpu|BCDto7Seg_CPU_cpu:cpu|BCDto7Seg_CPU_cpu_nios2_oci:the_BCDto7Seg_CPU_cpu_nios2_oci|BCDto7Seg_CPU_cpu_debug_slave_wrapper:the_BCDto7Seg_CPU_cpu_debug_slave_wrapper|BCDto7Seg_CPU_cpu_debug_slave_tck:the_BCDto7Seg_CPU_cpu_debug_slave_tck|sr[20]                                    ; altera_reserved_tck ; altera_reserved_tck ; 100.000      ; -0.041     ; 2.417      ;
; 97.558 ; sld_hub:auto_hub|alt_sld_fab_with_jtag_input:\instrumentation_fabric_with_node_gen:fabric_gen_new_way:with_jtag_input_gen:instrumentation_fabric|alt_sld_fab:instrumentation_fabric|alt_sld_fab_alt_sld_fab:alt_sld_fab|alt_sld_fab_alt_sld_fab_sldfabric:sldfabric|sld_jtag_hub:\jtag_hub_gen:real_sld_jtag_hub|sld_shadow_jsm:shadow_jsm|state[4] ; BCDto7Seg:inst|BCDto7Seg_CPU:cpu|BCDto7Seg_CPU_cpu:cpu|BCDto7Seg_CPU_cpu_nios2_oci:the_BCDto7Seg_CPU_cpu_nios2_oci|BCDto7Seg_CPU_cpu_debug_slave_wrapper:the_BCDto7Seg_CPU_cpu_debug_slave_wrapper|BCDto7Seg_CPU_cpu_debug_slave_tck:the_BCDto7Seg_CPU_cpu_debug_slave_tck|sr[16]                                    ; altera_reserved_tck ; altera_reserved_tck ; 100.000      ; -0.041     ; 2.408      ;
; 97.560 ; sld_hub:auto_hub|alt_sld_fab_with_jtag_input:\instrumentation_fabric_with_node_gen:fabric_gen_new_way:with_jtag_input_gen:instrumentation_fabric|alt_sld_fab:instrumentation_fabric|alt_sld_fab_alt_sld_fab:alt_sld_fab|alt_sld_fab_alt_sld_fab_sldfabric:sldfabric|sld_jtag_hub:\jtag_hub_gen:real_sld_jtag_hub|irf_reg[1][1]                      ; BCDto7Seg:inst|BCDto7Seg_CPU:cpu|BCDto7Seg_CPU_cpu:cpu|BCDto7Seg_CPU_cpu_nios2_oci:the_BCDto7Seg_CPU_cpu_nios2_oci|BCDto7Seg_CPU_cpu_debug_slave_wrapper:the_BCDto7Seg_CPU_cpu_debug_slave_wrapper|BCDto7Seg_CPU_cpu_debug_slave_tck:the_BCDto7Seg_CPU_cpu_debug_slave_tck|sr[34]                                    ; altera_reserved_tck ; altera_reserved_tck ; 100.000      ; -0.040     ; 2.407      ;
; 97.560 ; sld_hub:auto_hub|alt_sld_fab_with_jtag_input:\instrumentation_fabric_with_node_gen:fabric_gen_new_way:with_jtag_input_gen:instrumentation_fabric|alt_sld_fab:instrumentation_fabric|alt_sld_fab_alt_sld_fab:alt_sld_fab|alt_sld_fab_alt_sld_fab_sldfabric:sldfabric|sld_jtag_hub:\jtag_hub_gen:real_sld_jtag_hub|irf_reg[1][1]                      ; BCDto7Seg:inst|BCDto7Seg_CPU:cpu|BCDto7Seg_CPU_cpu:cpu|BCDto7Seg_CPU_cpu_nios2_oci:the_BCDto7Seg_CPU_cpu_nios2_oci|BCDto7Seg_CPU_cpu_debug_slave_wrapper:the_BCDto7Seg_CPU_cpu_debug_slave_wrapper|BCDto7Seg_CPU_cpu_debug_slave_tck:the_BCDto7Seg_CPU_cpu_debug_slave_tck|sr[33]                                    ; altera_reserved_tck ; altera_reserved_tck ; 100.000      ; -0.040     ; 2.407      ;
; 97.569 ; sld_hub:auto_hub|alt_sld_fab_with_jtag_input:\instrumentation_fabric_with_node_gen:fabric_gen_new_way:with_jtag_input_gen:instrumentation_fabric|alt_sld_fab:instrumentation_fabric|alt_sld_fab_alt_sld_fab:alt_sld_fab|alt_sld_fab_alt_sld_fab_sldfabric:sldfabric|sld_jtag_hub:\jtag_hub_gen:real_sld_jtag_hub|sld_shadow_jsm:shadow_jsm|state[4] ; BCDto7Seg:inst|BCDto7Seg_CPU:cpu|BCDto7Seg_CPU_cpu:cpu|BCDto7Seg_CPU_cpu_nios2_oci:the_BCDto7Seg_CPU_cpu_nios2_oci|BCDto7Seg_CPU_cpu_debug_slave_wrapper:the_BCDto7Seg_CPU_cpu_debug_slave_wrapper|BCDto7Seg_CPU_cpu_debug_slave_tck:the_BCDto7Seg_CPU_cpu_debug_slave_tck|sr[24]                                    ; altera_reserved_tck ; altera_reserved_tck ; 100.000      ; -0.041     ; 2.397      ;
; 97.571 ; sld_hub:auto_hub|alt_sld_fab_with_jtag_input:\instrumentation_fabric_with_node_gen:fabric_gen_new_way:with_jtag_input_gen:instrumentation_fabric|alt_sld_fab:instrumentation_fabric|alt_sld_fab_alt_sld_fab:alt_sld_fab|alt_sld_fab_alt_sld_fab_sldfabric:sldfabric|sld_jtag_hub:\jtag_hub_gen:real_sld_jtag_hub|sld_shadow_jsm:shadow_jsm|state[4] ; BCDto7Seg:inst|BCDto7Seg_CPU:cpu|BCDto7Seg_CPU_cpu:cpu|BCDto7Seg_CPU_cpu_nios2_oci:the_BCDto7Seg_CPU_cpu_nios2_oci|BCDto7Seg_CPU_cpu_debug_slave_wrapper:the_BCDto7Seg_CPU_cpu_debug_slave_wrapper|BCDto7Seg_CPU_cpu_debug_slave_tck:the_BCDto7Seg_CPU_cpu_debug_slave_tck|sr[23]                                    ; altera_reserved_tck ; altera_reserved_tck ; 100.000      ; -0.041     ; 2.395      ;
; 97.578 ; sld_hub:auto_hub|alt_sld_fab_with_jtag_input:\instrumentation_fabric_with_node_gen:fabric_gen_new_way:with_jtag_input_gen:instrumentation_fabric|alt_sld_fab:instrumentation_fabric|alt_sld_fab_alt_sld_fab:alt_sld_fab|alt_sld_fab_alt_sld_fab_sldfabric:sldfabric|sld_jtag_hub:\jtag_hub_gen:real_sld_jtag_hub|sld_shadow_jsm:shadow_jsm|state[4] ; BCDto7Seg:inst|BCDto7Seg_CPU:cpu|BCDto7Seg_CPU_cpu:cpu|BCDto7Seg_CPU_cpu_nios2_oci:the_BCDto7Seg_CPU_cpu_nios2_oci|BCDto7Seg_CPU_cpu_debug_slave_wrapper:the_BCDto7Seg_CPU_cpu_debug_slave_wrapper|BCDto7Seg_CPU_cpu_debug_slave_tck:the_BCDto7Seg_CPU_cpu_debug_slave_tck|sr[26]                                    ; altera_reserved_tck ; altera_reserved_tck ; 100.000      ; -0.041     ; 2.388      ;
; 97.590 ; sld_hub:auto_hub|alt_sld_fab_with_jtag_input:\instrumentation_fabric_with_node_gen:fabric_gen_new_way:with_jtag_input_gen:instrumentation_fabric|alt_sld_fab:instrumentation_fabric|alt_sld_fab_alt_sld_fab:alt_sld_fab|alt_sld_fab_alt_sld_fab_sldfabric:sldfabric|sld_jtag_hub:\jtag_hub_gen:real_sld_jtag_hub|sld_shadow_jsm:shadow_jsm|state[4] ; BCDto7Seg:inst|BCDto7Seg_CPU:cpu|BCDto7Seg_CPU_cpu:cpu|BCDto7Seg_CPU_cpu_nios2_oci:the_BCDto7Seg_CPU_cpu_nios2_oci|BCDto7Seg_CPU_cpu_debug_slave_wrapper:the_BCDto7Seg_CPU_cpu_debug_slave_wrapper|BCDto7Seg_CPU_cpu_debug_slave_tck:the_BCDto7Seg_CPU_cpu_debug_slave_tck|sr[28]                                    ; altera_reserved_tck ; altera_reserved_tck ; 100.000      ; -0.041     ; 2.376      ;
; 97.593 ; sld_hub:auto_hub|alt_sld_fab_with_jtag_input:\instrumentation_fabric_with_node_gen:fabric_gen_new_way:with_jtag_input_gen:instrumentation_fabric|alt_sld_fab:instrumentation_fabric|alt_sld_fab_alt_sld_fab:alt_sld_fab|alt_sld_fab_alt_sld_fab_sldfabric:sldfabric|sld_jtag_hub:\jtag_hub_gen:real_sld_jtag_hub|sld_shadow_jsm:shadow_jsm|state[4] ; BCDto7Seg:inst|BCDto7Seg_CPU:cpu|BCDto7Seg_CPU_cpu:cpu|BCDto7Seg_CPU_cpu_nios2_oci:the_BCDto7Seg_CPU_cpu_nios2_oci|BCDto7Seg_CPU_cpu_debug_slave_wrapper:the_BCDto7Seg_CPU_cpu_debug_slave_wrapper|BCDto7Seg_CPU_cpu_debug_slave_tck:the_BCDto7Seg_CPU_cpu_debug_slave_tck|sr[22]                                    ; altera_reserved_tck ; altera_reserved_tck ; 100.000      ; -0.041     ; 2.373      ;
; 97.618 ; sld_hub:auto_hub|alt_sld_fab_with_jtag_input:\instrumentation_fabric_with_node_gen:fabric_gen_new_way:with_jtag_input_gen:instrumentation_fabric|alt_sld_fab:instrumentation_fabric|alt_sld_fab_alt_sld_fab:alt_sld_fab|alt_sld_fab_alt_sld_fab_sldfabric:sldfabric|sld_jtag_hub:\jtag_hub_gen:real_sld_jtag_hub|sld_shadow_jsm:shadow_jsm|state[4] ; BCDto7Seg:inst|BCDto7Seg_CPU:cpu|BCDto7Seg_CPU_cpu:cpu|BCDto7Seg_CPU_cpu_nios2_oci:the_BCDto7Seg_CPU_cpu_nios2_oci|BCDto7Seg_CPU_cpu_debug_slave_wrapper:the_BCDto7Seg_CPU_cpu_debug_slave_wrapper|BCDto7Seg_CPU_cpu_debug_slave_tck:the_BCDto7Seg_CPU_cpu_debug_slave_tck|sr[21]                                    ; altera_reserved_tck ; altera_reserved_tck ; 100.000      ; -0.041     ; 2.348      ;
; 97.661 ; sld_hub:auto_hub|alt_sld_fab_with_jtag_input:\instrumentation_fabric_with_node_gen:fabric_gen_new_way:with_jtag_input_gen:instrumentation_fabric|alt_sld_fab:instrumentation_fabric|alt_sld_fab_alt_sld_fab:alt_sld_fab|alt_sld_fab_alt_sld_fab_sldfabric:sldfabric|sld_jtag_hub:\jtag_hub_gen:real_sld_jtag_hub|sld_shadow_jsm:shadow_jsm|state[4] ; BCDto7Seg:inst|BCDto7Seg_CPU:cpu|BCDto7Seg_CPU_cpu:cpu|BCDto7Seg_CPU_cpu_nios2_oci:the_BCDto7Seg_CPU_cpu_nios2_oci|BCDto7Seg_CPU_cpu_debug_slave_wrapper:the_BCDto7Seg_CPU_cpu_debug_slave_wrapper|BCDto7Seg_CPU_cpu_debug_slave_tck:the_BCDto7Seg_CPU_cpu_debug_slave_tck|sr[25]                                    ; altera_reserved_tck ; altera_reserved_tck ; 100.000      ; -0.041     ; 2.305      ;
; 97.661 ; sld_hub:auto_hub|alt_sld_fab_with_jtag_input:\instrumentation_fabric_with_node_gen:fabric_gen_new_way:with_jtag_input_gen:instrumentation_fabric|alt_sld_fab:instrumentation_fabric|alt_sld_fab_alt_sld_fab:alt_sld_fab|alt_sld_fab_alt_sld_fab_sldfabric:sldfabric|sld_jtag_hub:\jtag_hub_gen:real_sld_jtag_hub|sld_shadow_jsm:shadow_jsm|state[4] ; BCDto7Seg:inst|BCDto7Seg_CPU:cpu|BCDto7Seg_CPU_cpu:cpu|BCDto7Seg_CPU_cpu_nios2_oci:the_BCDto7Seg_CPU_cpu_nios2_oci|BCDto7Seg_CPU_cpu_debug_slave_wrapper:the_BCDto7Seg_CPU_cpu_debug_slave_wrapper|BCDto7Seg_CPU_cpu_debug_slave_tck:the_BCDto7Seg_CPU_cpu_debug_slave_tck|sr[17]                                    ; altera_reserved_tck ; altera_reserved_tck ; 100.000      ; -0.041     ; 2.305      ;
; 97.661 ; sld_hub:auto_hub|alt_sld_fab_with_jtag_input:\instrumentation_fabric_with_node_gen:fabric_gen_new_way:with_jtag_input_gen:instrumentation_fabric|alt_sld_fab:instrumentation_fabric|alt_sld_fab_alt_sld_fab:alt_sld_fab|alt_sld_fab_alt_sld_fab_sldfabric:sldfabric|sld_jtag_hub:\jtag_hub_gen:real_sld_jtag_hub|sld_shadow_jsm:shadow_jsm|state[4] ; BCDto7Seg:inst|BCDto7Seg_CPU:cpu|BCDto7Seg_CPU_cpu:cpu|BCDto7Seg_CPU_cpu_nios2_oci:the_BCDto7Seg_CPU_cpu_nios2_oci|BCDto7Seg_CPU_cpu_debug_slave_wrapper:the_BCDto7Seg_CPU_cpu_debug_slave_wrapper|BCDto7Seg_CPU_cpu_debug_slave_tck:the_BCDto7Seg_CPU_cpu_debug_slave_tck|sr[18]                                    ; altera_reserved_tck ; altera_reserved_tck ; 100.000      ; -0.041     ; 2.305      ;
; 97.661 ; sld_hub:auto_hub|alt_sld_fab_with_jtag_input:\instrumentation_fabric_with_node_gen:fabric_gen_new_way:with_jtag_input_gen:instrumentation_fabric|alt_sld_fab:instrumentation_fabric|alt_sld_fab_alt_sld_fab:alt_sld_fab|alt_sld_fab_alt_sld_fab_sldfabric:sldfabric|sld_jtag_hub:\jtag_hub_gen:real_sld_jtag_hub|sld_shadow_jsm:shadow_jsm|state[4] ; BCDto7Seg:inst|BCDto7Seg_CPU:cpu|BCDto7Seg_CPU_cpu:cpu|BCDto7Seg_CPU_cpu_nios2_oci:the_BCDto7Seg_CPU_cpu_nios2_oci|BCDto7Seg_CPU_cpu_debug_slave_wrapper:the_BCDto7Seg_CPU_cpu_debug_slave_wrapper|BCDto7Seg_CPU_cpu_debug_slave_tck:the_BCDto7Seg_CPU_cpu_debug_slave_tck|sr[27]                                    ; altera_reserved_tck ; altera_reserved_tck ; 100.000      ; -0.041     ; 2.305      ;
; 97.661 ; sld_hub:auto_hub|alt_sld_fab_with_jtag_input:\instrumentation_fabric_with_node_gen:fabric_gen_new_way:with_jtag_input_gen:instrumentation_fabric|alt_sld_fab:instrumentation_fabric|alt_sld_fab_alt_sld_fab:alt_sld_fab|alt_sld_fab_alt_sld_fab_sldfabric:sldfabric|sld_jtag_hub:\jtag_hub_gen:real_sld_jtag_hub|sld_shadow_jsm:shadow_jsm|state[4] ; BCDto7Seg:inst|BCDto7Seg_CPU:cpu|BCDto7Seg_CPU_cpu:cpu|BCDto7Seg_CPU_cpu_nios2_oci:the_BCDto7Seg_CPU_cpu_nios2_oci|BCDto7Seg_CPU_cpu_debug_slave_wrapper:the_BCDto7Seg_CPU_cpu_debug_slave_wrapper|BCDto7Seg_CPU_cpu_debug_slave_tck:the_BCDto7Seg_CPU_cpu_debug_slave_tck|sr[30]                                    ; altera_reserved_tck ; altera_reserved_tck ; 100.000      ; -0.041     ; 2.305      ;
; 97.661 ; sld_hub:auto_hub|alt_sld_fab_with_jtag_input:\instrumentation_fabric_with_node_gen:fabric_gen_new_way:with_jtag_input_gen:instrumentation_fabric|alt_sld_fab:instrumentation_fabric|alt_sld_fab_alt_sld_fab:alt_sld_fab|alt_sld_fab_alt_sld_fab_sldfabric:sldfabric|sld_jtag_hub:\jtag_hub_gen:real_sld_jtag_hub|sld_shadow_jsm:shadow_jsm|state[4] ; BCDto7Seg:inst|BCDto7Seg_CPU:cpu|BCDto7Seg_CPU_cpu:cpu|BCDto7Seg_CPU_cpu_nios2_oci:the_BCDto7Seg_CPU_cpu_nios2_oci|BCDto7Seg_CPU_cpu_debug_slave_wrapper:the_BCDto7Seg_CPU_cpu_debug_slave_wrapper|BCDto7Seg_CPU_cpu_debug_slave_tck:the_BCDto7Seg_CPU_cpu_debug_slave_tck|sr[32]                                    ; altera_reserved_tck ; altera_reserved_tck ; 100.000      ; -0.041     ; 2.305      ;
; 97.668 ; sld_hub:auto_hub|alt_sld_fab_with_jtag_input:\instrumentation_fabric_with_node_gen:fabric_gen_new_way:with_jtag_input_gen:instrumentation_fabric|alt_sld_fab:instrumentation_fabric|alt_sld_fab_alt_sld_fab:alt_sld_fab|alt_sld_fab_alt_sld_fab_sldfabric:sldfabric|sld_jtag_hub:\jtag_hub_gen:real_sld_jtag_hub|irf_reg[1][1]                      ; BCDto7Seg:inst|BCDto7Seg_CPU:cpu|BCDto7Seg_CPU_cpu:cpu|BCDto7Seg_CPU_cpu_nios2_oci:the_BCDto7Seg_CPU_cpu_nios2_oci|BCDto7Seg_CPU_cpu_debug_slave_wrapper:the_BCDto7Seg_CPU_cpu_debug_slave_wrapper|BCDto7Seg_CPU_cpu_debug_slave_tck:the_BCDto7Seg_CPU_cpu_debug_slave_tck|sr[16]                                    ; altera_reserved_tck ; altera_reserved_tck ; 100.000      ; -0.040     ; 2.299      ;
; 97.689 ; sld_hub:auto_hub|alt_sld_fab_with_jtag_input:\instrumentation_fabric_with_node_gen:fabric_gen_new_way:with_jtag_input_gen:instrumentation_fabric|alt_sld_fab:instrumentation_fabric|alt_sld_fab_alt_sld_fab:alt_sld_fab|alt_sld_fab_alt_sld_fab_sldfabric:sldfabric|sld_jtag_hub:\jtag_hub_gen:real_sld_jtag_hub|sld_shadow_jsm:shadow_jsm|state[3] ; BCDto7Seg:inst|BCDto7Seg_CPU:cpu|BCDto7Seg_CPU_cpu:cpu|BCDto7Seg_CPU_cpu_nios2_oci:the_BCDto7Seg_CPU_cpu_nios2_oci|BCDto7Seg_CPU_cpu_debug_slave_wrapper:the_BCDto7Seg_CPU_cpu_debug_slave_wrapper|BCDto7Seg_CPU_cpu_debug_slave_tck:the_BCDto7Seg_CPU_cpu_debug_slave_tck|sr[34]                                    ; altera_reserved_tck ; altera_reserved_tck ; 100.000      ; -0.041     ; 2.277      ;
; 97.689 ; sld_hub:auto_hub|alt_sld_fab_with_jtag_input:\instrumentation_fabric_with_node_gen:fabric_gen_new_way:with_jtag_input_gen:instrumentation_fabric|alt_sld_fab:instrumentation_fabric|alt_sld_fab_alt_sld_fab:alt_sld_fab|alt_sld_fab_alt_sld_fab_sldfabric:sldfabric|sld_jtag_hub:\jtag_hub_gen:real_sld_jtag_hub|sld_shadow_jsm:shadow_jsm|state[3] ; BCDto7Seg:inst|BCDto7Seg_CPU:cpu|BCDto7Seg_CPU_cpu:cpu|BCDto7Seg_CPU_cpu_nios2_oci:the_BCDto7Seg_CPU_cpu_nios2_oci|BCDto7Seg_CPU_cpu_debug_slave_wrapper:the_BCDto7Seg_CPU_cpu_debug_slave_wrapper|BCDto7Seg_CPU_cpu_debug_slave_tck:the_BCDto7Seg_CPU_cpu_debug_slave_tck|sr[33]                                    ; altera_reserved_tck ; altera_reserved_tck ; 100.000      ; -0.041     ; 2.277      ;
; 97.697 ; sld_hub:auto_hub|alt_sld_fab_with_jtag_input:\instrumentation_fabric_with_node_gen:fabric_gen_new_way:with_jtag_input_gen:instrumentation_fabric|alt_sld_fab:instrumentation_fabric|alt_sld_fab_alt_sld_fab:alt_sld_fab|alt_sld_fab_alt_sld_fab_sldfabric:sldfabric|sld_jtag_hub:\jtag_hub_gen:real_sld_jtag_hub|irf_reg[1][1]                      ; BCDto7Seg:inst|BCDto7Seg_CPU:cpu|BCDto7Seg_CPU_cpu:cpu|BCDto7Seg_CPU_cpu_nios2_oci:the_BCDto7Seg_CPU_cpu_nios2_oci|BCDto7Seg_CPU_cpu_debug_slave_wrapper:the_BCDto7Seg_CPU_cpu_debug_slave_wrapper|BCDto7Seg_CPU_cpu_debug_slave_tck:the_BCDto7Seg_CPU_cpu_debug_slave_tck|sr[35]                                    ; altera_reserved_tck ; altera_reserved_tck ; 100.000      ; -0.036     ; 2.274      ;
; 97.708 ; sld_hub:auto_hub|alt_sld_fab_with_jtag_input:\instrumentation_fabric_with_node_gen:fabric_gen_new_way:with_jtag_input_gen:instrumentation_fabric|alt_sld_fab:instrumentation_fabric|alt_sld_fab_alt_sld_fab:alt_sld_fab|alt_sld_fab_alt_sld_fab_sldfabric:sldfabric|sld_jtag_hub:\jtag_hub_gen:real_sld_jtag_hub|irf_reg[1][1]                      ; BCDto7Seg:inst|BCDto7Seg_CPU:cpu|BCDto7Seg_CPU_cpu:cpu|BCDto7Seg_CPU_cpu_nios2_oci:the_BCDto7Seg_CPU_cpu_nios2_oci|BCDto7Seg_CPU_cpu_debug_slave_wrapper:the_BCDto7Seg_CPU_cpu_debug_slave_wrapper|BCDto7Seg_CPU_cpu_debug_slave_tck:the_BCDto7Seg_CPU_cpu_debug_slave_tck|sr[0]                                     ; altera_reserved_tck ; altera_reserved_tck ; 100.000      ; -0.036     ; 2.263      ;
; 97.719 ; sld_hub:auto_hub|alt_sld_fab_with_jtag_input:\instrumentation_fabric_with_node_gen:fabric_gen_new_way:with_jtag_input_gen:instrumentation_fabric|alt_sld_fab:instrumentation_fabric|alt_sld_fab_alt_sld_fab:alt_sld_fab|alt_sld_fab_alt_sld_fab_sldfabric:sldfabric|sld_jtag_hub:\jtag_hub_gen:real_sld_jtag_hub|irf_reg[1][1]                      ; BCDto7Seg:inst|BCDto7Seg_CPU:cpu|BCDto7Seg_CPU_cpu:cpu|BCDto7Seg_CPU_cpu_nios2_oci:the_BCDto7Seg_CPU_cpu_nios2_oci|BCDto7Seg_CPU_cpu_debug_slave_wrapper:the_BCDto7Seg_CPU_cpu_debug_slave_wrapper|BCDto7Seg_CPU_cpu_debug_slave_tck:the_BCDto7Seg_CPU_cpu_debug_slave_tck|sr[26]                                    ; altera_reserved_tck ; altera_reserved_tck ; 100.000      ; -0.040     ; 2.248      ;
; 97.719 ; sld_hub:auto_hub|alt_sld_fab_with_jtag_input:\instrumentation_fabric_with_node_gen:fabric_gen_new_way:with_jtag_input_gen:instrumentation_fabric|alt_sld_fab:instrumentation_fabric|alt_sld_fab_alt_sld_fab:alt_sld_fab|alt_sld_fab_alt_sld_fab_sldfabric:sldfabric|sld_jtag_hub:\jtag_hub_gen:real_sld_jtag_hub|irf_reg[1][1]                      ; BCDto7Seg:inst|BCDto7Seg_CPU:cpu|BCDto7Seg_CPU_cpu:cpu|BCDto7Seg_CPU_cpu_nios2_oci:the_BCDto7Seg_CPU_cpu_nios2_oci|BCDto7Seg_CPU_cpu_debug_slave_wrapper:the_BCDto7Seg_CPU_cpu_debug_slave_wrapper|BCDto7Seg_CPU_cpu_debug_slave_tck:the_BCDto7Seg_CPU_cpu_debug_slave_tck|sr[25]                                    ; altera_reserved_tck ; altera_reserved_tck ; 100.000      ; -0.040     ; 2.248      ;
; 97.719 ; sld_hub:auto_hub|alt_sld_fab_with_jtag_input:\instrumentation_fabric_with_node_gen:fabric_gen_new_way:with_jtag_input_gen:instrumentation_fabric|alt_sld_fab:instrumentation_fabric|alt_sld_fab_alt_sld_fab:alt_sld_fab|alt_sld_fab_alt_sld_fab_sldfabric:sldfabric|sld_jtag_hub:\jtag_hub_gen:real_sld_jtag_hub|irf_reg[1][1]                      ; BCDto7Seg:inst|BCDto7Seg_CPU:cpu|BCDto7Seg_CPU_cpu:cpu|BCDto7Seg_CPU_cpu_nios2_oci:the_BCDto7Seg_CPU_cpu_nios2_oci|BCDto7Seg_CPU_cpu_debug_slave_wrapper:the_BCDto7Seg_CPU_cpu_debug_slave_wrapper|BCDto7Seg_CPU_cpu_debug_slave_tck:the_BCDto7Seg_CPU_cpu_debug_slave_tck|sr[24]                                    ; altera_reserved_tck ; altera_reserved_tck ; 100.000      ; -0.040     ; 2.248      ;
; 97.719 ; sld_hub:auto_hub|alt_sld_fab_with_jtag_input:\instrumentation_fabric_with_node_gen:fabric_gen_new_way:with_jtag_input_gen:instrumentation_fabric|alt_sld_fab:instrumentation_fabric|alt_sld_fab_alt_sld_fab:alt_sld_fab|alt_sld_fab_alt_sld_fab_sldfabric:sldfabric|sld_jtag_hub:\jtag_hub_gen:real_sld_jtag_hub|irf_reg[1][1]                      ; BCDto7Seg:inst|BCDto7Seg_CPU:cpu|BCDto7Seg_CPU_cpu:cpu|BCDto7Seg_CPU_cpu_nios2_oci:the_BCDto7Seg_CPU_cpu_nios2_oci|BCDto7Seg_CPU_cpu_debug_slave_wrapper:the_BCDto7Seg_CPU_cpu_debug_slave_wrapper|BCDto7Seg_CPU_cpu_debug_slave_tck:the_BCDto7Seg_CPU_cpu_debug_slave_tck|sr[23]                                    ; altera_reserved_tck ; altera_reserved_tck ; 100.000      ; -0.040     ; 2.248      ;
; 97.719 ; sld_hub:auto_hub|alt_sld_fab_with_jtag_input:\instrumentation_fabric_with_node_gen:fabric_gen_new_way:with_jtag_input_gen:instrumentation_fabric|alt_sld_fab:instrumentation_fabric|alt_sld_fab_alt_sld_fab:alt_sld_fab|alt_sld_fab_alt_sld_fab_sldfabric:sldfabric|sld_jtag_hub:\jtag_hub_gen:real_sld_jtag_hub|irf_reg[1][1]                      ; BCDto7Seg:inst|BCDto7Seg_CPU:cpu|BCDto7Seg_CPU_cpu:cpu|BCDto7Seg_CPU_cpu_nios2_oci:the_BCDto7Seg_CPU_cpu_nios2_oci|BCDto7Seg_CPU_cpu_debug_slave_wrapper:the_BCDto7Seg_CPU_cpu_debug_slave_wrapper|BCDto7Seg_CPU_cpu_debug_slave_tck:the_BCDto7Seg_CPU_cpu_debug_slave_tck|sr[22]                                    ; altera_reserved_tck ; altera_reserved_tck ; 100.000      ; -0.040     ; 2.248      ;
; 97.719 ; sld_hub:auto_hub|alt_sld_fab_with_jtag_input:\instrumentation_fabric_with_node_gen:fabric_gen_new_way:with_jtag_input_gen:instrumentation_fabric|alt_sld_fab:instrumentation_fabric|alt_sld_fab_alt_sld_fab:alt_sld_fab|alt_sld_fab_alt_sld_fab_sldfabric:sldfabric|sld_jtag_hub:\jtag_hub_gen:real_sld_jtag_hub|irf_reg[1][1]                      ; BCDto7Seg:inst|BCDto7Seg_CPU:cpu|BCDto7Seg_CPU_cpu:cpu|BCDto7Seg_CPU_cpu_nios2_oci:the_BCDto7Seg_CPU_cpu_nios2_oci|BCDto7Seg_CPU_cpu_debug_slave_wrapper:the_BCDto7Seg_CPU_cpu_debug_slave_wrapper|BCDto7Seg_CPU_cpu_debug_slave_tck:the_BCDto7Seg_CPU_cpu_debug_slave_tck|sr[17]                                    ; altera_reserved_tck ; altera_reserved_tck ; 100.000      ; -0.040     ; 2.248      ;
; 97.719 ; sld_hub:auto_hub|alt_sld_fab_with_jtag_input:\instrumentation_fabric_with_node_gen:fabric_gen_new_way:with_jtag_input_gen:instrumentation_fabric|alt_sld_fab:instrumentation_fabric|alt_sld_fab_alt_sld_fab:alt_sld_fab|alt_sld_fab_alt_sld_fab_sldfabric:sldfabric|sld_jtag_hub:\jtag_hub_gen:real_sld_jtag_hub|irf_reg[1][1]                      ; BCDto7Seg:inst|BCDto7Seg_CPU:cpu|BCDto7Seg_CPU_cpu:cpu|BCDto7Seg_CPU_cpu_nios2_oci:the_BCDto7Seg_CPU_cpu_nios2_oci|BCDto7Seg_CPU_cpu_debug_slave_wrapper:the_BCDto7Seg_CPU_cpu_debug_slave_wrapper|BCDto7Seg_CPU_cpu_debug_slave_tck:the_BCDto7Seg_CPU_cpu_debug_slave_tck|sr[18]                                    ; altera_reserved_tck ; altera_reserved_tck ; 100.000      ; -0.040     ; 2.248      ;
; 97.719 ; sld_hub:auto_hub|alt_sld_fab_with_jtag_input:\instrumentation_fabric_with_node_gen:fabric_gen_new_way:with_jtag_input_gen:instrumentation_fabric|alt_sld_fab:instrumentation_fabric|alt_sld_fab_alt_sld_fab:alt_sld_fab|alt_sld_fab_alt_sld_fab_sldfabric:sldfabric|sld_jtag_hub:\jtag_hub_gen:real_sld_jtag_hub|irf_reg[1][1]                      ; BCDto7Seg:inst|BCDto7Seg_CPU:cpu|BCDto7Seg_CPU_cpu:cpu|BCDto7Seg_CPU_cpu_nios2_oci:the_BCDto7Seg_CPU_cpu_nios2_oci|BCDto7Seg_CPU_cpu_debug_slave_wrapper:the_BCDto7Seg_CPU_cpu_debug_slave_wrapper|BCDto7Seg_CPU_cpu_debug_slave_tck:the_BCDto7Seg_CPU_cpu_debug_slave_tck|sr[20]                                    ; altera_reserved_tck ; altera_reserved_tck ; 100.000      ; -0.040     ; 2.248      ;
; 97.719 ; sld_hub:auto_hub|alt_sld_fab_with_jtag_input:\instrumentation_fabric_with_node_gen:fabric_gen_new_way:with_jtag_input_gen:instrumentation_fabric|alt_sld_fab:instrumentation_fabric|alt_sld_fab_alt_sld_fab:alt_sld_fab|alt_sld_fab_alt_sld_fab_sldfabric:sldfabric|sld_jtag_hub:\jtag_hub_gen:real_sld_jtag_hub|irf_reg[1][1]                      ; BCDto7Seg:inst|BCDto7Seg_CPU:cpu|BCDto7Seg_CPU_cpu:cpu|BCDto7Seg_CPU_cpu_nios2_oci:the_BCDto7Seg_CPU_cpu_nios2_oci|BCDto7Seg_CPU_cpu_debug_slave_wrapper:the_BCDto7Seg_CPU_cpu_debug_slave_wrapper|BCDto7Seg_CPU_cpu_debug_slave_tck:the_BCDto7Seg_CPU_cpu_debug_slave_tck|sr[19]                                    ; altera_reserved_tck ; altera_reserved_tck ; 100.000      ; -0.040     ; 2.248      ;
; 97.719 ; sld_hub:auto_hub|alt_sld_fab_with_jtag_input:\instrumentation_fabric_with_node_gen:fabric_gen_new_way:with_jtag_input_gen:instrumentation_fabric|alt_sld_fab:instrumentation_fabric|alt_sld_fab_alt_sld_fab:alt_sld_fab|alt_sld_fab_alt_sld_fab_sldfabric:sldfabric|sld_jtag_hub:\jtag_hub_gen:real_sld_jtag_hub|irf_reg[1][1]                      ; BCDto7Seg:inst|BCDto7Seg_CPU:cpu|BCDto7Seg_CPU_cpu:cpu|BCDto7Seg_CPU_cpu_nios2_oci:the_BCDto7Seg_CPU_cpu_nios2_oci|BCDto7Seg_CPU_cpu_debug_slave_wrapper:the_BCDto7Seg_CPU_cpu_debug_slave_wrapper|BCDto7Seg_CPU_cpu_debug_slave_tck:the_BCDto7Seg_CPU_cpu_debug_slave_tck|sr[28]                                    ; altera_reserved_tck ; altera_reserved_tck ; 100.000      ; -0.040     ; 2.248      ;
; 97.719 ; sld_hub:auto_hub|alt_sld_fab_with_jtag_input:\instrumentation_fabric_with_node_gen:fabric_gen_new_way:with_jtag_input_gen:instrumentation_fabric|alt_sld_fab:instrumentation_fabric|alt_sld_fab_alt_sld_fab:alt_sld_fab|alt_sld_fab_alt_sld_fab_sldfabric:sldfabric|sld_jtag_hub:\jtag_hub_gen:real_sld_jtag_hub|irf_reg[1][1]                      ; BCDto7Seg:inst|BCDto7Seg_CPU:cpu|BCDto7Seg_CPU_cpu:cpu|BCDto7Seg_CPU_cpu_nios2_oci:the_BCDto7Seg_CPU_cpu_nios2_oci|BCDto7Seg_CPU_cpu_debug_slave_wrapper:the_BCDto7Seg_CPU_cpu_debug_slave_wrapper|BCDto7Seg_CPU_cpu_debug_slave_tck:the_BCDto7Seg_CPU_cpu_debug_slave_tck|sr[27]                                    ; altera_reserved_tck ; altera_reserved_tck ; 100.000      ; -0.040     ; 2.248      ;
; 97.719 ; sld_hub:auto_hub|alt_sld_fab_with_jtag_input:\instrumentation_fabric_with_node_gen:fabric_gen_new_way:with_jtag_input_gen:instrumentation_fabric|alt_sld_fab:instrumentation_fabric|alt_sld_fab_alt_sld_fab:alt_sld_fab|alt_sld_fab_alt_sld_fab_sldfabric:sldfabric|sld_jtag_hub:\jtag_hub_gen:real_sld_jtag_hub|irf_reg[1][1]                      ; BCDto7Seg:inst|BCDto7Seg_CPU:cpu|BCDto7Seg_CPU_cpu:cpu|BCDto7Seg_CPU_cpu_nios2_oci:the_BCDto7Seg_CPU_cpu_nios2_oci|BCDto7Seg_CPU_cpu_debug_slave_wrapper:the_BCDto7Seg_CPU_cpu_debug_slave_wrapper|BCDto7Seg_CPU_cpu_debug_slave_tck:the_BCDto7Seg_CPU_cpu_debug_slave_tck|sr[29]                                    ; altera_reserved_tck ; altera_reserved_tck ; 100.000      ; -0.040     ; 2.248      ;
; 97.719 ; sld_hub:auto_hub|alt_sld_fab_with_jtag_input:\instrumentation_fabric_with_node_gen:fabric_gen_new_way:with_jtag_input_gen:instrumentation_fabric|alt_sld_fab:instrumentation_fabric|alt_sld_fab_alt_sld_fab:alt_sld_fab|alt_sld_fab_alt_sld_fab_sldfabric:sldfabric|sld_jtag_hub:\jtag_hub_gen:real_sld_jtag_hub|irf_reg[1][1]                      ; BCDto7Seg:inst|BCDto7Seg_CPU:cpu|BCDto7Seg_CPU_cpu:cpu|BCDto7Seg_CPU_cpu_nios2_oci:the_BCDto7Seg_CPU_cpu_nios2_oci|BCDto7Seg_CPU_cpu_debug_slave_wrapper:the_BCDto7Seg_CPU_cpu_debug_slave_wrapper|BCDto7Seg_CPU_cpu_debug_slave_tck:the_BCDto7Seg_CPU_cpu_debug_slave_tck|sr[30]                                    ; altera_reserved_tck ; altera_reserved_tck ; 100.000      ; -0.040     ; 2.248      ;
; 97.719 ; sld_hub:auto_hub|alt_sld_fab_with_jtag_input:\instrumentation_fabric_with_node_gen:fabric_gen_new_way:with_jtag_input_gen:instrumentation_fabric|alt_sld_fab:instrumentation_fabric|alt_sld_fab_alt_sld_fab:alt_sld_fab|alt_sld_fab_alt_sld_fab_sldfabric:sldfabric|sld_jtag_hub:\jtag_hub_gen:real_sld_jtag_hub|irf_reg[1][1]                      ; BCDto7Seg:inst|BCDto7Seg_CPU:cpu|BCDto7Seg_CPU_cpu:cpu|BCDto7Seg_CPU_cpu_nios2_oci:the_BCDto7Seg_CPU_cpu_nios2_oci|BCDto7Seg_CPU_cpu_debug_slave_wrapper:the_BCDto7Seg_CPU_cpu_debug_slave_wrapper|BCDto7Seg_CPU_cpu_debug_slave_tck:the_BCDto7Seg_CPU_cpu_debug_slave_tck|sr[32]                                    ; altera_reserved_tck ; altera_reserved_tck ; 100.000      ; -0.040     ; 2.248      ;
; 97.725 ; sld_hub:auto_hub|alt_sld_fab_with_jtag_input:\instrumentation_fabric_with_node_gen:fabric_gen_new_way:with_jtag_input_gen:instrumentation_fabric|alt_sld_fab:instrumentation_fabric|alt_sld_fab_alt_sld_fab:alt_sld_fab|alt_sld_fab_alt_sld_fab_sldfabric:sldfabric|sld_jtag_hub:\jtag_hub_gen:real_sld_jtag_hub|sld_shadow_jsm:shadow_jsm|state[3] ; BCDto7Seg:inst|BCDto7Seg_CPU:cpu|BCDto7Seg_CPU_cpu:cpu|BCDto7Seg_CPU_cpu_nios2_oci:the_BCDto7Seg_CPU_cpu_nios2_oci|BCDto7Seg_CPU_cpu_debug_slave_wrapper:the_BCDto7Seg_CPU_cpu_debug_slave_wrapper|BCDto7Seg_CPU_cpu_debug_slave_tck:the_BCDto7Seg_CPU_cpu_debug_slave_tck|sr[36]                                    ; altera_reserved_tck ; altera_reserved_tck ; 100.000      ; -0.039     ; 2.243      ;
; 97.725 ; sld_hub:auto_hub|alt_sld_fab_with_jtag_input:\instrumentation_fabric_with_node_gen:fabric_gen_new_way:with_jtag_input_gen:instrumentation_fabric|alt_sld_fab:instrumentation_fabric|alt_sld_fab_alt_sld_fab:alt_sld_fab|alt_sld_fab_alt_sld_fab_sldfabric:sldfabric|sld_jtag_hub:\jtag_hub_gen:real_sld_jtag_hub|sld_shadow_jsm:shadow_jsm|state[3] ; BCDto7Seg:inst|BCDto7Seg_CPU:cpu|BCDto7Seg_CPU_cpu:cpu|BCDto7Seg_CPU_cpu_nios2_oci:the_BCDto7Seg_CPU_cpu_nios2_oci|BCDto7Seg_CPU_cpu_debug_slave_wrapper:the_BCDto7Seg_CPU_cpu_debug_slave_wrapper|BCDto7Seg_CPU_cpu_debug_slave_tck:the_BCDto7Seg_CPU_cpu_debug_slave_tck|sr[37]                                    ; altera_reserved_tck ; altera_reserved_tck ; 100.000      ; -0.039     ; 2.243      ;
; 97.727 ; sld_hub:auto_hub|alt_sld_fab_with_jtag_input:\instrumentation_fabric_with_node_gen:fabric_gen_new_way:with_jtag_input_gen:instrumentation_fabric|alt_sld_fab:instrumentation_fabric|alt_sld_fab_alt_sld_fab:alt_sld_fab|alt_sld_fab_alt_sld_fab_sldfabric:sldfabric|sld_jtag_hub:\jtag_hub_gen:real_sld_jtag_hub|irf_reg[1][1]                      ; BCDto7Seg:inst|BCDto7Seg_CPU:cpu|BCDto7Seg_CPU_cpu:cpu|BCDto7Seg_CPU_cpu_nios2_oci:the_BCDto7Seg_CPU_cpu_nios2_oci|BCDto7Seg_CPU_cpu_debug_slave_wrapper:the_BCDto7Seg_CPU_cpu_debug_slave_wrapper|BCDto7Seg_CPU_cpu_debug_slave_tck:the_BCDto7Seg_CPU_cpu_debug_slave_tck|sr[8]                                     ; altera_reserved_tck ; altera_reserved_tck ; 100.000      ; -0.038     ; 2.242      ;
; 97.777 ; sld_hub:auto_hub|alt_sld_fab_with_jtag_input:\instrumentation_fabric_with_node_gen:fabric_gen_new_way:with_jtag_input_gen:instrumentation_fabric|alt_sld_fab:instrumentation_fabric|alt_sld_fab_alt_sld_fab:alt_sld_fab|alt_sld_fab_alt_sld_fab_sldfabric:sldfabric|sld_jtag_hub:\jtag_hub_gen:real_sld_jtag_hub|virtual_ir_scan_reg                ; BCDto7Seg:inst|BCDto7Seg_CPU:cpu|BCDto7Seg_CPU_cpu:cpu|BCDto7Seg_CPU_cpu_nios2_oci:the_BCDto7Seg_CPU_cpu_nios2_oci|BCDto7Seg_CPU_cpu_debug_slave_wrapper:the_BCDto7Seg_CPU_cpu_debug_slave_wrapper|BCDto7Seg_CPU_cpu_debug_slave_tck:the_BCDto7Seg_CPU_cpu_debug_slave_tck|sr[36]                                    ; altera_reserved_tck ; altera_reserved_tck ; 100.000      ; -0.040     ; 2.190      ;
; 97.777 ; sld_hub:auto_hub|alt_sld_fab_with_jtag_input:\instrumentation_fabric_with_node_gen:fabric_gen_new_way:with_jtag_input_gen:instrumentation_fabric|alt_sld_fab:instrumentation_fabric|alt_sld_fab_alt_sld_fab:alt_sld_fab|alt_sld_fab_alt_sld_fab_sldfabric:sldfabric|sld_jtag_hub:\jtag_hub_gen:real_sld_jtag_hub|virtual_ir_scan_reg                ; BCDto7Seg:inst|BCDto7Seg_CPU:cpu|BCDto7Seg_CPU_cpu:cpu|BCDto7Seg_CPU_cpu_nios2_oci:the_BCDto7Seg_CPU_cpu_nios2_oci|BCDto7Seg_CPU_cpu_debug_slave_wrapper:the_BCDto7Seg_CPU_cpu_debug_slave_wrapper|BCDto7Seg_CPU_cpu_debug_slave_tck:the_BCDto7Seg_CPU_cpu_debug_slave_tck|sr[37]                                    ; altera_reserved_tck ; altera_reserved_tck ; 100.000      ; -0.040     ; 2.190      ;
; 97.795 ; sld_hub:auto_hub|alt_sld_fab_with_jtag_input:\instrumentation_fabric_with_node_gen:fabric_gen_new_way:with_jtag_input_gen:instrumentation_fabric|alt_sld_fab:instrumentation_fabric|alt_sld_fab_alt_sld_fab:alt_sld_fab|splitter_nodes_receive_0[3]                                                                                                 ; BCDto7Seg:inst|BCDto7Seg_CPU:cpu|BCDto7Seg_CPU_cpu:cpu|BCDto7Seg_CPU_cpu_nios2_oci:the_BCDto7Seg_CPU_cpu_nios2_oci|BCDto7Seg_CPU_cpu_debug_slave_wrapper:the_BCDto7Seg_CPU_cpu_debug_slave_wrapper|BCDto7Seg_CPU_cpu_debug_slave_tck:the_BCDto7Seg_CPU_cpu_debug_slave_tck|sr[34]                                    ; altera_reserved_tck ; altera_reserved_tck ; 100.000      ; -0.040     ; 2.172      ;
; 97.795 ; sld_hub:auto_hub|alt_sld_fab_with_jtag_input:\instrumentation_fabric_with_node_gen:fabric_gen_new_way:with_jtag_input_gen:instrumentation_fabric|alt_sld_fab:instrumentation_fabric|alt_sld_fab_alt_sld_fab:alt_sld_fab|splitter_nodes_receive_0[3]                                                                                                 ; BCDto7Seg:inst|BCDto7Seg_CPU:cpu|BCDto7Seg_CPU_cpu:cpu|BCDto7Seg_CPU_cpu_nios2_oci:the_BCDto7Seg_CPU_cpu_nios2_oci|BCDto7Seg_CPU_cpu_debug_slave_wrapper:the_BCDto7Seg_CPU_cpu_debug_slave_wrapper|BCDto7Seg_CPU_cpu_debug_slave_tck:the_BCDto7Seg_CPU_cpu_debug_slave_tck|sr[33]                                    ; altera_reserved_tck ; altera_reserved_tck ; 100.000      ; -0.040     ; 2.172      ;
; 97.845 ; sld_hub:auto_hub|alt_sld_fab_with_jtag_input:\instrumentation_fabric_with_node_gen:fabric_gen_new_way:with_jtag_input_gen:instrumentation_fabric|alt_sld_fab:instrumentation_fabric|alt_sld_fab_alt_sld_fab:alt_sld_fab|alt_sld_fab_alt_sld_fab_sldfabric:sldfabric|sld_jtag_hub:\jtag_hub_gen:real_sld_jtag_hub|irf_reg[1][1]                      ; BCDto7Seg:inst|BCDto7Seg_CPU:cpu|BCDto7Seg_CPU_cpu:cpu|BCDto7Seg_CPU_cpu_nios2_oci:the_BCDto7Seg_CPU_cpu_nios2_oci|BCDto7Seg_CPU_cpu_debug_slave_wrapper:the_BCDto7Seg_CPU_cpu_debug_slave_wrapper|BCDto7Seg_CPU_cpu_debug_slave_tck:the_BCDto7Seg_CPU_cpu_debug_slave_tck|sr[9]                                     ; altera_reserved_tck ; altera_reserved_tck ; 100.000      ; -0.038     ; 2.124      ;
; 97.870 ; sld_hub:auto_hub|alt_sld_fab_with_jtag_input:\instrumentation_fabric_with_node_gen:fabric_gen_new_way:with_jtag_input_gen:instrumentation_fabric|alt_sld_fab:instrumentation_fabric|alt_sld_fab_alt_sld_fab:alt_sld_fab|splitter_nodes_receive_0[3]                                                                                                 ; BCDto7Seg:inst|BCDto7Seg_CPU:cpu|BCDto7Seg_CPU_cpu:cpu|BCDto7Seg_CPU_cpu_nios2_oci:the_BCDto7Seg_CPU_cpu_nios2_oci|BCDto7Seg_CPU_cpu_debug_slave_wrapper:the_BCDto7Seg_CPU_cpu_debug_slave_wrapper|BCDto7Seg_CPU_cpu_debug_slave_tck:the_BCDto7Seg_CPU_cpu_debug_slave_tck|sr[29]                                    ; altera_reserved_tck ; altera_reserved_tck ; 100.000      ; -0.040     ; 2.097      ;
; 97.875 ; sld_hub:auto_hub|alt_sld_fab_with_jtag_input:\instrumentation_fabric_with_node_gen:fabric_gen_new_way:with_jtag_input_gen:instrumentation_fabric|alt_sld_fab:instrumentation_fabric|alt_sld_fab_alt_sld_fab:alt_sld_fab|splitter_nodes_receive_0[3]                                                                                                 ; BCDto7Seg:inst|BCDto7Seg_CPU:cpu|BCDto7Seg_CPU_cpu:cpu|BCDto7Seg_CPU_cpu_nios2_oci:the_BCDto7Seg_CPU_cpu_nios2_oci|BCDto7Seg_CPU_cpu_debug_slave_wrapper:the_BCDto7Seg_CPU_cpu_debug_slave_wrapper|BCDto7Seg_CPU_cpu_debug_slave_tck:the_BCDto7Seg_CPU_cpu_debug_slave_tck|sr[19]                                    ; altera_reserved_tck ; altera_reserved_tck ; 100.000      ; -0.040     ; 2.092      ;
; 97.876 ; sld_hub:auto_hub|alt_sld_fab_with_jtag_input:\instrumentation_fabric_with_node_gen:fabric_gen_new_way:with_jtag_input_gen:instrumentation_fabric|alt_sld_fab:instrumentation_fabric|alt_sld_fab_alt_sld_fab:alt_sld_fab|splitter_nodes_receive_0[3]                                                                                                 ; BCDto7Seg:inst|BCDto7Seg_CPU:cpu|BCDto7Seg_CPU_cpu:cpu|BCDto7Seg_CPU_cpu_nios2_oci:the_BCDto7Seg_CPU_cpu_nios2_oci|BCDto7Seg_CPU_cpu_debug_slave_wrapper:the_BCDto7Seg_CPU_cpu_debug_slave_wrapper|BCDto7Seg_CPU_cpu_debug_slave_tck:the_BCDto7Seg_CPU_cpu_debug_slave_tck|sr[20]                                    ; altera_reserved_tck ; altera_reserved_tck ; 100.000      ; -0.040     ; 2.091      ;
; 97.882 ; sld_hub:auto_hub|alt_sld_fab_with_jtag_input:\instrumentation_fabric_with_node_gen:fabric_gen_new_way:with_jtag_input_gen:instrumentation_fabric|alt_sld_fab:instrumentation_fabric|alt_sld_fab_alt_sld_fab:alt_sld_fab|alt_sld_fab_alt_sld_fab_sldfabric:sldfabric|sld_jtag_hub:\jtag_hub_gen:real_sld_jtag_hub|sld_shadow_jsm:shadow_jsm|state[3] ; BCDto7Seg:inst|BCDto7Seg_CPU:cpu|BCDto7Seg_CPU_cpu:cpu|BCDto7Seg_CPU_cpu_nios2_oci:the_BCDto7Seg_CPU_cpu_nios2_oci|BCDto7Seg_CPU_cpu_debug_slave_wrapper:the_BCDto7Seg_CPU_cpu_debug_slave_wrapper|BCDto7Seg_CPU_cpu_debug_slave_tck:the_BCDto7Seg_CPU_cpu_debug_slave_tck|sr[26]                                    ; altera_reserved_tck ; altera_reserved_tck ; 100.000      ; -0.041     ; 2.084      ;
; 97.882 ; sld_hub:auto_hub|alt_sld_fab_with_jtag_input:\instrumentation_fabric_with_node_gen:fabric_gen_new_way:with_jtag_input_gen:instrumentation_fabric|alt_sld_fab:instrumentation_fabric|alt_sld_fab_alt_sld_fab:alt_sld_fab|alt_sld_fab_alt_sld_fab_sldfabric:sldfabric|sld_jtag_hub:\jtag_hub_gen:real_sld_jtag_hub|sld_shadow_jsm:shadow_jsm|state[3] ; BCDto7Seg:inst|BCDto7Seg_CPU:cpu|BCDto7Seg_CPU_cpu:cpu|BCDto7Seg_CPU_cpu_nios2_oci:the_BCDto7Seg_CPU_cpu_nios2_oci|BCDto7Seg_CPU_cpu_debug_slave_wrapper:the_BCDto7Seg_CPU_cpu_debug_slave_wrapper|BCDto7Seg_CPU_cpu_debug_slave_tck:the_BCDto7Seg_CPU_cpu_debug_slave_tck|sr[25]                                    ; altera_reserved_tck ; altera_reserved_tck ; 100.000      ; -0.041     ; 2.084      ;
; 97.882 ; sld_hub:auto_hub|alt_sld_fab_with_jtag_input:\instrumentation_fabric_with_node_gen:fabric_gen_new_way:with_jtag_input_gen:instrumentation_fabric|alt_sld_fab:instrumentation_fabric|alt_sld_fab_alt_sld_fab:alt_sld_fab|alt_sld_fab_alt_sld_fab_sldfabric:sldfabric|sld_jtag_hub:\jtag_hub_gen:real_sld_jtag_hub|sld_shadow_jsm:shadow_jsm|state[3] ; BCDto7Seg:inst|BCDto7Seg_CPU:cpu|BCDto7Seg_CPU_cpu:cpu|BCDto7Seg_CPU_cpu_nios2_oci:the_BCDto7Seg_CPU_cpu_nios2_oci|BCDto7Seg_CPU_cpu_debug_slave_wrapper:the_BCDto7Seg_CPU_cpu_debug_slave_wrapper|BCDto7Seg_CPU_cpu_debug_slave_tck:the_BCDto7Seg_CPU_cpu_debug_slave_tck|sr[24]                                    ; altera_reserved_tck ; altera_reserved_tck ; 100.000      ; -0.041     ; 2.084      ;
; 97.882 ; sld_hub:auto_hub|alt_sld_fab_with_jtag_input:\instrumentation_fabric_with_node_gen:fabric_gen_new_way:with_jtag_input_gen:instrumentation_fabric|alt_sld_fab:instrumentation_fabric|alt_sld_fab_alt_sld_fab:alt_sld_fab|alt_sld_fab_alt_sld_fab_sldfabric:sldfabric|sld_jtag_hub:\jtag_hub_gen:real_sld_jtag_hub|sld_shadow_jsm:shadow_jsm|state[3] ; BCDto7Seg:inst|BCDto7Seg_CPU:cpu|BCDto7Seg_CPU_cpu:cpu|BCDto7Seg_CPU_cpu_nios2_oci:the_BCDto7Seg_CPU_cpu_nios2_oci|BCDto7Seg_CPU_cpu_debug_slave_wrapper:the_BCDto7Seg_CPU_cpu_debug_slave_wrapper|BCDto7Seg_CPU_cpu_debug_slave_tck:the_BCDto7Seg_CPU_cpu_debug_slave_tck|sr[23]                                    ; altera_reserved_tck ; altera_reserved_tck ; 100.000      ; -0.041     ; 2.084      ;
; 97.882 ; sld_hub:auto_hub|alt_sld_fab_with_jtag_input:\instrumentation_fabric_with_node_gen:fabric_gen_new_way:with_jtag_input_gen:instrumentation_fabric|alt_sld_fab:instrumentation_fabric|alt_sld_fab_alt_sld_fab:alt_sld_fab|alt_sld_fab_alt_sld_fab_sldfabric:sldfabric|sld_jtag_hub:\jtag_hub_gen:real_sld_jtag_hub|sld_shadow_jsm:shadow_jsm|state[3] ; BCDto7Seg:inst|BCDto7Seg_CPU:cpu|BCDto7Seg_CPU_cpu:cpu|BCDto7Seg_CPU_cpu_nios2_oci:the_BCDto7Seg_CPU_cpu_nios2_oci|BCDto7Seg_CPU_cpu_debug_slave_wrapper:the_BCDto7Seg_CPU_cpu_debug_slave_wrapper|BCDto7Seg_CPU_cpu_debug_slave_tck:the_BCDto7Seg_CPU_cpu_debug_slave_tck|sr[22]                                    ; altera_reserved_tck ; altera_reserved_tck ; 100.000      ; -0.041     ; 2.084      ;
; 97.882 ; sld_hub:auto_hub|alt_sld_fab_with_jtag_input:\instrumentation_fabric_with_node_gen:fabric_gen_new_way:with_jtag_input_gen:instrumentation_fabric|alt_sld_fab:instrumentation_fabric|alt_sld_fab_alt_sld_fab:alt_sld_fab|alt_sld_fab_alt_sld_fab_sldfabric:sldfabric|sld_jtag_hub:\jtag_hub_gen:real_sld_jtag_hub|sld_shadow_jsm:shadow_jsm|state[3] ; BCDto7Seg:inst|BCDto7Seg_CPU:cpu|BCDto7Seg_CPU_cpu:cpu|BCDto7Seg_CPU_cpu_nios2_oci:the_BCDto7Seg_CPU_cpu_nios2_oci|BCDto7Seg_CPU_cpu_debug_slave_wrapper:the_BCDto7Seg_CPU_cpu_debug_slave_wrapper|BCDto7Seg_CPU_cpu_debug_slave_tck:the_BCDto7Seg_CPU_cpu_debug_slave_tck|sr[21]                                    ; altera_reserved_tck ; altera_reserved_tck ; 100.000      ; -0.041     ; 2.084      ;
; 97.882 ; sld_hub:auto_hub|alt_sld_fab_with_jtag_input:\instrumentation_fabric_with_node_gen:fabric_gen_new_way:with_jtag_input_gen:instrumentation_fabric|alt_sld_fab:instrumentation_fabric|alt_sld_fab_alt_sld_fab:alt_sld_fab|alt_sld_fab_alt_sld_fab_sldfabric:sldfabric|sld_jtag_hub:\jtag_hub_gen:real_sld_jtag_hub|sld_shadow_jsm:shadow_jsm|state[3] ; BCDto7Seg:inst|BCDto7Seg_CPU:cpu|BCDto7Seg_CPU_cpu:cpu|BCDto7Seg_CPU_cpu_nios2_oci:the_BCDto7Seg_CPU_cpu_nios2_oci|BCDto7Seg_CPU_cpu_debug_slave_wrapper:the_BCDto7Seg_CPU_cpu_debug_slave_wrapper|BCDto7Seg_CPU_cpu_debug_slave_tck:the_BCDto7Seg_CPU_cpu_debug_slave_tck|sr[17]                                    ; altera_reserved_tck ; altera_reserved_tck ; 100.000      ; -0.041     ; 2.084      ;
; 97.882 ; sld_hub:auto_hub|alt_sld_fab_with_jtag_input:\instrumentation_fabric_with_node_gen:fabric_gen_new_way:with_jtag_input_gen:instrumentation_fabric|alt_sld_fab:instrumentation_fabric|alt_sld_fab_alt_sld_fab:alt_sld_fab|alt_sld_fab_alt_sld_fab_sldfabric:sldfabric|sld_jtag_hub:\jtag_hub_gen:real_sld_jtag_hub|sld_shadow_jsm:shadow_jsm|state[3] ; BCDto7Seg:inst|BCDto7Seg_CPU:cpu|BCDto7Seg_CPU_cpu:cpu|BCDto7Seg_CPU_cpu_nios2_oci:the_BCDto7Seg_CPU_cpu_nios2_oci|BCDto7Seg_CPU_cpu_debug_slave_wrapper:the_BCDto7Seg_CPU_cpu_debug_slave_wrapper|BCDto7Seg_CPU_cpu_debug_slave_tck:the_BCDto7Seg_CPU_cpu_debug_slave_tck|sr[18]                                    ; altera_reserved_tck ; altera_reserved_tck ; 100.000      ; -0.041     ; 2.084      ;
; 97.882 ; sld_hub:auto_hub|alt_sld_fab_with_jtag_input:\instrumentation_fabric_with_node_gen:fabric_gen_new_way:with_jtag_input_gen:instrumentation_fabric|alt_sld_fab:instrumentation_fabric|alt_sld_fab_alt_sld_fab:alt_sld_fab|alt_sld_fab_alt_sld_fab_sldfabric:sldfabric|sld_jtag_hub:\jtag_hub_gen:real_sld_jtag_hub|sld_shadow_jsm:shadow_jsm|state[3] ; BCDto7Seg:inst|BCDto7Seg_CPU:cpu|BCDto7Seg_CPU_cpu:cpu|BCDto7Seg_CPU_cpu_nios2_oci:the_BCDto7Seg_CPU_cpu_nios2_oci|BCDto7Seg_CPU_cpu_debug_slave_wrapper:the_BCDto7Seg_CPU_cpu_debug_slave_wrapper|BCDto7Seg_CPU_cpu_debug_slave_tck:the_BCDto7Seg_CPU_cpu_debug_slave_tck|sr[20]                                    ; altera_reserved_tck ; altera_reserved_tck ; 100.000      ; -0.041     ; 2.084      ;
; 97.882 ; sld_hub:auto_hub|alt_sld_fab_with_jtag_input:\instrumentation_fabric_with_node_gen:fabric_gen_new_way:with_jtag_input_gen:instrumentation_fabric|alt_sld_fab:instrumentation_fabric|alt_sld_fab_alt_sld_fab:alt_sld_fab|alt_sld_fab_alt_sld_fab_sldfabric:sldfabric|sld_jtag_hub:\jtag_hub_gen:real_sld_jtag_hub|sld_shadow_jsm:shadow_jsm|state[3] ; BCDto7Seg:inst|BCDto7Seg_CPU:cpu|BCDto7Seg_CPU_cpu:cpu|BCDto7Seg_CPU_cpu_nios2_oci:the_BCDto7Seg_CPU_cpu_nios2_oci|BCDto7Seg_CPU_cpu_debug_slave_wrapper:the_BCDto7Seg_CPU_cpu_debug_slave_wrapper|BCDto7Seg_CPU_cpu_debug_slave_tck:the_BCDto7Seg_CPU_cpu_debug_slave_tck|sr[19]                                    ; altera_reserved_tck ; altera_reserved_tck ; 100.000      ; -0.041     ; 2.084      ;
; 97.882 ; sld_hub:auto_hub|alt_sld_fab_with_jtag_input:\instrumentation_fabric_with_node_gen:fabric_gen_new_way:with_jtag_input_gen:instrumentation_fabric|alt_sld_fab:instrumentation_fabric|alt_sld_fab_alt_sld_fab:alt_sld_fab|alt_sld_fab_alt_sld_fab_sldfabric:sldfabric|sld_jtag_hub:\jtag_hub_gen:real_sld_jtag_hub|sld_shadow_jsm:shadow_jsm|state[3] ; BCDto7Seg:inst|BCDto7Seg_CPU:cpu|BCDto7Seg_CPU_cpu:cpu|BCDto7Seg_CPU_cpu_nios2_oci:the_BCDto7Seg_CPU_cpu_nios2_oci|BCDto7Seg_CPU_cpu_debug_slave_wrapper:the_BCDto7Seg_CPU_cpu_debug_slave_wrapper|BCDto7Seg_CPU_cpu_debug_slave_tck:the_BCDto7Seg_CPU_cpu_debug_slave_tck|sr[28]                                    ; altera_reserved_tck ; altera_reserved_tck ; 100.000      ; -0.041     ; 2.084      ;
; 97.882 ; sld_hub:auto_hub|alt_sld_fab_with_jtag_input:\instrumentation_fabric_with_node_gen:fabric_gen_new_way:with_jtag_input_gen:instrumentation_fabric|alt_sld_fab:instrumentation_fabric|alt_sld_fab_alt_sld_fab:alt_sld_fab|alt_sld_fab_alt_sld_fab_sldfabric:sldfabric|sld_jtag_hub:\jtag_hub_gen:real_sld_jtag_hub|sld_shadow_jsm:shadow_jsm|state[3] ; BCDto7Seg:inst|BCDto7Seg_CPU:cpu|BCDto7Seg_CPU_cpu:cpu|BCDto7Seg_CPU_cpu_nios2_oci:the_BCDto7Seg_CPU_cpu_nios2_oci|BCDto7Seg_CPU_cpu_debug_slave_wrapper:the_BCDto7Seg_CPU_cpu_debug_slave_wrapper|BCDto7Seg_CPU_cpu_debug_slave_tck:the_BCDto7Seg_CPU_cpu_debug_slave_tck|sr[27]                                    ; altera_reserved_tck ; altera_reserved_tck ; 100.000      ; -0.041     ; 2.084      ;
; 97.882 ; sld_hub:auto_hub|alt_sld_fab_with_jtag_input:\instrumentation_fabric_with_node_gen:fabric_gen_new_way:with_jtag_input_gen:instrumentation_fabric|alt_sld_fab:instrumentation_fabric|alt_sld_fab_alt_sld_fab:alt_sld_fab|alt_sld_fab_alt_sld_fab_sldfabric:sldfabric|sld_jtag_hub:\jtag_hub_gen:real_sld_jtag_hub|sld_shadow_jsm:shadow_jsm|state[3] ; BCDto7Seg:inst|BCDto7Seg_CPU:cpu|BCDto7Seg_CPU_cpu:cpu|BCDto7Seg_CPU_cpu_nios2_oci:the_BCDto7Seg_CPU_cpu_nios2_oci|BCDto7Seg_CPU_cpu_debug_slave_wrapper:the_BCDto7Seg_CPU_cpu_debug_slave_wrapper|BCDto7Seg_CPU_cpu_debug_slave_tck:the_BCDto7Seg_CPU_cpu_debug_slave_tck|sr[29]                                    ; altera_reserved_tck ; altera_reserved_tck ; 100.000      ; -0.041     ; 2.084      ;
; 97.882 ; sld_hub:auto_hub|alt_sld_fab_with_jtag_input:\instrumentation_fabric_with_node_gen:fabric_gen_new_way:with_jtag_input_gen:instrumentation_fabric|alt_sld_fab:instrumentation_fabric|alt_sld_fab_alt_sld_fab:alt_sld_fab|alt_sld_fab_alt_sld_fab_sldfabric:sldfabric|sld_jtag_hub:\jtag_hub_gen:real_sld_jtag_hub|sld_shadow_jsm:shadow_jsm|state[3] ; BCDto7Seg:inst|BCDto7Seg_CPU:cpu|BCDto7Seg_CPU_cpu:cpu|BCDto7Seg_CPU_cpu_nios2_oci:the_BCDto7Seg_CPU_cpu_nios2_oci|BCDto7Seg_CPU_cpu_debug_slave_wrapper:the_BCDto7Seg_CPU_cpu_debug_slave_wrapper|BCDto7Seg_CPU_cpu_debug_slave_tck:the_BCDto7Seg_CPU_cpu_debug_slave_tck|sr[30]                                    ; altera_reserved_tck ; altera_reserved_tck ; 100.000      ; -0.041     ; 2.084      ;
; 97.882 ; sld_hub:auto_hub|alt_sld_fab_with_jtag_input:\instrumentation_fabric_with_node_gen:fabric_gen_new_way:with_jtag_input_gen:instrumentation_fabric|alt_sld_fab:instrumentation_fabric|alt_sld_fab_alt_sld_fab:alt_sld_fab|alt_sld_fab_alt_sld_fab_sldfabric:sldfabric|sld_jtag_hub:\jtag_hub_gen:real_sld_jtag_hub|sld_shadow_jsm:shadow_jsm|state[3] ; BCDto7Seg:inst|BCDto7Seg_CPU:cpu|BCDto7Seg_CPU_cpu:cpu|BCDto7Seg_CPU_cpu_nios2_oci:the_BCDto7Seg_CPU_cpu_nios2_oci|BCDto7Seg_CPU_cpu_debug_slave_wrapper:the_BCDto7Seg_CPU_cpu_debug_slave_wrapper|BCDto7Seg_CPU_cpu_debug_slave_tck:the_BCDto7Seg_CPU_cpu_debug_slave_tck|sr[32]                                    ; altera_reserved_tck ; altera_reserved_tck ; 100.000      ; -0.041     ; 2.084      ;
; 97.882 ; sld_hub:auto_hub|alt_sld_fab_with_jtag_input:\instrumentation_fabric_with_node_gen:fabric_gen_new_way:with_jtag_input_gen:instrumentation_fabric|alt_sld_fab:instrumentation_fabric|alt_sld_fab_alt_sld_fab:alt_sld_fab|alt_sld_fab_alt_sld_fab_sldfabric:sldfabric|sld_jtag_hub:\jtag_hub_gen:real_sld_jtag_hub|sld_shadow_jsm:shadow_jsm|state[3] ; BCDto7Seg:inst|BCDto7Seg_CPU:cpu|BCDto7Seg_CPU_cpu:cpu|BCDto7Seg_CPU_cpu_nios2_oci:the_BCDto7Seg_CPU_cpu_nios2_oci|BCDto7Seg_CPU_cpu_debug_slave_wrapper:the_BCDto7Seg_CPU_cpu_debug_slave_wrapper|BCDto7Seg_CPU_cpu_debug_slave_tck:the_BCDto7Seg_CPU_cpu_debug_slave_tck|sr[16]                                    ; altera_reserved_tck ; altera_reserved_tck ; 100.000      ; -0.041     ; 2.084      ;
; 97.885 ; sld_hub:auto_hub|alt_sld_fab_with_jtag_input:\instrumentation_fabric_with_node_gen:fabric_gen_new_way:with_jtag_input_gen:instrumentation_fabric|alt_sld_fab:instrumentation_fabric|alt_sld_fab_alt_sld_fab:alt_sld_fab|splitter_nodes_receive_0[3]                                                                                                 ; BCDto7Seg:inst|BCDto7Seg_CPU:cpu|BCDto7Seg_CPU_cpu:cpu|BCDto7Seg_CPU_cpu_nios2_oci:the_BCDto7Seg_CPU_cpu_nios2_oci|BCDto7Seg_CPU_cpu_debug_slave_wrapper:the_BCDto7Seg_CPU_cpu_debug_slave_wrapper|BCDto7Seg_CPU_cpu_debug_slave_tck:the_BCDto7Seg_CPU_cpu_debug_slave_tck|sr[16]                                    ; altera_reserved_tck ; altera_reserved_tck ; 100.000      ; -0.040     ; 2.082      ;
+--------+-----------------------------------------------------------------------------------------------------------------------------------------------------------------------------------------------------------------------------------------------------------------------------------------------------------------------------------------------------+----------------------------------------------------------------------------------------------------------------------------------------------------------------------------------------------------------------------------------------------------------------------------------------------------------------------+---------------------+---------------------+--------------+------------+------------+


+------------------------------------------------------------------------------------------------------------------------------------------------------------------------------------------------------------------------------------------------------------------------------------------------------------------------------------------------------------------------------------------------------------------------------------------------------------------------------------------------------------------------------------------------------------------------------------------------------------------------------------------------------------------------------------------------------------------------------------------------------------------------------------------------------------------+
; Fast 1200mV 0C Model Hold: 'altera_reserved_tck'                                                                                                                                                                                                                                                                                                                                                                                                                                                                                                                                                                                                                                                                                                                                                                 ;
+-------+----------------------------------------------------------------------------------------------------------------------------------------------------------------------------------------------------------------------------------------------------------------------------------------------------------------------------------------------------------+----------------------------------------------------------------------------------------------------------------------------------------------------------------------------------------------------------------------------------------------------------------------------------------------------------------------------------------------------------+---------------------+---------------------+--------------+------------+------------+
; Slack ; From Node                                                                                                                                                                                                                                                                                                                                                ; To Node                                                                                                                                                                                                                                                                                                                                                  ; Launch Clock        ; Latch Clock         ; Relationship ; Clock Skew ; Data Delay ;
+-------+----------------------------------------------------------------------------------------------------------------------------------------------------------------------------------------------------------------------------------------------------------------------------------------------------------------------------------------------------------+----------------------------------------------------------------------------------------------------------------------------------------------------------------------------------------------------------------------------------------------------------------------------------------------------------------------------------------------------------+---------------------+---------------------+--------------+------------+------------+
; 0.181 ; sld_hub:auto_hub|alt_sld_fab_with_jtag_input:\instrumentation_fabric_with_node_gen:fabric_gen_new_way:with_jtag_input_gen:instrumentation_fabric|alt_sld_fab:instrumentation_fabric|alt_sld_fab_alt_sld_fab:alt_sld_fab|alt_sld_fab_alt_sld_fab_sldfabric:sldfabric|sld_jtag_hub:\jtag_hub_gen:real_sld_jtag_hub|tdo_bypass_reg                          ; sld_hub:auto_hub|alt_sld_fab_with_jtag_input:\instrumentation_fabric_with_node_gen:fabric_gen_new_way:with_jtag_input_gen:instrumentation_fabric|alt_sld_fab:instrumentation_fabric|alt_sld_fab_alt_sld_fab:alt_sld_fab|alt_sld_fab_alt_sld_fab_sldfabric:sldfabric|sld_jtag_hub:\jtag_hub_gen:real_sld_jtag_hub|tdo_bypass_reg                          ; altera_reserved_tck ; altera_reserved_tck ; 0.000        ; 0.042      ; 0.307      ;
; 0.181 ; sld_hub:auto_hub|alt_sld_fab_with_jtag_input:\instrumentation_fabric_with_node_gen:fabric_gen_new_way:with_jtag_input_gen:instrumentation_fabric|alt_sld_fab:instrumentation_fabric|alt_sld_fab_alt_sld_fab:alt_sld_fab|alt_sld_fab_alt_sld_fab_sldfabric:sldfabric|sld_jtag_hub:\jtag_hub_gen:real_sld_jtag_hub|hub_mode_reg[2]                         ; sld_hub:auto_hub|alt_sld_fab_with_jtag_input:\instrumentation_fabric_with_node_gen:fabric_gen_new_way:with_jtag_input_gen:instrumentation_fabric|alt_sld_fab:instrumentation_fabric|alt_sld_fab_alt_sld_fab:alt_sld_fab|alt_sld_fab_alt_sld_fab_sldfabric:sldfabric|sld_jtag_hub:\jtag_hub_gen:real_sld_jtag_hub|hub_mode_reg[2]                         ; altera_reserved_tck ; altera_reserved_tck ; 0.000        ; 0.042      ; 0.307      ;
; 0.181 ; sld_hub:auto_hub|alt_sld_fab_with_jtag_input:\instrumentation_fabric_with_node_gen:fabric_gen_new_way:with_jtag_input_gen:instrumentation_fabric|alt_sld_fab:instrumentation_fabric|alt_sld_fab_alt_sld_fab:alt_sld_fab|alt_sld_fab_alt_sld_fab_sldfabric:sldfabric|sld_jtag_hub:\jtag_hub_gen:real_sld_jtag_hub|sld_shadow_jsm:shadow_jsm|state[11]     ; sld_hub:auto_hub|alt_sld_fab_with_jtag_input:\instrumentation_fabric_with_node_gen:fabric_gen_new_way:with_jtag_input_gen:instrumentation_fabric|alt_sld_fab:instrumentation_fabric|alt_sld_fab_alt_sld_fab:alt_sld_fab|alt_sld_fab_alt_sld_fab_sldfabric:sldfabric|sld_jtag_hub:\jtag_hub_gen:real_sld_jtag_hub|sld_shadow_jsm:shadow_jsm|state[11]     ; altera_reserved_tck ; altera_reserved_tck ; 0.000        ; 0.042      ; 0.307      ;
; 0.181 ; sld_hub:auto_hub|alt_sld_fab_with_jtag_input:\instrumentation_fabric_with_node_gen:fabric_gen_new_way:with_jtag_input_gen:instrumentation_fabric|alt_sld_fab:instrumentation_fabric|alt_sld_fab_alt_sld_fab:alt_sld_fab|alt_sld_fab_alt_sld_fab_sldfabric:sldfabric|sld_jtag_hub:\jtag_hub_gen:real_sld_jtag_hub|sld_shadow_jsm:shadow_jsm|state[13]     ; sld_hub:auto_hub|alt_sld_fab_with_jtag_input:\instrumentation_fabric_with_node_gen:fabric_gen_new_way:with_jtag_input_gen:instrumentation_fabric|alt_sld_fab:instrumentation_fabric|alt_sld_fab_alt_sld_fab:alt_sld_fab|alt_sld_fab_alt_sld_fab_sldfabric:sldfabric|sld_jtag_hub:\jtag_hub_gen:real_sld_jtag_hub|sld_shadow_jsm:shadow_jsm|state[13]     ; altera_reserved_tck ; altera_reserved_tck ; 0.000        ; 0.042      ; 0.307      ;
; 0.181 ; sld_hub:auto_hub|alt_sld_fab_with_jtag_input:\instrumentation_fabric_with_node_gen:fabric_gen_new_way:with_jtag_input_gen:instrumentation_fabric|alt_sld_fab:instrumentation_fabric|alt_sld_fab_alt_sld_fab:alt_sld_fab|alt_sld_fab_alt_sld_fab_sldfabric:sldfabric|sld_jtag_hub:\jtag_hub_gen:real_sld_jtag_hub|sld_shadow_jsm:shadow_jsm|state[1]      ; sld_hub:auto_hub|alt_sld_fab_with_jtag_input:\instrumentation_fabric_with_node_gen:fabric_gen_new_way:with_jtag_input_gen:instrumentation_fabric|alt_sld_fab:instrumentation_fabric|alt_sld_fab_alt_sld_fab:alt_sld_fab|alt_sld_fab_alt_sld_fab_sldfabric:sldfabric|sld_jtag_hub:\jtag_hub_gen:real_sld_jtag_hub|sld_shadow_jsm:shadow_jsm|state[1]      ; altera_reserved_tck ; altera_reserved_tck ; 0.000        ; 0.042      ; 0.307      ;
; 0.181 ; sld_hub:auto_hub|alt_sld_fab_with_jtag_input:\instrumentation_fabric_with_node_gen:fabric_gen_new_way:with_jtag_input_gen:instrumentation_fabric|alt_sld_fab:instrumentation_fabric|alt_sld_fab_alt_sld_fab:alt_sld_fab|alt_sld_fab_alt_sld_fab_sldfabric:sldfabric|sld_jtag_hub:\jtag_hub_gen:real_sld_jtag_hub|sld_shadow_jsm:shadow_jsm|state[4]      ; sld_hub:auto_hub|alt_sld_fab_with_jtag_input:\instrumentation_fabric_with_node_gen:fabric_gen_new_way:with_jtag_input_gen:instrumentation_fabric|alt_sld_fab:instrumentation_fabric|alt_sld_fab_alt_sld_fab:alt_sld_fab|alt_sld_fab_alt_sld_fab_sldfabric:sldfabric|sld_jtag_hub:\jtag_hub_gen:real_sld_jtag_hub|sld_shadow_jsm:shadow_jsm|state[4]      ; altera_reserved_tck ; altera_reserved_tck ; 0.000        ; 0.042      ; 0.307      ;
; 0.181 ; sld_hub:auto_hub|alt_sld_fab_with_jtag_input:\instrumentation_fabric_with_node_gen:fabric_gen_new_way:with_jtag_input_gen:instrumentation_fabric|alt_sld_fab:instrumentation_fabric|alt_sld_fab_alt_sld_fab:alt_sld_fab|alt_sld_fab_alt_sld_fab_sldfabric:sldfabric|sld_jtag_hub:\jtag_hub_gen:real_sld_jtag_hub|sld_shadow_jsm:shadow_jsm|state[6]      ; sld_hub:auto_hub|alt_sld_fab_with_jtag_input:\instrumentation_fabric_with_node_gen:fabric_gen_new_way:with_jtag_input_gen:instrumentation_fabric|alt_sld_fab:instrumentation_fabric|alt_sld_fab_alt_sld_fab:alt_sld_fab|alt_sld_fab_alt_sld_fab_sldfabric:sldfabric|sld_jtag_hub:\jtag_hub_gen:real_sld_jtag_hub|sld_shadow_jsm:shadow_jsm|state[6]      ; altera_reserved_tck ; altera_reserved_tck ; 0.000        ; 0.042      ; 0.307      ;
; 0.182 ; sld_hub:auto_hub|alt_sld_fab_with_jtag_input:\instrumentation_fabric_with_node_gen:fabric_gen_new_way:with_jtag_input_gen:instrumentation_fabric|alt_sld_fab:instrumentation_fabric|alt_sld_fab_alt_sld_fab:alt_sld_fab|splitter_nodes_receive_0[3]                                                                                                      ; sld_hub:auto_hub|alt_sld_fab_with_jtag_input:\instrumentation_fabric_with_node_gen:fabric_gen_new_way:with_jtag_input_gen:instrumentation_fabric|alt_sld_fab:instrumentation_fabric|alt_sld_fab_alt_sld_fab:alt_sld_fab|splitter_nodes_receive_0[3]                                                                                                      ; altera_reserved_tck ; altera_reserved_tck ; 0.000        ; 0.041      ; 0.307      ;
; 0.182 ; sld_hub:auto_hub|alt_sld_fab_with_jtag_input:\instrumentation_fabric_with_node_gen:fabric_gen_new_way:with_jtag_input_gen:instrumentation_fabric|alt_sld_fab:instrumentation_fabric|alt_sld_fab_alt_sld_fab:alt_sld_fab|alt_sld_fab_alt_sld_fab_sldfabric:sldfabric|sld_jtag_hub:\jtag_hub_gen:real_sld_jtag_hub|hub_mode_reg[1]                         ; sld_hub:auto_hub|alt_sld_fab_with_jtag_input:\instrumentation_fabric_with_node_gen:fabric_gen_new_way:with_jtag_input_gen:instrumentation_fabric|alt_sld_fab:instrumentation_fabric|alt_sld_fab_alt_sld_fab:alt_sld_fab|alt_sld_fab_alt_sld_fab_sldfabric:sldfabric|sld_jtag_hub:\jtag_hub_gen:real_sld_jtag_hub|hub_mode_reg[1]                         ; altera_reserved_tck ; altera_reserved_tck ; 0.000        ; 0.041      ; 0.307      ;
; 0.182 ; sld_hub:auto_hub|alt_sld_fab_with_jtag_input:\instrumentation_fabric_with_node_gen:fabric_gen_new_way:with_jtag_input_gen:instrumentation_fabric|alt_sld_fab:instrumentation_fabric|alt_sld_fab_alt_sld_fab:alt_sld_fab|alt_sld_fab_alt_sld_fab_sldfabric:sldfabric|sld_jtag_hub:\jtag_hub_gen:real_sld_jtag_hub|irsr_reg[3]                             ; sld_hub:auto_hub|alt_sld_fab_with_jtag_input:\instrumentation_fabric_with_node_gen:fabric_gen_new_way:with_jtag_input_gen:instrumentation_fabric|alt_sld_fab:instrumentation_fabric|alt_sld_fab_alt_sld_fab:alt_sld_fab|alt_sld_fab_alt_sld_fab_sldfabric:sldfabric|sld_jtag_hub:\jtag_hub_gen:real_sld_jtag_hub|irsr_reg[3]                             ; altera_reserved_tck ; altera_reserved_tck ; 0.000        ; 0.041      ; 0.307      ;
; 0.182 ; sld_hub:auto_hub|alt_sld_fab_with_jtag_input:\instrumentation_fabric_with_node_gen:fabric_gen_new_way:with_jtag_input_gen:instrumentation_fabric|alt_sld_fab:instrumentation_fabric|alt_sld_fab_alt_sld_fab:alt_sld_fab|alt_sld_fab_alt_sld_fab_sldfabric:sldfabric|sld_jtag_hub:\jtag_hub_gen:real_sld_jtag_hub|sld_shadow_jsm:shadow_jsm|state[0]      ; sld_hub:auto_hub|alt_sld_fab_with_jtag_input:\instrumentation_fabric_with_node_gen:fabric_gen_new_way:with_jtag_input_gen:instrumentation_fabric|alt_sld_fab:instrumentation_fabric|alt_sld_fab_alt_sld_fab:alt_sld_fab|alt_sld_fab_alt_sld_fab_sldfabric:sldfabric|sld_jtag_hub:\jtag_hub_gen:real_sld_jtag_hub|sld_shadow_jsm:shadow_jsm|state[0]      ; altera_reserved_tck ; altera_reserved_tck ; 0.000        ; 0.041      ; 0.307      ;
; 0.182 ; sld_hub:auto_hub|alt_sld_fab_with_jtag_input:\instrumentation_fabric_with_node_gen:fabric_gen_new_way:with_jtag_input_gen:instrumentation_fabric|alt_sld_fab:instrumentation_fabric|alt_sld_fab_alt_sld_fab:alt_sld_fab|alt_sld_fab_alt_sld_fab_sldfabric:sldfabric|sld_jtag_hub:\jtag_hub_gen:real_sld_jtag_hub|sld_shadow_jsm:shadow_jsm|tms_cnt[2]    ; sld_hub:auto_hub|alt_sld_fab_with_jtag_input:\instrumentation_fabric_with_node_gen:fabric_gen_new_way:with_jtag_input_gen:instrumentation_fabric|alt_sld_fab:instrumentation_fabric|alt_sld_fab_alt_sld_fab:alt_sld_fab|alt_sld_fab_alt_sld_fab_sldfabric:sldfabric|sld_jtag_hub:\jtag_hub_gen:real_sld_jtag_hub|sld_shadow_jsm:shadow_jsm|tms_cnt[2]    ; altera_reserved_tck ; altera_reserved_tck ; 0.000        ; 0.041      ; 0.307      ;
; 0.182 ; sld_hub:auto_hub|alt_sld_fab_with_jtag_input:\instrumentation_fabric_with_node_gen:fabric_gen_new_way:with_jtag_input_gen:instrumentation_fabric|alt_sld_fab:instrumentation_fabric|alt_sld_fab_alt_sld_fab:alt_sld_fab|alt_sld_fab_alt_sld_fab_sldfabric:sldfabric|sld_jtag_hub:\jtag_hub_gen:real_sld_jtag_hub|sld_shadow_jsm:shadow_jsm|tms_cnt[1]    ; sld_hub:auto_hub|alt_sld_fab_with_jtag_input:\instrumentation_fabric_with_node_gen:fabric_gen_new_way:with_jtag_input_gen:instrumentation_fabric|alt_sld_fab:instrumentation_fabric|alt_sld_fab_alt_sld_fab:alt_sld_fab|alt_sld_fab_alt_sld_fab_sldfabric:sldfabric|sld_jtag_hub:\jtag_hub_gen:real_sld_jtag_hub|sld_shadow_jsm:shadow_jsm|tms_cnt[1]    ; altera_reserved_tck ; altera_reserved_tck ; 0.000        ; 0.041      ; 0.307      ;
; 0.188 ; sld_hub:auto_hub|alt_sld_fab_with_jtag_input:\instrumentation_fabric_with_node_gen:fabric_gen_new_way:with_jtag_input_gen:instrumentation_fabric|alt_sld_fab:instrumentation_fabric|alt_sld_fab_alt_sld_fab:alt_sld_fab|alt_sld_fab_alt_sld_fab_sldfabric:sldfabric|sld_jtag_hub:\jtag_hub_gen:real_sld_jtag_hub|sld_rom_sr:hub_info_reg|WORD_SR[1]      ; sld_hub:auto_hub|alt_sld_fab_with_jtag_input:\instrumentation_fabric_with_node_gen:fabric_gen_new_way:with_jtag_input_gen:instrumentation_fabric|alt_sld_fab:instrumentation_fabric|alt_sld_fab_alt_sld_fab:alt_sld_fab|alt_sld_fab_alt_sld_fab_sldfabric:sldfabric|sld_jtag_hub:\jtag_hub_gen:real_sld_jtag_hub|sld_rom_sr:hub_info_reg|WORD_SR[0]      ; altera_reserved_tck ; altera_reserved_tck ; 0.000        ; 0.041      ; 0.313      ;
; 0.188 ; sld_hub:auto_hub|alt_sld_fab_with_jtag_input:\instrumentation_fabric_with_node_gen:fabric_gen_new_way:with_jtag_input_gen:instrumentation_fabric|alt_sld_fab:instrumentation_fabric|alt_sld_fab_alt_sld_fab:alt_sld_fab|alt_sld_fab_alt_sld_fab_sldfabric:sldfabric|sld_jtag_hub:\jtag_hub_gen:real_sld_jtag_hub|jtag_ir_reg[9]                          ; sld_hub:auto_hub|alt_sld_fab_with_jtag_input:\instrumentation_fabric_with_node_gen:fabric_gen_new_way:with_jtag_input_gen:instrumentation_fabric|alt_sld_fab:instrumentation_fabric|alt_sld_fab_alt_sld_fab:alt_sld_fab|alt_sld_fab_alt_sld_fab_sldfabric:sldfabric|sld_jtag_hub:\jtag_hub_gen:real_sld_jtag_hub|jtag_ir_reg[8]                          ; altera_reserved_tck ; altera_reserved_tck ; 0.000        ; 0.042      ; 0.314      ;
; 0.188 ; sld_hub:auto_hub|alt_sld_fab_with_jtag_input:\instrumentation_fabric_with_node_gen:fabric_gen_new_way:with_jtag_input_gen:instrumentation_fabric|alt_sld_fab:instrumentation_fabric|alt_sld_fab_alt_sld_fab:alt_sld_fab|alt_sld_fab_alt_sld_fab_sldfabric:sldfabric|sld_jtag_hub:\jtag_hub_gen:real_sld_jtag_hub|sld_shadow_jsm:shadow_jsm|state[13]     ; sld_hub:auto_hub|alt_sld_fab_with_jtag_input:\instrumentation_fabric_with_node_gen:fabric_gen_new_way:with_jtag_input_gen:instrumentation_fabric|alt_sld_fab:instrumentation_fabric|alt_sld_fab_alt_sld_fab:alt_sld_fab|alt_sld_fab_alt_sld_fab_sldfabric:sldfabric|sld_jtag_hub:\jtag_hub_gen:real_sld_jtag_hub|sld_shadow_jsm:shadow_jsm|state[14]     ; altera_reserved_tck ; altera_reserved_tck ; 0.000        ; 0.042      ; 0.314      ;
; 0.189 ; sld_hub:auto_hub|alt_sld_fab_with_jtag_input:\instrumentation_fabric_with_node_gen:fabric_gen_new_way:with_jtag_input_gen:instrumentation_fabric|alt_sld_fab:instrumentation_fabric|alt_sld_fab_alt_sld_fab:alt_sld_fab|alt_sld_fab_alt_sld_fab_sldfabric:sldfabric|sld_jtag_hub:\jtag_hub_gen:real_sld_jtag_hub|identity_contrib_shift_reg[0]           ; sld_hub:auto_hub|alt_sld_fab_with_jtag_input:\instrumentation_fabric_with_node_gen:fabric_gen_new_way:with_jtag_input_gen:instrumentation_fabric|alt_sld_fab:instrumentation_fabric|alt_sld_fab_alt_sld_fab:alt_sld_fab|sldfabric_ident_writedata[0]                                                                                                     ; altera_reserved_tck ; altera_reserved_tck ; 0.000        ; 0.041      ; 0.314      ;
; 0.189 ; sld_hub:auto_hub|alt_sld_fab_with_jtag_input:\instrumentation_fabric_with_node_gen:fabric_gen_new_way:with_jtag_input_gen:instrumentation_fabric|alt_sld_fab:instrumentation_fabric|alt_sld_fab_alt_sld_fab:alt_sld_fab|alt_sld_fab_alt_sld_fab_sldfabric:sldfabric|sld_jtag_hub:\jtag_hub_gen:real_sld_jtag_hub|sld_shadow_jsm:shadow_jsm|tms_cnt[0]    ; sld_hub:auto_hub|alt_sld_fab_with_jtag_input:\instrumentation_fabric_with_node_gen:fabric_gen_new_way:with_jtag_input_gen:instrumentation_fabric|alt_sld_fab:instrumentation_fabric|alt_sld_fab_alt_sld_fab:alt_sld_fab|alt_sld_fab_alt_sld_fab_sldfabric:sldfabric|sld_jtag_hub:\jtag_hub_gen:real_sld_jtag_hub|sld_shadow_jsm:shadow_jsm|tms_cnt[0]    ; altera_reserved_tck ; altera_reserved_tck ; 0.000        ; 0.041      ; 0.314      ;
; 0.190 ; sld_hub:auto_hub|alt_sld_fab_with_jtag_input:\instrumentation_fabric_with_node_gen:fabric_gen_new_way:with_jtag_input_gen:instrumentation_fabric|alt_sld_fab:instrumentation_fabric|alt_sld_fab_alt_sld_fab:alt_sld_fab|alt_sld_fab_alt_sld_fab_sldfabric:sldfabric|sld_jtag_hub:\jtag_hub_gen:real_sld_jtag_hub|hub_mode_reg[2]                         ; sld_hub:auto_hub|alt_sld_fab_with_jtag_input:\instrumentation_fabric_with_node_gen:fabric_gen_new_way:with_jtag_input_gen:instrumentation_fabric|alt_sld_fab:instrumentation_fabric|alt_sld_fab_alt_sld_fab:alt_sld_fab|alt_sld_fab_alt_sld_fab_sldfabric:sldfabric|sld_jtag_hub:\jtag_hub_gen:real_sld_jtag_hub|clr_reg                                 ; altera_reserved_tck ; altera_reserved_tck ; 0.000        ; 0.042      ; 0.316      ;
; 0.190 ; BCDto7Seg:inst|BCDto7Seg_CPU:cpu|BCDto7Seg_CPU_cpu:cpu|BCDto7Seg_CPU_cpu_nios2_oci:the_BCDto7Seg_CPU_cpu_nios2_oci|BCDto7Seg_CPU_cpu_debug_slave_wrapper:the_BCDto7Seg_CPU_cpu_debug_slave_wrapper|BCDto7Seg_CPU_cpu_debug_slave_tck:the_BCDto7Seg_CPU_cpu_debug_slave_tck|altera_std_synchronizer:the_altera_std_synchronizer2|din_s1                   ; BCDto7Seg:inst|BCDto7Seg_CPU:cpu|BCDto7Seg_CPU_cpu:cpu|BCDto7Seg_CPU_cpu_nios2_oci:the_BCDto7Seg_CPU_cpu_nios2_oci|BCDto7Seg_CPU_cpu_debug_slave_wrapper:the_BCDto7Seg_CPU_cpu_debug_slave_wrapper|BCDto7Seg_CPU_cpu_debug_slave_tck:the_BCDto7Seg_CPU_cpu_debug_slave_tck|altera_std_synchronizer:the_altera_std_synchronizer2|dreg[0]                  ; altera_reserved_tck ; altera_reserved_tck ; 0.000        ; 0.041      ; 0.315      ;
; 0.190 ; sld_hub:auto_hub|alt_sld_fab_with_jtag_input:\instrumentation_fabric_with_node_gen:fabric_gen_new_way:with_jtag_input_gen:instrumentation_fabric|alt_sld_fab:instrumentation_fabric|alt_sld_fab_alt_sld_fab:alt_sld_fab|alt_sld_fab_alt_sld_fab_sldfabric:sldfabric|sld_jtag_hub:\jtag_hub_gen:real_sld_jtag_hub|sld_shadow_jsm:shadow_jsm|tms_cnt[1]    ; sld_hub:auto_hub|alt_sld_fab_with_jtag_input:\instrumentation_fabric_with_node_gen:fabric_gen_new_way:with_jtag_input_gen:instrumentation_fabric|alt_sld_fab:instrumentation_fabric|alt_sld_fab_alt_sld_fab:alt_sld_fab|alt_sld_fab_alt_sld_fab_sldfabric:sldfabric|sld_jtag_hub:\jtag_hub_gen:real_sld_jtag_hub|sld_shadow_jsm:shadow_jsm|tms_cnt[2]    ; altera_reserved_tck ; altera_reserved_tck ; 0.000        ; 0.041      ; 0.315      ;
; 0.191 ; BCDto7Seg:inst|BCDto7Seg_CPU:cpu|BCDto7Seg_CPU_cpu:cpu|BCDto7Seg_CPU_cpu_nios2_oci:the_BCDto7Seg_CPU_cpu_nios2_oci|BCDto7Seg_CPU_cpu_debug_slave_wrapper:the_BCDto7Seg_CPU_cpu_debug_slave_wrapper|BCDto7Seg_CPU_cpu_debug_slave_tck:the_BCDto7Seg_CPU_cpu_debug_slave_tck|altera_std_synchronizer:the_altera_std_synchronizer1|din_s1                   ; BCDto7Seg:inst|BCDto7Seg_CPU:cpu|BCDto7Seg_CPU_cpu:cpu|BCDto7Seg_CPU_cpu_nios2_oci:the_BCDto7Seg_CPU_cpu_nios2_oci|BCDto7Seg_CPU_cpu_debug_slave_wrapper:the_BCDto7Seg_CPU_cpu_debug_slave_wrapper|BCDto7Seg_CPU_cpu_debug_slave_tck:the_BCDto7Seg_CPU_cpu_debug_slave_tck|altera_std_synchronizer:the_altera_std_synchronizer1|dreg[0]                  ; altera_reserved_tck ; altera_reserved_tck ; 0.000        ; 0.041      ; 0.316      ;
; 0.191 ; sld_hub:auto_hub|alt_sld_fab_with_jtag_input:\instrumentation_fabric_with_node_gen:fabric_gen_new_way:with_jtag_input_gen:instrumentation_fabric|alt_sld_fab:instrumentation_fabric|alt_sld_fab_alt_sld_fab:alt_sld_fab|alt_sld_fab_alt_sld_fab_sldfabric:sldfabric|sld_jtag_hub:\jtag_hub_gen:real_sld_jtag_hub|sld_shadow_jsm:shadow_jsm|state[6]      ; sld_hub:auto_hub|alt_sld_fab_with_jtag_input:\instrumentation_fabric_with_node_gen:fabric_gen_new_way:with_jtag_input_gen:instrumentation_fabric|alt_sld_fab:instrumentation_fabric|alt_sld_fab_alt_sld_fab:alt_sld_fab|alt_sld_fab_alt_sld_fab_sldfabric:sldfabric|sld_jtag_hub:\jtag_hub_gen:real_sld_jtag_hub|sld_shadow_jsm:shadow_jsm|state[7]      ; altera_reserved_tck ; altera_reserved_tck ; 0.000        ; 0.042      ; 0.317      ;
; 0.192 ; sld_hub:auto_hub|alt_sld_fab_with_jtag_input:\instrumentation_fabric_with_node_gen:fabric_gen_new_way:with_jtag_input_gen:instrumentation_fabric|alt_sld_fab:instrumentation_fabric|alt_sld_fab_alt_sld_fab:alt_sld_fab|alt_sld_fab_alt_sld_fab_sldfabric:sldfabric|sld_jtag_hub:\jtag_hub_gen:real_sld_jtag_hub|jtag_ir_reg[2]                          ; sld_hub:auto_hub|alt_sld_fab_with_jtag_input:\instrumentation_fabric_with_node_gen:fabric_gen_new_way:with_jtag_input_gen:instrumentation_fabric|alt_sld_fab:instrumentation_fabric|alt_sld_fab_alt_sld_fab:alt_sld_fab|alt_sld_fab_alt_sld_fab_sldfabric:sldfabric|sld_jtag_hub:\jtag_hub_gen:real_sld_jtag_hub|jtag_ir_reg[1]                          ; altera_reserved_tck ; altera_reserved_tck ; 0.000        ; 0.042      ; 0.318      ;
; 0.192 ; sld_hub:auto_hub|alt_sld_fab_with_jtag_input:\instrumentation_fabric_with_node_gen:fabric_gen_new_way:with_jtag_input_gen:instrumentation_fabric|alt_sld_fab:instrumentation_fabric|alt_sld_fab_alt_sld_fab:alt_sld_fab|alt_sld_fab_alt_sld_fab_sldfabric:sldfabric|sld_jtag_hub:\jtag_hub_gen:real_sld_jtag_hub|jtag_ir_reg[4]                          ; sld_hub:auto_hub|alt_sld_fab_with_jtag_input:\instrumentation_fabric_with_node_gen:fabric_gen_new_way:with_jtag_input_gen:instrumentation_fabric|alt_sld_fab:instrumentation_fabric|alt_sld_fab_alt_sld_fab:alt_sld_fab|alt_sld_fab_alt_sld_fab_sldfabric:sldfabric|sld_jtag_hub:\jtag_hub_gen:real_sld_jtag_hub|jtag_ir_reg[3]                          ; altera_reserved_tck ; altera_reserved_tck ; 0.000        ; 0.042      ; 0.318      ;
; 0.192 ; sld_hub:auto_hub|alt_sld_fab_with_jtag_input:\instrumentation_fabric_with_node_gen:fabric_gen_new_way:with_jtag_input_gen:instrumentation_fabric|alt_sld_fab:instrumentation_fabric|alt_sld_fab_alt_sld_fab:alt_sld_fab|alt_sld_fab_alt_sld_fab_sldfabric:sldfabric|sld_jtag_hub:\jtag_hub_gen:real_sld_jtag_hub|sld_shadow_jsm:shadow_jsm|state[14]     ; sld_hub:auto_hub|alt_sld_fab_with_jtag_input:\instrumentation_fabric_with_node_gen:fabric_gen_new_way:with_jtag_input_gen:instrumentation_fabric|alt_sld_fab:instrumentation_fabric|alt_sld_fab_alt_sld_fab:alt_sld_fab|alt_sld_fab_alt_sld_fab_sldfabric:sldfabric|sld_jtag_hub:\jtag_hub_gen:real_sld_jtag_hub|sld_shadow_jsm:shadow_jsm|state[15]     ; altera_reserved_tck ; altera_reserved_tck ; 0.000        ; 0.042      ; 0.318      ;
; 0.192 ; sld_hub:auto_hub|alt_sld_fab_with_jtag_input:\instrumentation_fabric_with_node_gen:fabric_gen_new_way:with_jtag_input_gen:instrumentation_fabric|alt_sld_fab:instrumentation_fabric|alt_sld_fab_alt_sld_fab:alt_sld_fab|alt_sld_fab_alt_sld_fab_sldfabric:sldfabric|sld_jtag_hub:\jtag_hub_gen:real_sld_jtag_hub|sld_shadow_jsm:shadow_jsm|state[10]     ; sld_hub:auto_hub|alt_sld_fab_with_jtag_input:\instrumentation_fabric_with_node_gen:fabric_gen_new_way:with_jtag_input_gen:instrumentation_fabric|alt_sld_fab:instrumentation_fabric|alt_sld_fab_alt_sld_fab:alt_sld_fab|alt_sld_fab_alt_sld_fab_sldfabric:sldfabric|sld_jtag_hub:\jtag_hub_gen:real_sld_jtag_hub|sld_shadow_jsm:shadow_jsm|state[11]     ; altera_reserved_tck ; altera_reserved_tck ; 0.000        ; 0.042      ; 0.318      ;
; 0.193 ; sld_hub:auto_hub|alt_sld_fab_with_jtag_input:\instrumentation_fabric_with_node_gen:fabric_gen_new_way:with_jtag_input_gen:instrumentation_fabric|alt_sld_fab:instrumentation_fabric|alt_sld_fab_alt_sld_fab:alt_sld_fab|alt_sld_fab_alt_sld_fab_sldfabric:sldfabric|sld_jtag_hub:\jtag_hub_gen:real_sld_jtag_hub|identity_contrib_shift_reg[2]           ; sld_hub:auto_hub|alt_sld_fab_with_jtag_input:\instrumentation_fabric_with_node_gen:fabric_gen_new_way:with_jtag_input_gen:instrumentation_fabric|alt_sld_fab:instrumentation_fabric|alt_sld_fab_alt_sld_fab:alt_sld_fab|alt_sld_fab_alt_sld_fab_sldfabric:sldfabric|sld_jtag_hub:\jtag_hub_gen:real_sld_jtag_hub|identity_contrib_shift_reg[1]           ; altera_reserved_tck ; altera_reserved_tck ; 0.000        ; 0.041      ; 0.318      ;
; 0.193 ; BCDto7Seg:inst|BCDto7Seg_CPU:cpu|BCDto7Seg_CPU_cpu:cpu|BCDto7Seg_CPU_cpu_nios2_oci:the_BCDto7Seg_CPU_cpu_nios2_oci|BCDto7Seg_CPU_cpu_debug_slave_wrapper:the_BCDto7Seg_CPU_cpu_debug_slave_wrapper|BCDto7Seg_CPU_cpu_debug_slave_tck:the_BCDto7Seg_CPU_cpu_debug_slave_tck|altera_std_synchronizer:the_altera_std_synchronizer2|dreg[0]                  ; BCDto7Seg:inst|BCDto7Seg_CPU:cpu|BCDto7Seg_CPU_cpu:cpu|BCDto7Seg_CPU_cpu_nios2_oci:the_BCDto7Seg_CPU_cpu_nios2_oci|BCDto7Seg_CPU_cpu_debug_slave_wrapper:the_BCDto7Seg_CPU_cpu_debug_slave_wrapper|BCDto7Seg_CPU_cpu_debug_slave_tck:the_BCDto7Seg_CPU_cpu_debug_slave_tck|ir_out[0]                                                                     ; altera_reserved_tck ; altera_reserved_tck ; 0.000        ; 0.041      ; 0.318      ;
; 0.193 ; BCDto7Seg:inst|BCDto7Seg_CPU:cpu|BCDto7Seg_CPU_cpu:cpu|BCDto7Seg_CPU_cpu_nios2_oci:the_BCDto7Seg_CPU_cpu_nios2_oci|BCDto7Seg_CPU_cpu_debug_slave_wrapper:the_BCDto7Seg_CPU_cpu_debug_slave_wrapper|BCDto7Seg_CPU_cpu_debug_slave_tck:the_BCDto7Seg_CPU_cpu_debug_slave_tck|sr[5]                                                                         ; BCDto7Seg:inst|BCDto7Seg_CPU:cpu|BCDto7Seg_CPU_cpu:cpu|BCDto7Seg_CPU_cpu_nios2_oci:the_BCDto7Seg_CPU_cpu_nios2_oci|BCDto7Seg_CPU_cpu_debug_slave_wrapper:the_BCDto7Seg_CPU_cpu_debug_slave_wrapper|BCDto7Seg_CPU_cpu_debug_slave_tck:the_BCDto7Seg_CPU_cpu_debug_slave_tck|sr[4]                                                                         ; altera_reserved_tck ; altera_reserved_tck ; 0.000        ; 0.042      ; 0.319      ;
; 0.194 ; sld_hub:auto_hub|alt_sld_fab_with_jtag_input:\instrumentation_fabric_with_node_gen:fabric_gen_new_way:with_jtag_input_gen:instrumentation_fabric|alt_sld_fab:instrumentation_fabric|alt_sld_fab_alt_sld_fab:alt_sld_fab|alt_sld_fab_alt_sld_fab_sldfabric:sldfabric|sld_jtag_hub:\jtag_hub_gen:real_sld_jtag_hub|identity_contrib_shift_reg[2]           ; sld_hub:auto_hub|alt_sld_fab_with_jtag_input:\instrumentation_fabric_with_node_gen:fabric_gen_new_way:with_jtag_input_gen:instrumentation_fabric|alt_sld_fab:instrumentation_fabric|alt_sld_fab_alt_sld_fab:alt_sld_fab|sldfabric_ident_writedata[2]                                                                                                     ; altera_reserved_tck ; altera_reserved_tck ; 0.000        ; 0.041      ; 0.319      ;
; 0.194 ; sld_hub:auto_hub|alt_sld_fab_with_jtag_input:\instrumentation_fabric_with_node_gen:fabric_gen_new_way:with_jtag_input_gen:instrumentation_fabric|alt_sld_fab:instrumentation_fabric|alt_sld_fab_alt_sld_fab:alt_sld_fab|alt_sld_fab_alt_sld_fab_sldfabric:sldfabric|sld_jtag_hub:\jtag_hub_gen:real_sld_jtag_hub|identity_contrib_shift_reg[3]           ; sld_hub:auto_hub|alt_sld_fab_with_jtag_input:\instrumentation_fabric_with_node_gen:fabric_gen_new_way:with_jtag_input_gen:instrumentation_fabric|alt_sld_fab:instrumentation_fabric|alt_sld_fab_alt_sld_fab:alt_sld_fab|alt_sld_fab_alt_sld_fab_sldfabric:sldfabric|sld_jtag_hub:\jtag_hub_gen:real_sld_jtag_hub|identity_contrib_shift_reg[2]           ; altera_reserved_tck ; altera_reserved_tck ; 0.000        ; 0.041      ; 0.319      ;
; 0.194 ; sld_hub:auto_hub|alt_sld_fab_with_jtag_input:\instrumentation_fabric_with_node_gen:fabric_gen_new_way:with_jtag_input_gen:instrumentation_fabric|alt_sld_fab:instrumentation_fabric|alt_sld_fab_alt_sld_fab:alt_sld_fab|alt_sld_fab_alt_sld_fab_sldfabric:sldfabric|sld_jtag_hub:\jtag_hub_gen:real_sld_jtag_hub|sld_shadow_jsm:shadow_jsm|state[7]      ; sld_hub:auto_hub|alt_sld_fab_with_jtag_input:\instrumentation_fabric_with_node_gen:fabric_gen_new_way:with_jtag_input_gen:instrumentation_fabric|alt_sld_fab:instrumentation_fabric|alt_sld_fab_alt_sld_fab:alt_sld_fab|alt_sld_fab_alt_sld_fab_sldfabric:sldfabric|sld_jtag_hub:\jtag_hub_gen:real_sld_jtag_hub|sld_shadow_jsm:shadow_jsm|state[4]      ; altera_reserved_tck ; altera_reserved_tck ; 0.000        ; 0.042      ; 0.320      ;
; 0.195 ; sld_hub:auto_hub|alt_sld_fab_with_jtag_input:\instrumentation_fabric_with_node_gen:fabric_gen_new_way:with_jtag_input_gen:instrumentation_fabric|alt_sld_fab:instrumentation_fabric|alt_sld_fab_alt_sld_fab:alt_sld_fab|alt_sld_fab_alt_sld_fab_sldfabric:sldfabric|sld_jtag_hub:\jtag_hub_gen:real_sld_jtag_hub|identity_contrib_shift_reg[1]           ; sld_hub:auto_hub|alt_sld_fab_with_jtag_input:\instrumentation_fabric_with_node_gen:fabric_gen_new_way:with_jtag_input_gen:instrumentation_fabric|alt_sld_fab:instrumentation_fabric|alt_sld_fab_alt_sld_fab:alt_sld_fab|alt_sld_fab_alt_sld_fab_sldfabric:sldfabric|sld_jtag_hub:\jtag_hub_gen:real_sld_jtag_hub|identity_contrib_shift_reg[0]           ; altera_reserved_tck ; altera_reserved_tck ; 0.000        ; 0.041      ; 0.320      ;
; 0.195 ; sld_hub:auto_hub|alt_sld_fab_with_jtag_input:\instrumentation_fabric_with_node_gen:fabric_gen_new_way:with_jtag_input_gen:instrumentation_fabric|alt_sld_fab:instrumentation_fabric|alt_sld_fab_alt_sld_fab:alt_sld_fab|alt_sld_fab_alt_sld_fab_sldfabric:sldfabric|sld_jtag_hub:\jtag_hub_gen:real_sld_jtag_hub|identity_contrib_shift_reg[1]           ; sld_hub:auto_hub|alt_sld_fab_with_jtag_input:\instrumentation_fabric_with_node_gen:fabric_gen_new_way:with_jtag_input_gen:instrumentation_fabric|alt_sld_fab:instrumentation_fabric|alt_sld_fab_alt_sld_fab:alt_sld_fab|sldfabric_ident_writedata[1]                                                                                                     ; altera_reserved_tck ; altera_reserved_tck ; 0.000        ; 0.041      ; 0.320      ;
; 0.195 ; sld_hub:auto_hub|alt_sld_fab_with_jtag_input:\instrumentation_fabric_with_node_gen:fabric_gen_new_way:with_jtag_input_gen:instrumentation_fabric|alt_sld_fab:instrumentation_fabric|alt_sld_fab_alt_sld_fab:alt_sld_fab|alt_sld_fab_alt_sld_fab_sldfabric:sldfabric|sld_jtag_hub:\jtag_hub_gen:real_sld_jtag_hub|identity_contrib_shift_reg[3]           ; sld_hub:auto_hub|alt_sld_fab_with_jtag_input:\instrumentation_fabric_with_node_gen:fabric_gen_new_way:with_jtag_input_gen:instrumentation_fabric|alt_sld_fab:instrumentation_fabric|alt_sld_fab_alt_sld_fab:alt_sld_fab|sldfabric_ident_writedata[3]                                                                                                     ; altera_reserved_tck ; altera_reserved_tck ; 0.000        ; 0.041      ; 0.320      ;
; 0.197 ; sld_hub:auto_hub|alt_sld_fab_with_jtag_input:\instrumentation_fabric_with_node_gen:fabric_gen_new_way:with_jtag_input_gen:instrumentation_fabric|alt_sld_fab:instrumentation_fabric|alt_sld_fab_alt_sld_fab:alt_sld_fab|alt_sld_fab_alt_sld_fab_sldfabric:sldfabric|sld_jtag_hub:\jtag_hub_gen:real_sld_jtag_hub|jtag_ir_reg[3]                          ; sld_hub:auto_hub|alt_sld_fab_with_jtag_input:\instrumentation_fabric_with_node_gen:fabric_gen_new_way:with_jtag_input_gen:instrumentation_fabric|alt_sld_fab:instrumentation_fabric|alt_sld_fab_alt_sld_fab:alt_sld_fab|alt_sld_fab_alt_sld_fab_sldfabric:sldfabric|sld_jtag_hub:\jtag_hub_gen:real_sld_jtag_hub|jtag_ir_reg[2]                          ; altera_reserved_tck ; altera_reserved_tck ; 0.000        ; 0.042      ; 0.323      ;
; 0.199 ; sld_hub:auto_hub|alt_sld_fab_with_jtag_input:\instrumentation_fabric_with_node_gen:fabric_gen_new_way:with_jtag_input_gen:instrumentation_fabric|alt_sld_fab:instrumentation_fabric|alt_sld_fab_alt_sld_fab:alt_sld_fab|alt_sld_fab_alt_sld_fab_sldfabric:sldfabric|sld_jtag_hub:\jtag_hub_gen:real_sld_jtag_hub|sld_shadow_jsm:shadow_jsm|state[2]      ; sld_hub:auto_hub|alt_sld_fab_with_jtag_input:\instrumentation_fabric_with_node_gen:fabric_gen_new_way:with_jtag_input_gen:instrumentation_fabric|alt_sld_fab:instrumentation_fabric|alt_sld_fab_alt_sld_fab:alt_sld_fab|alt_sld_fab_alt_sld_fab_sldfabric:sldfabric|sld_jtag_hub:\jtag_hub_gen:real_sld_jtag_hub|sld_shadow_jsm:shadow_jsm|state[3]      ; altera_reserved_tck ; altera_reserved_tck ; 0.000        ; 0.042      ; 0.325      ;
; 0.200 ; sld_hub:auto_hub|alt_sld_fab_with_jtag_input:\instrumentation_fabric_with_node_gen:fabric_gen_new_way:with_jtag_input_gen:instrumentation_fabric|alt_sld_fab:instrumentation_fabric|alt_sld_fab_alt_sld_fab:alt_sld_fab|alt_sld_fab_alt_sld_fab_sldfabric:sldfabric|sld_jtag_hub:\jtag_hub_gen:real_sld_jtag_hub|jtag_ir_reg[1]                          ; sld_hub:auto_hub|alt_sld_fab_with_jtag_input:\instrumentation_fabric_with_node_gen:fabric_gen_new_way:with_jtag_input_gen:instrumentation_fabric|alt_sld_fab:instrumentation_fabric|alt_sld_fab_alt_sld_fab:alt_sld_fab|alt_sld_fab_alt_sld_fab_sldfabric:sldfabric|sld_jtag_hub:\jtag_hub_gen:real_sld_jtag_hub|jtag_ir_reg[0]                          ; altera_reserved_tck ; altera_reserved_tck ; 0.000        ; 0.042      ; 0.326      ;
; 0.200 ; BCDto7Seg:inst|BCDto7Seg_CPU:cpu|BCDto7Seg_CPU_cpu:cpu|BCDto7Seg_CPU_cpu_nios2_oci:the_BCDto7Seg_CPU_cpu_nios2_oci|BCDto7Seg_CPU_cpu_debug_slave_wrapper:the_BCDto7Seg_CPU_cpu_debug_slave_wrapper|BCDto7Seg_CPU_cpu_debug_slave_tck:the_BCDto7Seg_CPU_cpu_debug_slave_tck|sr[26]                                                                        ; BCDto7Seg:inst|BCDto7Seg_CPU:cpu|BCDto7Seg_CPU_cpu:cpu|BCDto7Seg_CPU_cpu_nios2_oci:the_BCDto7Seg_CPU_cpu_nios2_oci|BCDto7Seg_CPU_cpu_debug_slave_wrapper:the_BCDto7Seg_CPU_cpu_debug_slave_wrapper|BCDto7Seg_CPU_cpu_debug_slave_tck:the_BCDto7Seg_CPU_cpu_debug_slave_tck|sr[25]                                                                        ; altera_reserved_tck ; altera_reserved_tck ; 0.000        ; 0.041      ; 0.325      ;
; 0.200 ; BCDto7Seg:inst|BCDto7Seg_CPU:cpu|BCDto7Seg_CPU_cpu:cpu|BCDto7Seg_CPU_cpu_nios2_oci:the_BCDto7Seg_CPU_cpu_nios2_oci|BCDto7Seg_CPU_cpu_debug_slave_wrapper:the_BCDto7Seg_CPU_cpu_debug_slave_wrapper|BCDto7Seg_CPU_cpu_debug_slave_tck:the_BCDto7Seg_CPU_cpu_debug_slave_tck|sr[20]                                                                        ; BCDto7Seg:inst|BCDto7Seg_CPU:cpu|BCDto7Seg_CPU_cpu:cpu|BCDto7Seg_CPU_cpu_nios2_oci:the_BCDto7Seg_CPU_cpu_nios2_oci|BCDto7Seg_CPU_cpu_debug_slave_wrapper:the_BCDto7Seg_CPU_cpu_debug_slave_wrapper|BCDto7Seg_CPU_cpu_debug_slave_tck:the_BCDto7Seg_CPU_cpu_debug_slave_tck|sr[19]                                                                        ; altera_reserved_tck ; altera_reserved_tck ; 0.000        ; 0.041      ; 0.325      ;
; 0.201 ; BCDto7Seg:inst|BCDto7Seg_CPU:cpu|BCDto7Seg_CPU_cpu:cpu|BCDto7Seg_CPU_cpu_nios2_oci:the_BCDto7Seg_CPU_cpu_nios2_oci|BCDto7Seg_CPU_cpu_debug_slave_wrapper:the_BCDto7Seg_CPU_cpu_debug_slave_wrapper|BCDto7Seg_CPU_cpu_debug_slave_tck:the_BCDto7Seg_CPU_cpu_debug_slave_tck|sr[21]                                                                        ; BCDto7Seg:inst|BCDto7Seg_CPU:cpu|BCDto7Seg_CPU_cpu:cpu|BCDto7Seg_CPU_cpu_nios2_oci:the_BCDto7Seg_CPU_cpu_nios2_oci|BCDto7Seg_CPU_cpu_debug_slave_wrapper:the_BCDto7Seg_CPU_cpu_debug_slave_wrapper|BCDto7Seg_CPU_cpu_debug_slave_tck:the_BCDto7Seg_CPU_cpu_debug_slave_tck|sr[20]                                                                        ; altera_reserved_tck ; altera_reserved_tck ; 0.000        ; 0.041      ; 0.326      ;
; 0.201 ; BCDto7Seg:inst|BCDto7Seg_CPU:cpu|BCDto7Seg_CPU_cpu:cpu|BCDto7Seg_CPU_cpu_nios2_oci:the_BCDto7Seg_CPU_cpu_nios2_oci|BCDto7Seg_CPU_cpu_debug_slave_wrapper:the_BCDto7Seg_CPU_cpu_debug_slave_wrapper|BCDto7Seg_CPU_cpu_debug_slave_tck:the_BCDto7Seg_CPU_cpu_debug_slave_tck|sr[17]                                                                        ; BCDto7Seg:inst|BCDto7Seg_CPU:cpu|BCDto7Seg_CPU_cpu:cpu|BCDto7Seg_CPU_cpu_nios2_oci:the_BCDto7Seg_CPU_cpu_nios2_oci|BCDto7Seg_CPU_cpu_debug_slave_wrapper:the_BCDto7Seg_CPU_cpu_debug_slave_wrapper|BCDto7Seg_CPU_cpu_debug_slave_tck:the_BCDto7Seg_CPU_cpu_debug_slave_tck|sr[16]                                                                        ; altera_reserved_tck ; altera_reserved_tck ; 0.000        ; 0.041      ; 0.326      ;
; 0.202 ; sld_hub:auto_hub|alt_sld_fab_with_jtag_input:\instrumentation_fabric_with_node_gen:fabric_gen_new_way:with_jtag_input_gen:instrumentation_fabric|alt_sld_fab:instrumentation_fabric|alt_sld_fab_alt_sld_fab:alt_sld_fab|alt_sld_fab_alt_sld_fab_sldfabric:sldfabric|sld_jtag_hub:\jtag_hub_gen:real_sld_jtag_hub|sld_shadow_jsm:shadow_jsm|state[4]      ; sld_hub:auto_hub|alt_sld_fab_with_jtag_input:\instrumentation_fabric_with_node_gen:fabric_gen_new_way:with_jtag_input_gen:instrumentation_fabric|alt_sld_fab:instrumentation_fabric|alt_sld_fab_alt_sld_fab:alt_sld_fab|alt_sld_fab_alt_sld_fab_sldfabric:sldfabric|sld_jtag_hub:\jtag_hub_gen:real_sld_jtag_hub|sld_shadow_jsm:shadow_jsm|state[5]      ; altera_reserved_tck ; altera_reserved_tck ; 0.000        ; 0.042      ; 0.328      ;
; 0.204 ; sld_hub:auto_hub|alt_sld_fab_with_jtag_input:\instrumentation_fabric_with_node_gen:fabric_gen_new_way:with_jtag_input_gen:instrumentation_fabric|alt_sld_fab:instrumentation_fabric|alt_sld_fab_alt_sld_fab:alt_sld_fab|alt_sld_fab_alt_sld_fab_sldfabric:sldfabric|sld_jtag_hub:\jtag_hub_gen:real_sld_jtag_hub|sld_shadow_jsm:shadow_jsm|state[15]     ; sld_hub:auto_hub|alt_sld_fab_with_jtag_input:\instrumentation_fabric_with_node_gen:fabric_gen_new_way:with_jtag_input_gen:instrumentation_fabric|alt_sld_fab:instrumentation_fabric|alt_sld_fab_alt_sld_fab:alt_sld_fab|alt_sld_fab_alt_sld_fab_sldfabric:sldfabric|sld_jtag_hub:\jtag_hub_gen:real_sld_jtag_hub|sld_shadow_jsm:shadow_jsm|state[2]      ; altera_reserved_tck ; altera_reserved_tck ; 0.000        ; 0.042      ; 0.330      ;
; 0.204 ; sld_hub:auto_hub|alt_sld_fab_with_jtag_input:\instrumentation_fabric_with_node_gen:fabric_gen_new_way:with_jtag_input_gen:instrumentation_fabric|alt_sld_fab:instrumentation_fabric|alt_sld_fab_alt_sld_fab:alt_sld_fab|alt_sld_fab_alt_sld_fab_sldfabric:sldfabric|sld_jtag_hub:\jtag_hub_gen:real_sld_jtag_hub|sld_shadow_jsm:shadow_jsm|state[9]      ; sld_hub:auto_hub|alt_sld_fab_with_jtag_input:\instrumentation_fabric_with_node_gen:fabric_gen_new_way:with_jtag_input_gen:instrumentation_fabric|alt_sld_fab:instrumentation_fabric|alt_sld_fab_alt_sld_fab:alt_sld_fab|alt_sld_fab_alt_sld_fab_sldfabric:sldfabric|sld_jtag_hub:\jtag_hub_gen:real_sld_jtag_hub|sld_shadow_jsm:shadow_jsm|state[0]      ; altera_reserved_tck ; altera_reserved_tck ; 0.000        ; 0.041      ; 0.329      ;
; 0.207 ; sld_hub:auto_hub|alt_sld_fab_with_jtag_input:\instrumentation_fabric_with_node_gen:fabric_gen_new_way:with_jtag_input_gen:instrumentation_fabric|alt_sld_fab:instrumentation_fabric|alt_sld_fab_alt_sld_fab:alt_sld_fab|alt_sld_fab_alt_sld_fab_sldfabric:sldfabric|sld_jtag_hub:\jtag_hub_gen:real_sld_jtag_hub|irsr_reg[1]                             ; sld_hub:auto_hub|alt_sld_fab_with_jtag_input:\instrumentation_fabric_with_node_gen:fabric_gen_new_way:with_jtag_input_gen:instrumentation_fabric|alt_sld_fab:instrumentation_fabric|alt_sld_fab_alt_sld_fab:alt_sld_fab|alt_sld_fab_alt_sld_fab_sldfabric:sldfabric|sld_jtag_hub:\jtag_hub_gen:real_sld_jtag_hub|irsr_reg[0]                             ; altera_reserved_tck ; altera_reserved_tck ; 0.000        ; 0.041      ; 0.332      ;
; 0.220 ; sld_hub:auto_hub|alt_sld_fab_with_jtag_input:\instrumentation_fabric_with_node_gen:fabric_gen_new_way:with_jtag_input_gen:instrumentation_fabric|alt_sld_fab:instrumentation_fabric|alt_sld_fab_alt_sld_fab:alt_sld_fab|alt_sld_fab_alt_sld_fab_sldfabric:sldfabric|sld_jtag_hub:\jtag_hub_gen:real_sld_jtag_hub|mixer_addr_reg_internal[4]              ; sld_hub:auto_hub|alt_sld_fab_with_jtag_input:\instrumentation_fabric_with_node_gen:fabric_gen_new_way:with_jtag_input_gen:instrumentation_fabric|alt_sld_fab:instrumentation_fabric|alt_sld_fab_alt_sld_fab:alt_sld_fab|alt_sld_fab_alt_sld_fab_sldfabric:sldfabric|sld_jtag_hub:\jtag_hub_gen:real_sld_jtag_hub|mixer_addr_reg_internal[4]              ; altera_reserved_tck ; altera_reserved_tck ; 0.000        ; 0.041      ; 0.345      ;
; 0.248 ; sld_hub:auto_hub|alt_sld_fab_with_jtag_input:\instrumentation_fabric_with_node_gen:fabric_gen_new_way:with_jtag_input_gen:instrumentation_fabric|alt_sld_fab:instrumentation_fabric|alt_sld_fab_alt_sld_fab:alt_sld_fab|alt_sld_fab_alt_sld_fab_sldfabric:sldfabric|sld_jtag_hub:\jtag_hub_gen:real_sld_jtag_hub|sld_rom_sr:hub_info_reg|WORD_SR[2]      ; sld_hub:auto_hub|alt_sld_fab_with_jtag_input:\instrumentation_fabric_with_node_gen:fabric_gen_new_way:with_jtag_input_gen:instrumentation_fabric|alt_sld_fab:instrumentation_fabric|alt_sld_fab_alt_sld_fab:alt_sld_fab|alt_sld_fab_alt_sld_fab_sldfabric:sldfabric|sld_jtag_hub:\jtag_hub_gen:real_sld_jtag_hub|sld_rom_sr:hub_info_reg|WORD_SR[1]      ; altera_reserved_tck ; altera_reserved_tck ; 0.000        ; 0.041      ; 0.373      ;
; 0.249 ; sld_hub:auto_hub|alt_sld_fab_with_jtag_input:\instrumentation_fabric_with_node_gen:fabric_gen_new_way:with_jtag_input_gen:instrumentation_fabric|alt_sld_fab:instrumentation_fabric|alt_sld_fab_alt_sld_fab:alt_sld_fab|alt_sld_fab_alt_sld_fab_sldfabric:sldfabric|sld_jtag_hub:\jtag_hub_gen:real_sld_jtag_hub|hub_minor_ver_reg[3]                    ; sld_hub:auto_hub|alt_sld_fab_with_jtag_input:\instrumentation_fabric_with_node_gen:fabric_gen_new_way:with_jtag_input_gen:instrumentation_fabric|alt_sld_fab:instrumentation_fabric|alt_sld_fab_alt_sld_fab:alt_sld_fab|alt_sld_fab_alt_sld_fab_sldfabric:sldfabric|sld_jtag_hub:\jtag_hub_gen:real_sld_jtag_hub|hub_minor_ver_reg[2]                    ; altera_reserved_tck ; altera_reserved_tck ; 0.000        ; 0.041      ; 0.374      ;
; 0.252 ; BCDto7Seg:inst|BCDto7Seg_CPU:cpu|BCDto7Seg_CPU_cpu:cpu|BCDto7Seg_CPU_cpu_nios2_oci:the_BCDto7Seg_CPU_cpu_nios2_oci|BCDto7Seg_CPU_cpu_debug_slave_wrapper:the_BCDto7Seg_CPU_cpu_debug_slave_wrapper|BCDto7Seg_CPU_cpu_debug_slave_tck:the_BCDto7Seg_CPU_cpu_debug_slave_tck|sr[4]                                                                         ; BCDto7Seg:inst|BCDto7Seg_CPU:cpu|BCDto7Seg_CPU_cpu:cpu|BCDto7Seg_CPU_cpu_nios2_oci:the_BCDto7Seg_CPU_cpu_nios2_oci|BCDto7Seg_CPU_cpu_debug_slave_wrapper:the_BCDto7Seg_CPU_cpu_debug_slave_wrapper|BCDto7Seg_CPU_cpu_debug_slave_tck:the_BCDto7Seg_CPU_cpu_debug_slave_tck|sr[3]                                                                         ; altera_reserved_tck ; altera_reserved_tck ; 0.000        ; 0.042      ; 0.378      ;
; 0.253 ; sld_hub:auto_hub|alt_sld_fab_with_jtag_input:\instrumentation_fabric_with_node_gen:fabric_gen_new_way:with_jtag_input_gen:instrumentation_fabric|alt_sld_fab:instrumentation_fabric|alt_sld_fab_alt_sld_fab:alt_sld_fab|alt_sld_fab_alt_sld_fab_sldfabric:sldfabric|sld_jtag_hub:\jtag_hub_gen:real_sld_jtag_hub|irsr_reg[3]                             ; sld_hub:auto_hub|alt_sld_fab_with_jtag_input:\instrumentation_fabric_with_node_gen:fabric_gen_new_way:with_jtag_input_gen:instrumentation_fabric|alt_sld_fab:instrumentation_fabric|alt_sld_fab_alt_sld_fab:alt_sld_fab|alt_sld_fab_alt_sld_fab_sldfabric:sldfabric|sld_jtag_hub:\jtag_hub_gen:real_sld_jtag_hub|irsr_reg[2]                             ; altera_reserved_tck ; altera_reserved_tck ; 0.000        ; 0.041      ; 0.378      ;
; 0.253 ; BCDto7Seg:inst|BCDto7Seg_CPU:cpu|BCDto7Seg_CPU_cpu:cpu|BCDto7Seg_CPU_cpu_nios2_oci:the_BCDto7Seg_CPU_cpu_nios2_oci|BCDto7Seg_CPU_cpu_debug_slave_wrapper:the_BCDto7Seg_CPU_cpu_debug_slave_wrapper|BCDto7Seg_CPU_cpu_debug_slave_tck:the_BCDto7Seg_CPU_cpu_debug_slave_tck|altera_std_synchronizer:the_altera_std_synchronizer1|dreg[0]                  ; BCDto7Seg:inst|BCDto7Seg_CPU:cpu|BCDto7Seg_CPU_cpu:cpu|BCDto7Seg_CPU_cpu_nios2_oci:the_BCDto7Seg_CPU_cpu_nios2_oci|BCDto7Seg_CPU_cpu_debug_slave_wrapper:the_BCDto7Seg_CPU_cpu_debug_slave_wrapper|BCDto7Seg_CPU_cpu_debug_slave_tck:the_BCDto7Seg_CPU_cpu_debug_slave_tck|ir_out[1]                                                                     ; altera_reserved_tck ; altera_reserved_tck ; 0.000        ; 0.041      ; 0.378      ;
; 0.253 ; BCDto7Seg:inst|BCDto7Seg_CPU:cpu|BCDto7Seg_CPU_cpu:cpu|BCDto7Seg_CPU_cpu_nios2_oci:the_BCDto7Seg_CPU_cpu_nios2_oci|BCDto7Seg_CPU_cpu_debug_slave_wrapper:the_BCDto7Seg_CPU_cpu_debug_slave_wrapper|BCDto7Seg_CPU_cpu_debug_slave_tck:the_BCDto7Seg_CPU_cpu_debug_slave_tck|sr[3]                                                                         ; BCDto7Seg:inst|BCDto7Seg_CPU:cpu|BCDto7Seg_CPU_cpu:cpu|BCDto7Seg_CPU_cpu_nios2_oci:the_BCDto7Seg_CPU_cpu_nios2_oci|BCDto7Seg_CPU_cpu_debug_slave_wrapper:the_BCDto7Seg_CPU_cpu_debug_slave_wrapper|BCDto7Seg_CPU_cpu_debug_slave_tck:the_BCDto7Seg_CPU_cpu_debug_slave_tck|sr[2]                                                                         ; altera_reserved_tck ; altera_reserved_tck ; 0.000        ; 0.042      ; 0.379      ;
; 0.254 ; BCDto7Seg:inst|BCDto7Seg_CPU:cpu|BCDto7Seg_CPU_cpu:cpu|BCDto7Seg_CPU_cpu_nios2_oci:the_BCDto7Seg_CPU_cpu_nios2_oci|BCDto7Seg_CPU_cpu_debug_slave_wrapper:the_BCDto7Seg_CPU_cpu_debug_slave_wrapper|BCDto7Seg_CPU_cpu_debug_slave_tck:the_BCDto7Seg_CPU_cpu_debug_slave_tck|sr[13]                                                                        ; BCDto7Seg:inst|BCDto7Seg_CPU:cpu|BCDto7Seg_CPU_cpu:cpu|BCDto7Seg_CPU_cpu_nios2_oci:the_BCDto7Seg_CPU_cpu_nios2_oci|BCDto7Seg_CPU_cpu_debug_slave_wrapper:the_BCDto7Seg_CPU_cpu_debug_slave_wrapper|BCDto7Seg_CPU_cpu_debug_slave_tck:the_BCDto7Seg_CPU_cpu_debug_slave_tck|sr[12]                                                                        ; altera_reserved_tck ; altera_reserved_tck ; 0.000        ; 0.041      ; 0.379      ;
; 0.254 ; BCDto7Seg:inst|BCDto7Seg_CPU:cpu|BCDto7Seg_CPU_cpu:cpu|BCDto7Seg_CPU_cpu_nios2_oci:the_BCDto7Seg_CPU_cpu_nios2_oci|BCDto7Seg_CPU_cpu_debug_slave_wrapper:the_BCDto7Seg_CPU_cpu_debug_slave_wrapper|BCDto7Seg_CPU_cpu_debug_slave_tck:the_BCDto7Seg_CPU_cpu_debug_slave_tck|sr[11]                                                                        ; BCDto7Seg:inst|BCDto7Seg_CPU:cpu|BCDto7Seg_CPU_cpu:cpu|BCDto7Seg_CPU_cpu_nios2_oci:the_BCDto7Seg_CPU_cpu_nios2_oci|BCDto7Seg_CPU_cpu_debug_slave_wrapper:the_BCDto7Seg_CPU_cpu_debug_slave_wrapper|BCDto7Seg_CPU_cpu_debug_slave_tck:the_BCDto7Seg_CPU_cpu_debug_slave_tck|sr[10]                                                                        ; altera_reserved_tck ; altera_reserved_tck ; 0.000        ; 0.041      ; 0.379      ;
; 0.255 ; BCDto7Seg:inst|BCDto7Seg_CPU:cpu|BCDto7Seg_CPU_cpu:cpu|BCDto7Seg_CPU_cpu_nios2_oci:the_BCDto7Seg_CPU_cpu_nios2_oci|BCDto7Seg_CPU_cpu_debug_slave_wrapper:the_BCDto7Seg_CPU_cpu_debug_slave_wrapper|BCDto7Seg_CPU_cpu_debug_slave_tck:the_BCDto7Seg_CPU_cpu_debug_slave_tck|sr[6]                                                                         ; BCDto7Seg:inst|BCDto7Seg_CPU:cpu|BCDto7Seg_CPU_cpu:cpu|BCDto7Seg_CPU_cpu_nios2_oci:the_BCDto7Seg_CPU_cpu_nios2_oci|BCDto7Seg_CPU_cpu_debug_slave_wrapper:the_BCDto7Seg_CPU_cpu_debug_slave_wrapper|BCDto7Seg_CPU_cpu_debug_slave_tck:the_BCDto7Seg_CPU_cpu_debug_slave_tck|sr[5]                                                                         ; altera_reserved_tck ; altera_reserved_tck ; 0.000        ; 0.042      ; 0.381      ;
; 0.256 ; sld_hub:auto_hub|alt_sld_fab_with_jtag_input:\instrumentation_fabric_with_node_gen:fabric_gen_new_way:with_jtag_input_gen:instrumentation_fabric|alt_sld_fab:instrumentation_fabric|alt_sld_fab_alt_sld_fab:alt_sld_fab|alt_sld_fab_alt_sld_fab_sldfabric:sldfabric|sld_jtag_hub:\jtag_hub_gen:real_sld_jtag_hub|jtag_ir_reg[5]                          ; sld_hub:auto_hub|alt_sld_fab_with_jtag_input:\instrumentation_fabric_with_node_gen:fabric_gen_new_way:with_jtag_input_gen:instrumentation_fabric|alt_sld_fab:instrumentation_fabric|alt_sld_fab_alt_sld_fab:alt_sld_fab|alt_sld_fab_alt_sld_fab_sldfabric:sldfabric|sld_jtag_hub:\jtag_hub_gen:real_sld_jtag_hub|jtag_ir_reg[4]                          ; altera_reserved_tck ; altera_reserved_tck ; 0.000        ; 0.042      ; 0.382      ;
; 0.259 ; BCDto7Seg:inst|BCDto7Seg_CPU:cpu|BCDto7Seg_CPU_cpu:cpu|BCDto7Seg_CPU_cpu_nios2_oci:the_BCDto7Seg_CPU_cpu_nios2_oci|BCDto7Seg_CPU_cpu_debug_slave_wrapper:the_BCDto7Seg_CPU_cpu_debug_slave_wrapper|BCDto7Seg_CPU_cpu_debug_slave_tck:the_BCDto7Seg_CPU_cpu_debug_slave_tck|sr[2]                                                                         ; BCDto7Seg:inst|BCDto7Seg_CPU:cpu|BCDto7Seg_CPU_cpu:cpu|BCDto7Seg_CPU_cpu_nios2_oci:the_BCDto7Seg_CPU_cpu_nios2_oci|BCDto7Seg_CPU_cpu_debug_slave_wrapper:the_BCDto7Seg_CPU_cpu_debug_slave_wrapper|BCDto7Seg_CPU_cpu_debug_slave_tck:the_BCDto7Seg_CPU_cpu_debug_slave_tck|sr[1]                                                                         ; altera_reserved_tck ; altera_reserved_tck ; 0.000        ; 0.042      ; 0.385      ;
; 0.259 ; BCDto7Seg:inst|BCDto7Seg_CPU:cpu|BCDto7Seg_CPU_cpu:cpu|BCDto7Seg_CPU_cpu_nios2_oci:the_BCDto7Seg_CPU_cpu_nios2_oci|BCDto7Seg_CPU_cpu_debug_slave_wrapper:the_BCDto7Seg_CPU_cpu_debug_slave_wrapper|BCDto7Seg_CPU_cpu_debug_slave_tck:the_BCDto7Seg_CPU_cpu_debug_slave_tck|sr[24]                                                                        ; BCDto7Seg:inst|BCDto7Seg_CPU:cpu|BCDto7Seg_CPU_cpu:cpu|BCDto7Seg_CPU_cpu_nios2_oci:the_BCDto7Seg_CPU_cpu_nios2_oci|BCDto7Seg_CPU_cpu_debug_slave_wrapper:the_BCDto7Seg_CPU_cpu_debug_slave_wrapper|BCDto7Seg_CPU_cpu_debug_slave_tck:the_BCDto7Seg_CPU_cpu_debug_slave_tck|sr[23]                                                                        ; altera_reserved_tck ; altera_reserved_tck ; 0.000        ; 0.041      ; 0.384      ;
; 0.262 ; sld_hub:auto_hub|alt_sld_fab_with_jtag_input:\instrumentation_fabric_with_node_gen:fabric_gen_new_way:with_jtag_input_gen:instrumentation_fabric|alt_sld_fab:instrumentation_fabric|alt_sld_fab_alt_sld_fab:alt_sld_fab|alt_sld_fab_alt_sld_fab_sldfabric:sldfabric|sld_jtag_hub:\jtag_hub_gen:real_sld_jtag_hub|jtag_ir_reg[0]                          ; sld_hub:auto_hub|alt_sld_fab_with_jtag_input:\instrumentation_fabric_with_node_gen:fabric_gen_new_way:with_jtag_input_gen:instrumentation_fabric|alt_sld_fab:instrumentation_fabric|alt_sld_fab_alt_sld_fab:alt_sld_fab|alt_sld_fab_alt_sld_fab_sldfabric:sldfabric|sld_jtag_hub:\jtag_hub_gen:real_sld_jtag_hub|virtual_ir_scan_reg                     ; altera_reserved_tck ; altera_reserved_tck ; 0.000        ; 0.042      ; 0.388      ;
; 0.262 ; BCDto7Seg:inst|BCDto7Seg_CPU:cpu|BCDto7Seg_CPU_cpu:cpu|BCDto7Seg_CPU_cpu_nios2_oci:the_BCDto7Seg_CPU_cpu_nios2_oci|BCDto7Seg_CPU_cpu_debug_slave_wrapper:the_BCDto7Seg_CPU_cpu_debug_slave_wrapper|BCDto7Seg_CPU_cpu_debug_slave_tck:the_BCDto7Seg_CPU_cpu_debug_slave_tck|sr[23]                                                                        ; BCDto7Seg:inst|BCDto7Seg_CPU:cpu|BCDto7Seg_CPU_cpu:cpu|BCDto7Seg_CPU_cpu_nios2_oci:the_BCDto7Seg_CPU_cpu_nios2_oci|BCDto7Seg_CPU_cpu_debug_slave_wrapper:the_BCDto7Seg_CPU_cpu_debug_slave_wrapper|BCDto7Seg_CPU_cpu_debug_slave_tck:the_BCDto7Seg_CPU_cpu_debug_slave_tck|sr[22]                                                                        ; altera_reserved_tck ; altera_reserved_tck ; 0.000        ; 0.041      ; 0.387      ;
; 0.263 ; BCDto7Seg:inst|BCDto7Seg_CPU:cpu|BCDto7Seg_CPU_cpu:cpu|BCDto7Seg_CPU_cpu_nios2_oci:the_BCDto7Seg_CPU_cpu_nios2_oci|BCDto7Seg_CPU_cpu_debug_slave_wrapper:the_BCDto7Seg_CPU_cpu_debug_slave_wrapper|BCDto7Seg_CPU_cpu_debug_slave_tck:the_BCDto7Seg_CPU_cpu_debug_slave_tck|DRsize.000                                                                    ; BCDto7Seg:inst|BCDto7Seg_CPU:cpu|BCDto7Seg_CPU_cpu:cpu|BCDto7Seg_CPU_cpu_nios2_oci:the_BCDto7Seg_CPU_cpu_nios2_oci|BCDto7Seg_CPU_cpu_debug_slave_wrapper:the_BCDto7Seg_CPU_cpu_debug_slave_wrapper|BCDto7Seg_CPU_cpu_debug_slave_tck:the_BCDto7Seg_CPU_cpu_debug_slave_tck|sr[0]                                                                         ; altera_reserved_tck ; altera_reserved_tck ; 0.000        ; 0.041      ; 0.388      ;
; 0.263 ; sld_hub:auto_hub|alt_sld_fab_with_jtag_input:\instrumentation_fabric_with_node_gen:fabric_gen_new_way:with_jtag_input_gen:instrumentation_fabric|alt_sld_fab:instrumentation_fabric|alt_sld_fab_alt_sld_fab:alt_sld_fab|alt_sld_fab_alt_sld_fab_sldfabric:sldfabric|sld_jtag_hub:\jtag_hub_gen:real_sld_jtag_hub|design_hash_reg[1]                      ; sld_hub:auto_hub|alt_sld_fab_with_jtag_input:\instrumentation_fabric_with_node_gen:fabric_gen_new_way:with_jtag_input_gen:instrumentation_fabric|alt_sld_fab:instrumentation_fabric|alt_sld_fab_alt_sld_fab:alt_sld_fab|alt_sld_fab_alt_sld_fab_sldfabric:sldfabric|sld_jtag_hub:\jtag_hub_gen:real_sld_jtag_hub|design_hash_reg[0]                      ; altera_reserved_tck ; altera_reserved_tck ; 0.000        ; 0.041      ; 0.388      ;
; 0.264 ; sld_hub:auto_hub|alt_sld_fab_with_jtag_input:\instrumentation_fabric_with_node_gen:fabric_gen_new_way:with_jtag_input_gen:instrumentation_fabric|alt_sld_fab:instrumentation_fabric|alt_sld_fab_alt_sld_fab:alt_sld_fab|alt_sld_fab_alt_sld_fab_sldfabric:sldfabric|sld_jtag_hub:\jtag_hub_gen:real_sld_jtag_hub|design_hash_reg[2]                      ; sld_hub:auto_hub|alt_sld_fab_with_jtag_input:\instrumentation_fabric_with_node_gen:fabric_gen_new_way:with_jtag_input_gen:instrumentation_fabric|alt_sld_fab:instrumentation_fabric|alt_sld_fab_alt_sld_fab:alt_sld_fab|alt_sld_fab_alt_sld_fab_sldfabric:sldfabric|sld_jtag_hub:\jtag_hub_gen:real_sld_jtag_hub|design_hash_reg[1]                      ; altera_reserved_tck ; altera_reserved_tck ; 0.000        ; 0.041      ; 0.389      ;
; 0.264 ; sld_hub:auto_hub|alt_sld_fab_with_jtag_input:\instrumentation_fabric_with_node_gen:fabric_gen_new_way:with_jtag_input_gen:instrumentation_fabric|alt_sld_fab:instrumentation_fabric|alt_sld_fab_alt_sld_fab:alt_sld_fab|alt_sld_fab_alt_sld_fab_sldfabric:sldfabric|sld_jtag_hub:\jtag_hub_gen:real_sld_jtag_hub|jtag_ir_reg[0]                          ; sld_hub:auto_hub|alt_sld_fab_with_jtag_input:\instrumentation_fabric_with_node_gen:fabric_gen_new_way:with_jtag_input_gen:instrumentation_fabric|alt_sld_fab:instrumentation_fabric|alt_sld_fab_alt_sld_fab:alt_sld_fab|alt_sld_fab_alt_sld_fab_sldfabric:sldfabric|sld_jtag_hub:\jtag_hub_gen:real_sld_jtag_hub|virtual_dr_scan_reg                     ; altera_reserved_tck ; altera_reserved_tck ; 0.000        ; 0.042      ; 0.390      ;
; 0.265 ; sld_hub:auto_hub|alt_sld_fab_with_jtag_input:\instrumentation_fabric_with_node_gen:fabric_gen_new_way:with_jtag_input_gen:instrumentation_fabric|alt_sld_fab:instrumentation_fabric|alt_sld_fab_alt_sld_fab:alt_sld_fab|alt_sld_fab_alt_sld_fab_sldfabric:sldfabric|sld_jtag_hub:\jtag_hub_gen:real_sld_jtag_hub|design_hash_reg[3]                      ; sld_hub:auto_hub|alt_sld_fab_with_jtag_input:\instrumentation_fabric_with_node_gen:fabric_gen_new_way:with_jtag_input_gen:instrumentation_fabric|alt_sld_fab:instrumentation_fabric|alt_sld_fab_alt_sld_fab:alt_sld_fab|alt_sld_fab_alt_sld_fab_sldfabric:sldfabric|sld_jtag_hub:\jtag_hub_gen:real_sld_jtag_hub|design_hash_reg[2]                      ; altera_reserved_tck ; altera_reserved_tck ; 0.000        ; 0.041      ; 0.390      ;
; 0.265 ; sld_hub:auto_hub|alt_sld_fab_with_jtag_input:\instrumentation_fabric_with_node_gen:fabric_gen_new_way:with_jtag_input_gen:instrumentation_fabric|alt_sld_fab:instrumentation_fabric|alt_sld_fab_alt_sld_fab:alt_sld_fab|alt_sld_fab_alt_sld_fab_sldfabric:sldfabric|sld_jtag_hub:\jtag_hub_gen:real_sld_jtag_hub|jtag_ir_reg[6]                          ; sld_hub:auto_hub|alt_sld_fab_with_jtag_input:\instrumentation_fabric_with_node_gen:fabric_gen_new_way:with_jtag_input_gen:instrumentation_fabric|alt_sld_fab:instrumentation_fabric|alt_sld_fab_alt_sld_fab:alt_sld_fab|alt_sld_fab_alt_sld_fab_sldfabric:sldfabric|sld_jtag_hub:\jtag_hub_gen:real_sld_jtag_hub|jtag_ir_reg[5]                          ; altera_reserved_tck ; altera_reserved_tck ; 0.000        ; 0.042      ; 0.391      ;
; 0.265 ; sld_hub:auto_hub|alt_sld_fab_with_jtag_input:\instrumentation_fabric_with_node_gen:fabric_gen_new_way:with_jtag_input_gen:instrumentation_fabric|alt_sld_fab:instrumentation_fabric|alt_sld_fab_alt_sld_fab:alt_sld_fab|alt_sld_fab_alt_sld_fab_sldfabric:sldfabric|sld_jtag_hub:\jtag_hub_gen:real_sld_jtag_hub|jtag_ir_reg[8]                          ; sld_hub:auto_hub|alt_sld_fab_with_jtag_input:\instrumentation_fabric_with_node_gen:fabric_gen_new_way:with_jtag_input_gen:instrumentation_fabric|alt_sld_fab:instrumentation_fabric|alt_sld_fab_alt_sld_fab:alt_sld_fab|alt_sld_fab_alt_sld_fab_sldfabric:sldfabric|sld_jtag_hub:\jtag_hub_gen:real_sld_jtag_hub|jtag_ir_reg[7]                          ; altera_reserved_tck ; altera_reserved_tck ; 0.000        ; 0.042      ; 0.391      ;
; 0.265 ; BCDto7Seg:inst|BCDto7Seg_CPU:cpu|BCDto7Seg_CPU_cpu:cpu|BCDto7Seg_CPU_cpu_nios2_oci:the_BCDto7Seg_CPU_cpu_nios2_oci|BCDto7Seg_CPU_cpu_debug_slave_wrapper:the_BCDto7Seg_CPU_cpu_debug_slave_wrapper|BCDto7Seg_CPU_cpu_debug_slave_tck:the_BCDto7Seg_CPU_cpu_debug_slave_tck|sr[9]                                                                         ; BCDto7Seg:inst|BCDto7Seg_CPU:cpu|BCDto7Seg_CPU_cpu:cpu|BCDto7Seg_CPU_cpu_nios2_oci:the_BCDto7Seg_CPU_cpu_nios2_oci|BCDto7Seg_CPU_cpu_debug_slave_wrapper:the_BCDto7Seg_CPU_cpu_debug_slave_wrapper|BCDto7Seg_CPU_cpu_debug_slave_tck:the_BCDto7Seg_CPU_cpu_debug_slave_tck|sr[8]                                                                         ; altera_reserved_tck ; altera_reserved_tck ; 0.000        ; 0.041      ; 0.390      ;
; 0.268 ; sld_hub:auto_hub|alt_sld_fab_with_jtag_input:\instrumentation_fabric_with_node_gen:fabric_gen_new_way:with_jtag_input_gen:instrumentation_fabric|alt_sld_fab:instrumentation_fabric|alt_sld_fab_alt_sld_fab:alt_sld_fab|sldfabric_ident_writedata[0]                                                                                                     ; sld_hub:auto_hub|alt_sld_fab_with_jtag_input:\instrumentation_fabric_with_node_gen:fabric_gen_new_way:with_jtag_input_gen:instrumentation_fabric|alt_sld_fab:instrumentation_fabric|alt_sld_fab_alt_sld_fab:alt_sld_fab|alt_sld_fab_alt_sld_fab_sldfabric:sldfabric|sld_jtag_hub:\jtag_hub_gen:real_sld_jtag_hub|design_hash_reg[0]                      ; altera_reserved_tck ; altera_reserved_tck ; 0.000        ; 0.040      ; 0.392      ;
; 0.269 ; BCDto7Seg:inst|BCDto7Seg_CPU:cpu|BCDto7Seg_CPU_cpu:cpu|BCDto7Seg_CPU_cpu_nios2_oci:the_BCDto7Seg_CPU_cpu_nios2_oci|BCDto7Seg_CPU_cpu_debug_slave_wrapper:the_BCDto7Seg_CPU_cpu_debug_slave_wrapper|BCDto7Seg_CPU_cpu_debug_slave_tck:the_BCDto7Seg_CPU_cpu_debug_slave_tck|sr[10]                                                                        ; BCDto7Seg:inst|BCDto7Seg_CPU:cpu|BCDto7Seg_CPU_cpu:cpu|BCDto7Seg_CPU_cpu_nios2_oci:the_BCDto7Seg_CPU_cpu_nios2_oci|BCDto7Seg_CPU_cpu_debug_slave_wrapper:the_BCDto7Seg_CPU_cpu_debug_slave_wrapper|BCDto7Seg_CPU_cpu_debug_slave_tck:the_BCDto7Seg_CPU_cpu_debug_slave_tck|sr[9]                                                                         ; altera_reserved_tck ; altera_reserved_tck ; 0.000        ; 0.041      ; 0.394      ;
; 0.270 ; sld_hub:auto_hub|alt_sld_fab_with_jtag_input:\instrumentation_fabric_with_node_gen:fabric_gen_new_way:with_jtag_input_gen:instrumentation_fabric|alt_sld_fab:instrumentation_fabric|alt_sld_fab_alt_sld_fab:alt_sld_fab|sldfabric_ident_writedata[2]                                                                                                     ; sld_hub:auto_hub|alt_sld_fab_with_jtag_input:\instrumentation_fabric_with_node_gen:fabric_gen_new_way:with_jtag_input_gen:instrumentation_fabric|alt_sld_fab:instrumentation_fabric|alt_sld_fab_alt_sld_fab:alt_sld_fab|alt_sld_fab_alt_sld_fab_sldfabric:sldfabric|sld_jtag_hub:\jtag_hub_gen:real_sld_jtag_hub|design_hash_reg[2]                      ; altera_reserved_tck ; altera_reserved_tck ; 0.000        ; 0.040      ; 0.394      ;
; 0.274 ; sld_hub:auto_hub|alt_sld_fab_with_jtag_input:\instrumentation_fabric_with_node_gen:fabric_gen_new_way:with_jtag_input_gen:instrumentation_fabric|alt_sld_fab:instrumentation_fabric|alt_sld_fab_alt_sld_fab:alt_sld_fab|alt_sld_fab_alt_sld_fab_sldfabric:sldfabric|sld_jtag_hub:\jtag_hub_gen:real_sld_jtag_hub|jtag_ir_reg[7]                          ; sld_hub:auto_hub|alt_sld_fab_with_jtag_input:\instrumentation_fabric_with_node_gen:fabric_gen_new_way:with_jtag_input_gen:instrumentation_fabric|alt_sld_fab:instrumentation_fabric|alt_sld_fab_alt_sld_fab:alt_sld_fab|alt_sld_fab_alt_sld_fab_sldfabric:sldfabric|sld_jtag_hub:\jtag_hub_gen:real_sld_jtag_hub|jtag_ir_reg[6]                          ; altera_reserved_tck ; altera_reserved_tck ; 0.000        ; 0.042      ; 0.400      ;
; 0.279 ; BCDto7Seg:inst|BCDto7Seg_CPU:cpu|BCDto7Seg_CPU_cpu:cpu|BCDto7Seg_CPU_cpu_nios2_oci:the_BCDto7Seg_CPU_cpu_nios2_oci|BCDto7Seg_CPU_cpu_debug_slave_wrapper:the_BCDto7Seg_CPU_cpu_debug_slave_wrapper|BCDto7Seg_CPU_cpu_debug_slave_tck:the_BCDto7Seg_CPU_cpu_debug_slave_tck|sr[33]                                                                        ; BCDto7Seg:inst|BCDto7Seg_CPU:cpu|BCDto7Seg_CPU_cpu:cpu|BCDto7Seg_CPU_cpu_nios2_oci:the_BCDto7Seg_CPU_cpu_nios2_oci|BCDto7Seg_CPU_cpu_debug_slave_wrapper:the_BCDto7Seg_CPU_cpu_debug_slave_wrapper|BCDto7Seg_CPU_cpu_debug_slave_tck:the_BCDto7Seg_CPU_cpu_debug_slave_tck|sr[32]                                                                        ; altera_reserved_tck ; altera_reserved_tck ; 0.000        ; 0.041      ; 0.404      ;
; 0.288 ; sld_hub:auto_hub|alt_sld_fab_with_jtag_input:\instrumentation_fabric_with_node_gen:fabric_gen_new_way:with_jtag_input_gen:instrumentation_fabric|alt_sld_fab:instrumentation_fabric|alt_sld_fab_alt_sld_fab:alt_sld_fab|alt_sld_fab_alt_sld_fab_sldfabric:sldfabric|sld_jtag_hub:\jtag_hub_gen:real_sld_jtag_hub|irsr_reg[4]                             ; sld_hub:auto_hub|alt_sld_fab_with_jtag_input:\instrumentation_fabric_with_node_gen:fabric_gen_new_way:with_jtag_input_gen:instrumentation_fabric|alt_sld_fab:instrumentation_fabric|alt_sld_fab_alt_sld_fab:alt_sld_fab|alt_sld_fab_alt_sld_fab_sldfabric:sldfabric|sld_jtag_hub:\jtag_hub_gen:real_sld_jtag_hub|irsr_reg[3]                             ; altera_reserved_tck ; altera_reserved_tck ; 0.000        ; 0.041      ; 0.413      ;
; 0.289 ; sld_hub:auto_hub|alt_sld_fab_with_jtag_input:\instrumentation_fabric_with_node_gen:fabric_gen_new_way:with_jtag_input_gen:instrumentation_fabric|alt_sld_fab:instrumentation_fabric|alt_sld_fab_alt_sld_fab:alt_sld_fab|alt_sld_fab_alt_sld_fab_sldfabric:sldfabric|sld_jtag_hub:\jtag_hub_gen:real_sld_jtag_hub|hub_minor_ver_reg[1]                    ; sld_hub:auto_hub|alt_sld_fab_with_jtag_input:\instrumentation_fabric_with_node_gen:fabric_gen_new_way:with_jtag_input_gen:instrumentation_fabric|alt_sld_fab:instrumentation_fabric|alt_sld_fab_alt_sld_fab:alt_sld_fab|alt_sld_fab_alt_sld_fab_sldfabric:sldfabric|sld_jtag_hub:\jtag_hub_gen:real_sld_jtag_hub|hub_minor_ver_reg[0]                    ; altera_reserved_tck ; altera_reserved_tck ; 0.000        ; 0.041      ; 0.414      ;
; 0.289 ; sld_hub:auto_hub|alt_sld_fab_with_jtag_input:\instrumentation_fabric_with_node_gen:fabric_gen_new_way:with_jtag_input_gen:instrumentation_fabric|alt_sld_fab:instrumentation_fabric|alt_sld_fab_alt_sld_fab:alt_sld_fab|alt_sld_fab_alt_sld_fab_sldfabric:sldfabric|sld_jtag_hub:\jtag_hub_gen:real_sld_jtag_hub|hub_minor_ver_reg[2]                    ; sld_hub:auto_hub|alt_sld_fab_with_jtag_input:\instrumentation_fabric_with_node_gen:fabric_gen_new_way:with_jtag_input_gen:instrumentation_fabric|alt_sld_fab:instrumentation_fabric|alt_sld_fab_alt_sld_fab:alt_sld_fab|alt_sld_fab_alt_sld_fab_sldfabric:sldfabric|sld_jtag_hub:\jtag_hub_gen:real_sld_jtag_hub|hub_minor_ver_reg[1]                    ; altera_reserved_tck ; altera_reserved_tck ; 0.000        ; 0.041      ; 0.414      ;
; 0.293 ; sld_hub:auto_hub|alt_sld_fab_with_jtag_input:\instrumentation_fabric_with_node_gen:fabric_gen_new_way:with_jtag_input_gen:instrumentation_fabric|alt_sld_fab:instrumentation_fabric|alt_sld_fab_alt_sld_fab:alt_sld_fab|alt_sld_fab_alt_sld_fab_sldfabric:sldfabric|sld_jtag_hub:\jtag_hub_gen:real_sld_jtag_hub|sld_shadow_jsm:shadow_jsm|state[12]     ; sld_hub:auto_hub|alt_sld_fab_with_jtag_input:\instrumentation_fabric_with_node_gen:fabric_gen_new_way:with_jtag_input_gen:instrumentation_fabric|alt_sld_fab:instrumentation_fabric|alt_sld_fab_alt_sld_fab:alt_sld_fab|alt_sld_fab_alt_sld_fab_sldfabric:sldfabric|sld_jtag_hub:\jtag_hub_gen:real_sld_jtag_hub|sld_shadow_jsm:shadow_jsm|state[13]     ; altera_reserved_tck ; altera_reserved_tck ; 0.000        ; 0.042      ; 0.419      ;
; 0.293 ; sld_hub:auto_hub|alt_sld_fab_with_jtag_input:\instrumentation_fabric_with_node_gen:fabric_gen_new_way:with_jtag_input_gen:instrumentation_fabric|alt_sld_fab:instrumentation_fabric|alt_sld_fab_alt_sld_fab:alt_sld_fab|alt_sld_fab_alt_sld_fab_sldfabric:sldfabric|sld_jtag_hub:\jtag_hub_gen:real_sld_jtag_hub|sld_shadow_jsm:shadow_jsm|tms_cnt[0]    ; sld_hub:auto_hub|alt_sld_fab_with_jtag_input:\instrumentation_fabric_with_node_gen:fabric_gen_new_way:with_jtag_input_gen:instrumentation_fabric|alt_sld_fab:instrumentation_fabric|alt_sld_fab_alt_sld_fab:alt_sld_fab|alt_sld_fab_alt_sld_fab_sldfabric:sldfabric|sld_jtag_hub:\jtag_hub_gen:real_sld_jtag_hub|sld_shadow_jsm:shadow_jsm|tms_cnt[2]    ; altera_reserved_tck ; altera_reserved_tck ; 0.000        ; 0.041      ; 0.418      ;
; 0.294 ; BCDto7Seg:inst|BCDto7Seg_CPU:cpu|BCDto7Seg_CPU_cpu:cpu|BCDto7Seg_CPU_cpu_nios2_oci:the_BCDto7Seg_CPU_cpu_nios2_oci|BCDto7Seg_CPU_cpu_debug_slave_wrapper:the_BCDto7Seg_CPU_cpu_debug_slave_wrapper|BCDto7Seg_CPU_cpu_debug_slave_tck:the_BCDto7Seg_CPU_cpu_debug_slave_tck|sr[34]                                                                        ; BCDto7Seg:inst|BCDto7Seg_CPU:cpu|BCDto7Seg_CPU_cpu:cpu|BCDto7Seg_CPU_cpu_nios2_oci:the_BCDto7Seg_CPU_cpu_nios2_oci|BCDto7Seg_CPU_cpu_debug_slave_wrapper:the_BCDto7Seg_CPU_cpu_debug_slave_wrapper|BCDto7Seg_CPU_cpu_debug_slave_tck:the_BCDto7Seg_CPU_cpu_debug_slave_tck|sr[33]                                                                        ; altera_reserved_tck ; altera_reserved_tck ; 0.000        ; 0.041      ; 0.419      ;
; 0.296 ; sld_hub:auto_hub|alt_sld_fab_with_jtag_input:\instrumentation_fabric_with_node_gen:fabric_gen_new_way:with_jtag_input_gen:instrumentation_fabric|alt_sld_fab:instrumentation_fabric|alt_sld_fab_alt_sld_fab:alt_sld_fab|alt_sld_fab_alt_sld_fab_sldfabric:sldfabric|sld_jtag_hub:\jtag_hub_gen:real_sld_jtag_hub|sld_shadow_jsm:shadow_jsm|state[5]      ; sld_hub:auto_hub|alt_sld_fab_with_jtag_input:\instrumentation_fabric_with_node_gen:fabric_gen_new_way:with_jtag_input_gen:instrumentation_fabric|alt_sld_fab:instrumentation_fabric|alt_sld_fab_alt_sld_fab:alt_sld_fab|alt_sld_fab_alt_sld_fab_sldfabric:sldfabric|sld_jtag_hub:\jtag_hub_gen:real_sld_jtag_hub|sld_shadow_jsm:shadow_jsm|state[6]      ; altera_reserved_tck ; altera_reserved_tck ; 0.000        ; 0.042      ; 0.422      ;
; 0.296 ; BCDto7Seg:inst|BCDto7Seg_CPU:cpu|BCDto7Seg_CPU_cpu:cpu|BCDto7Seg_CPU_cpu_nios2_oci:the_BCDto7Seg_CPU_cpu_nios2_oci|BCDto7Seg_CPU_cpu_debug_slave_wrapper:the_BCDto7Seg_CPU_cpu_debug_slave_wrapper|BCDto7Seg_CPU_cpu_debug_slave_tck:the_BCDto7Seg_CPU_cpu_debug_slave_tck|sr[12]                                                                        ; BCDto7Seg:inst|BCDto7Seg_CPU:cpu|BCDto7Seg_CPU_cpu:cpu|BCDto7Seg_CPU_cpu_nios2_oci:the_BCDto7Seg_CPU_cpu_nios2_oci|BCDto7Seg_CPU_cpu_debug_slave_wrapper:the_BCDto7Seg_CPU_cpu_debug_slave_wrapper|BCDto7Seg_CPU_cpu_debug_slave_tck:the_BCDto7Seg_CPU_cpu_debug_slave_tck|sr[11]                                                                        ; altera_reserved_tck ; altera_reserved_tck ; 0.000        ; 0.041      ; 0.421      ;
; 0.297 ; sld_hub:auto_hub|alt_sld_fab_with_jtag_input:\instrumentation_fabric_with_node_gen:fabric_gen_new_way:with_jtag_input_gen:instrumentation_fabric|alt_sld_fab:instrumentation_fabric|alt_sld_fab_alt_sld_fab:alt_sld_fab|alt_sld_fab_alt_sld_fab_sldfabric:sldfabric|sld_jtag_hub:\jtag_hub_gen:real_sld_jtag_hub|sld_shadow_jsm:shadow_jsm|tms_cnt[0]    ; sld_hub:auto_hub|alt_sld_fab_with_jtag_input:\instrumentation_fabric_with_node_gen:fabric_gen_new_way:with_jtag_input_gen:instrumentation_fabric|alt_sld_fab:instrumentation_fabric|alt_sld_fab_alt_sld_fab:alt_sld_fab|alt_sld_fab_alt_sld_fab_sldfabric:sldfabric|sld_jtag_hub:\jtag_hub_gen:real_sld_jtag_hub|sld_shadow_jsm:shadow_jsm|tms_cnt[1]    ; altera_reserved_tck ; altera_reserved_tck ; 0.000        ; 0.041      ; 0.422      ;
; 0.298 ; sld_hub:auto_hub|alt_sld_fab_with_jtag_input:\instrumentation_fabric_with_node_gen:fabric_gen_new_way:with_jtag_input_gen:instrumentation_fabric|alt_sld_fab:instrumentation_fabric|alt_sld_fab_alt_sld_fab:alt_sld_fab|alt_sld_fab_alt_sld_fab_sldfabric:sldfabric|sld_jtag_hub:\jtag_hub_gen:real_sld_jtag_hub|sld_rom_sr:hub_info_reg|word_counter[4] ; sld_hub:auto_hub|alt_sld_fab_with_jtag_input:\instrumentation_fabric_with_node_gen:fabric_gen_new_way:with_jtag_input_gen:instrumentation_fabric|alt_sld_fab:instrumentation_fabric|alt_sld_fab_alt_sld_fab:alt_sld_fab|alt_sld_fab_alt_sld_fab_sldfabric:sldfabric|sld_jtag_hub:\jtag_hub_gen:real_sld_jtag_hub|sld_rom_sr:hub_info_reg|word_counter[4] ; altera_reserved_tck ; altera_reserved_tck ; 0.000        ; 0.041      ; 0.423      ;
; 0.301 ; sld_hub:auto_hub|alt_sld_fab_with_jtag_input:\instrumentation_fabric_with_node_gen:fabric_gen_new_way:with_jtag_input_gen:instrumentation_fabric|alt_sld_fab:instrumentation_fabric|alt_sld_fab_alt_sld_fab:alt_sld_fab|alt_sld_fab_alt_sld_fab_sldfabric:sldfabric|sld_jtag_hub:\jtag_hub_gen:real_sld_jtag_hub|sld_shadow_jsm:shadow_jsm|state[10]     ; sld_hub:auto_hub|alt_sld_fab_with_jtag_input:\instrumentation_fabric_with_node_gen:fabric_gen_new_way:with_jtag_input_gen:instrumentation_fabric|alt_sld_fab:instrumentation_fabric|alt_sld_fab_alt_sld_fab:alt_sld_fab|alt_sld_fab_alt_sld_fab_sldfabric:sldfabric|sld_jtag_hub:\jtag_hub_gen:real_sld_jtag_hub|sld_shadow_jsm:shadow_jsm|state[12]     ; altera_reserved_tck ; altera_reserved_tck ; 0.000        ; 0.042      ; 0.427      ;
; 0.302 ; BCDto7Seg:inst|BCDto7Seg_CPU:cpu|BCDto7Seg_CPU_cpu:cpu|BCDto7Seg_CPU_cpu_nios2_oci:the_BCDto7Seg_CPU_cpu_nios2_oci|BCDto7Seg_CPU_cpu_debug_slave_wrapper:the_BCDto7Seg_CPU_cpu_debug_slave_wrapper|BCDto7Seg_CPU_cpu_debug_slave_tck:the_BCDto7Seg_CPU_cpu_debug_slave_tck|sr[19]                                                                        ; BCDto7Seg:inst|BCDto7Seg_CPU:cpu|BCDto7Seg_CPU_cpu:cpu|BCDto7Seg_CPU_cpu_nios2_oci:the_BCDto7Seg_CPU_cpu_nios2_oci|BCDto7Seg_CPU_cpu_debug_slave_wrapper:the_BCDto7Seg_CPU_cpu_debug_slave_wrapper|BCDto7Seg_CPU_cpu_debug_slave_tck:the_BCDto7Seg_CPU_cpu_debug_slave_tck|sr[18]                                                                        ; altera_reserved_tck ; altera_reserved_tck ; 0.000        ; 0.041      ; 0.427      ;
; 0.302 ; BCDto7Seg:inst|BCDto7Seg_CPU:cpu|BCDto7Seg_CPU_cpu:cpu|BCDto7Seg_CPU_cpu_nios2_oci:the_BCDto7Seg_CPU_cpu_nios2_oci|BCDto7Seg_CPU_cpu_debug_slave_wrapper:the_BCDto7Seg_CPU_cpu_debug_slave_wrapper|BCDto7Seg_CPU_cpu_debug_slave_tck:the_BCDto7Seg_CPU_cpu_debug_slave_tck|sr[28]                                                                        ; BCDto7Seg:inst|BCDto7Seg_CPU:cpu|BCDto7Seg_CPU_cpu:cpu|BCDto7Seg_CPU_cpu_nios2_oci:the_BCDto7Seg_CPU_cpu_nios2_oci|BCDto7Seg_CPU_cpu_debug_slave_wrapper:the_BCDto7Seg_CPU_cpu_debug_slave_wrapper|BCDto7Seg_CPU_cpu_debug_slave_tck:the_BCDto7Seg_CPU_cpu_debug_slave_tck|sr[27]                                                                        ; altera_reserved_tck ; altera_reserved_tck ; 0.000        ; 0.041      ; 0.427      ;
; 0.303 ; BCDto7Seg:inst|BCDto7Seg_CPU:cpu|BCDto7Seg_CPU_cpu:cpu|BCDto7Seg_CPU_cpu_nios2_oci:the_BCDto7Seg_CPU_cpu_nios2_oci|BCDto7Seg_CPU_cpu_debug_slave_wrapper:the_BCDto7Seg_CPU_cpu_debug_slave_wrapper|BCDto7Seg_CPU_cpu_debug_slave_tck:the_BCDto7Seg_CPU_cpu_debug_slave_tck|sr[25]                                                                        ; BCDto7Seg:inst|BCDto7Seg_CPU:cpu|BCDto7Seg_CPU_cpu:cpu|BCDto7Seg_CPU_cpu_nios2_oci:the_BCDto7Seg_CPU_cpu_nios2_oci|BCDto7Seg_CPU_cpu_debug_slave_wrapper:the_BCDto7Seg_CPU_cpu_debug_slave_wrapper|BCDto7Seg_CPU_cpu_debug_slave_tck:the_BCDto7Seg_CPU_cpu_debug_slave_tck|sr[24]                                                                        ; altera_reserved_tck ; altera_reserved_tck ; 0.000        ; 0.041      ; 0.428      ;
; 0.303 ; BCDto7Seg:inst|BCDto7Seg_CPU:cpu|BCDto7Seg_CPU_cpu:cpu|BCDto7Seg_CPU_cpu_nios2_oci:the_BCDto7Seg_CPU_cpu_nios2_oci|BCDto7Seg_CPU_cpu_debug_slave_wrapper:the_BCDto7Seg_CPU_cpu_debug_slave_wrapper|BCDto7Seg_CPU_cpu_debug_slave_tck:the_BCDto7Seg_CPU_cpu_debug_slave_tck|sr[18]                                                                        ; BCDto7Seg:inst|BCDto7Seg_CPU:cpu|BCDto7Seg_CPU_cpu:cpu|BCDto7Seg_CPU_cpu_nios2_oci:the_BCDto7Seg_CPU_cpu_nios2_oci|BCDto7Seg_CPU_cpu_debug_slave_wrapper:the_BCDto7Seg_CPU_cpu_debug_slave_wrapper|BCDto7Seg_CPU_cpu_debug_slave_tck:the_BCDto7Seg_CPU_cpu_debug_slave_tck|sr[17]                                                                        ; altera_reserved_tck ; altera_reserved_tck ; 0.000        ; 0.041      ; 0.428      ;
; 0.304 ; sld_hub:auto_hub|alt_sld_fab_with_jtag_input:\instrumentation_fabric_with_node_gen:fabric_gen_new_way:with_jtag_input_gen:instrumentation_fabric|alt_sld_fab:instrumentation_fabric|alt_sld_fab_alt_sld_fab:alt_sld_fab|alt_sld_fab_alt_sld_fab_sldfabric:sldfabric|sld_jtag_hub:\jtag_hub_gen:real_sld_jtag_hub|sld_shadow_jsm:shadow_jsm|state[7]      ; sld_hub:auto_hub|alt_sld_fab_with_jtag_input:\instrumentation_fabric_with_node_gen:fabric_gen_new_way:with_jtag_input_gen:instrumentation_fabric|alt_sld_fab:instrumentation_fabric|alt_sld_fab_alt_sld_fab:alt_sld_fab|alt_sld_fab_alt_sld_fab_sldfabric:sldfabric|sld_jtag_hub:\jtag_hub_gen:real_sld_jtag_hub|reset_ena_reg                           ; altera_reserved_tck ; altera_reserved_tck ; 0.000        ; 0.042      ; 0.430      ;
; 0.305 ; BCDto7Seg:inst|BCDto7Seg_CPU:cpu|BCDto7Seg_CPU_cpu:cpu|BCDto7Seg_CPU_cpu_nios2_oci:the_BCDto7Seg_CPU_cpu_nios2_oci|BCDto7Seg_CPU_cpu_debug_slave_wrapper:the_BCDto7Seg_CPU_cpu_debug_slave_wrapper|BCDto7Seg_CPU_cpu_debug_slave_tck:the_BCDto7Seg_CPU_cpu_debug_slave_tck|sr[29]                                                                        ; BCDto7Seg:inst|BCDto7Seg_CPU:cpu|BCDto7Seg_CPU_cpu:cpu|BCDto7Seg_CPU_cpu_nios2_oci:the_BCDto7Seg_CPU_cpu_nios2_oci|BCDto7Seg_CPU_cpu_debug_slave_wrapper:the_BCDto7Seg_CPU_cpu_debug_slave_wrapper|BCDto7Seg_CPU_cpu_debug_slave_tck:the_BCDto7Seg_CPU_cpu_debug_slave_tck|sr[28]                                                                        ; altera_reserved_tck ; altera_reserved_tck ; 0.000        ; 0.041      ; 0.430      ;
; 0.308 ; sld_hub:auto_hub|alt_sld_fab_with_jtag_input:\instrumentation_fabric_with_node_gen:fabric_gen_new_way:with_jtag_input_gen:instrumentation_fabric|alt_sld_fab:instrumentation_fabric|alt_sld_fab_alt_sld_fab:alt_sld_fab|alt_sld_fab_alt_sld_fab_sldfabric:sldfabric|sld_jtag_hub:\jtag_hub_gen:real_sld_jtag_hub|sld_rom_sr:hub_info_reg|word_counter[2] ; sld_hub:auto_hub|alt_sld_fab_with_jtag_input:\instrumentation_fabric_with_node_gen:fabric_gen_new_way:with_jtag_input_gen:instrumentation_fabric|alt_sld_fab:instrumentation_fabric|alt_sld_fab_alt_sld_fab:alt_sld_fab|alt_sld_fab_alt_sld_fab_sldfabric:sldfabric|sld_jtag_hub:\jtag_hub_gen:real_sld_jtag_hub|sld_rom_sr:hub_info_reg|word_counter[2] ; altera_reserved_tck ; altera_reserved_tck ; 0.000        ; 0.041      ; 0.433      ;
; 0.308 ; sld_hub:auto_hub|alt_sld_fab_with_jtag_input:\instrumentation_fabric_with_node_gen:fabric_gen_new_way:with_jtag_input_gen:instrumentation_fabric|alt_sld_fab:instrumentation_fabric|alt_sld_fab_alt_sld_fab:alt_sld_fab|alt_sld_fab_alt_sld_fab_sldfabric:sldfabric|sld_jtag_hub:\jtag_hub_gen:real_sld_jtag_hub|sld_shadow_jsm:shadow_jsm|state[11]     ; sld_hub:auto_hub|alt_sld_fab_with_jtag_input:\instrumentation_fabric_with_node_gen:fabric_gen_new_way:with_jtag_input_gen:instrumentation_fabric|alt_sld_fab:instrumentation_fabric|alt_sld_fab_alt_sld_fab:alt_sld_fab|alt_sld_fab_alt_sld_fab_sldfabric:sldfabric|sld_jtag_hub:\jtag_hub_gen:real_sld_jtag_hub|sld_shadow_jsm:shadow_jsm|state[12]     ; altera_reserved_tck ; altera_reserved_tck ; 0.000        ; 0.042      ; 0.434      ;
; 0.310 ; sld_hub:auto_hub|alt_sld_fab_with_jtag_input:\instrumentation_fabric_with_node_gen:fabric_gen_new_way:with_jtag_input_gen:instrumentation_fabric|alt_sld_fab:instrumentation_fabric|alt_sld_fab_alt_sld_fab:alt_sld_fab|alt_sld_fab_alt_sld_fab_sldfabric:sldfabric|sld_jtag_hub:\jtag_hub_gen:real_sld_jtag_hub|sld_rom_sr:hub_info_reg|word_counter[3] ; sld_hub:auto_hub|alt_sld_fab_with_jtag_input:\instrumentation_fabric_with_node_gen:fabric_gen_new_way:with_jtag_input_gen:instrumentation_fabric|alt_sld_fab:instrumentation_fabric|alt_sld_fab_alt_sld_fab:alt_sld_fab|alt_sld_fab_alt_sld_fab_sldfabric:sldfabric|sld_jtag_hub:\jtag_hub_gen:real_sld_jtag_hub|sld_rom_sr:hub_info_reg|word_counter[3] ; altera_reserved_tck ; altera_reserved_tck ; 0.000        ; 0.041      ; 0.435      ;
; 0.310 ; sld_hub:auto_hub|alt_sld_fab_with_jtag_input:\instrumentation_fabric_with_node_gen:fabric_gen_new_way:with_jtag_input_gen:instrumentation_fabric|alt_sld_fab:instrumentation_fabric|alt_sld_fab_alt_sld_fab:alt_sld_fab|alt_sld_fab_alt_sld_fab_sldfabric:sldfabric|sld_jtag_hub:\jtag_hub_gen:real_sld_jtag_hub|sld_shadow_jsm:shadow_jsm|state[5]      ; sld_hub:auto_hub|alt_sld_fab_with_jtag_input:\instrumentation_fabric_with_node_gen:fabric_gen_new_way:with_jtag_input_gen:instrumentation_fabric|alt_sld_fab:instrumentation_fabric|alt_sld_fab_alt_sld_fab:alt_sld_fab|alt_sld_fab_alt_sld_fab_sldfabric:sldfabric|sld_jtag_hub:\jtag_hub_gen:real_sld_jtag_hub|reset_ena_reg                           ; altera_reserved_tck ; altera_reserved_tck ; 0.000        ; 0.042      ; 0.436      ;
; 0.312 ; sld_hub:auto_hub|alt_sld_fab_with_jtag_input:\instrumentation_fabric_with_node_gen:fabric_gen_new_way:with_jtag_input_gen:instrumentation_fabric|alt_sld_fab:instrumentation_fabric|alt_sld_fab_alt_sld_fab:alt_sld_fab|alt_sld_fab_alt_sld_fab_sldfabric:sldfabric|sld_jtag_hub:\jtag_hub_gen:real_sld_jtag_hub|sld_shadow_jsm:shadow_jsm|state[15]     ; sld_hub:auto_hub|alt_sld_fab_with_jtag_input:\instrumentation_fabric_with_node_gen:fabric_gen_new_way:with_jtag_input_gen:instrumentation_fabric|alt_sld_fab:instrumentation_fabric|alt_sld_fab_alt_sld_fab:alt_sld_fab|alt_sld_fab_alt_sld_fab_sldfabric:sldfabric|sld_jtag_hub:\jtag_hub_gen:real_sld_jtag_hub|sld_shadow_jsm:shadow_jsm|state[1]      ; altera_reserved_tck ; altera_reserved_tck ; 0.000        ; 0.042      ; 0.438      ;
; 0.316 ; sld_hub:auto_hub|alt_sld_fab_with_jtag_input:\instrumentation_fabric_with_node_gen:fabric_gen_new_way:with_jtag_input_gen:instrumentation_fabric|alt_sld_fab:instrumentation_fabric|alt_sld_fab_alt_sld_fab:alt_sld_fab|alt_sld_fab_alt_sld_fab_sldfabric:sldfabric|sld_jtag_hub:\jtag_hub_gen:real_sld_jtag_hub|sld_shadow_jsm:shadow_jsm|state[12]     ; sld_hub:auto_hub|alt_sld_fab_with_jtag_input:\instrumentation_fabric_with_node_gen:fabric_gen_new_way:with_jtag_input_gen:instrumentation_fabric|alt_sld_fab:instrumentation_fabric|alt_sld_fab_alt_sld_fab:alt_sld_fab|alt_sld_fab_alt_sld_fab_sldfabric:sldfabric|sld_jtag_hub:\jtag_hub_gen:real_sld_jtag_hub|sld_shadow_jsm:shadow_jsm|state[15]     ; altera_reserved_tck ; altera_reserved_tck ; 0.000        ; 0.042      ; 0.442      ;
; 0.318 ; sld_hub:auto_hub|alt_sld_fab_with_jtag_input:\instrumentation_fabric_with_node_gen:fabric_gen_new_way:with_jtag_input_gen:instrumentation_fabric|alt_sld_fab:instrumentation_fabric|alt_sld_fab_alt_sld_fab:alt_sld_fab|alt_sld_fab_alt_sld_fab_sldfabric:sldfabric|sld_jtag_hub:\jtag_hub_gen:real_sld_jtag_hub|sld_rom_sr:hub_info_reg|word_counter[1] ; sld_hub:auto_hub|alt_sld_fab_with_jtag_input:\instrumentation_fabric_with_node_gen:fabric_gen_new_way:with_jtag_input_gen:instrumentation_fabric|alt_sld_fab:instrumentation_fabric|alt_sld_fab_alt_sld_fab:alt_sld_fab|alt_sld_fab_alt_sld_fab_sldfabric:sldfabric|sld_jtag_hub:\jtag_hub_gen:real_sld_jtag_hub|sld_rom_sr:hub_info_reg|word_counter[1] ; altera_reserved_tck ; altera_reserved_tck ; 0.000        ; 0.041      ; 0.443      ;
; 0.321 ; sld_hub:auto_hub|alt_sld_fab_with_jtag_input:\instrumentation_fabric_with_node_gen:fabric_gen_new_way:with_jtag_input_gen:instrumentation_fabric|alt_sld_fab:instrumentation_fabric|alt_sld_fab_alt_sld_fab:alt_sld_fab|alt_sld_fab_alt_sld_fab_sldfabric:sldfabric|sld_jtag_hub:\jtag_hub_gen:real_sld_jtag_hub|jtag_ir_reg[1]                          ; sld_hub:auto_hub|alt_sld_fab_with_jtag_input:\instrumentation_fabric_with_node_gen:fabric_gen_new_way:with_jtag_input_gen:instrumentation_fabric|alt_sld_fab:instrumentation_fabric|alt_sld_fab_alt_sld_fab:alt_sld_fab|alt_sld_fab_alt_sld_fab_sldfabric:sldfabric|sld_jtag_hub:\jtag_hub_gen:real_sld_jtag_hub|virtual_dr_scan_reg                     ; altera_reserved_tck ; altera_reserved_tck ; 0.000        ; 0.042      ; 0.447      ;
+-------+----------------------------------------------------------------------------------------------------------------------------------------------------------------------------------------------------------------------------------------------------------------------------------------------------------------------------------------------------------+----------------------------------------------------------------------------------------------------------------------------------------------------------------------------------------------------------------------------------------------------------------------------------------------------------------------------------------------------------+---------------------+---------------------+--------------+------------+------------+


+------------------------------------------------------------------------------------------------------------------------------------------------------------------------------------------------------------------------------------------------------------------------------------------------------------------------------------------------------------------------------------------------------------------------------------------------------------------------------------------------------------------------------------------------------------------------------------------------------------------------------------------------------------------------------------------------------------------------------------------------------------------------------------------------+
; Fast 1200mV 0C Model Recovery: 'altera_reserved_tck'                                                                                                                                                                                                                                                                                                                                                                                                                                                                                                                                                                                                                                                                                                                                           ;
+--------+-----------------------------------------------------------------------------------------------------------------------------------------------------------------------------------------------------------------------------------------------------------------------------------------------------------------------------------------------------+--------------------------------------------------------------------------------------------------------------------------------------------------------------------------------------------------------------------------------------------------------------------------------------------------------------------------------------------+---------------------+---------------------+--------------+------------+------------+
; Slack  ; From Node                                                                                                                                                                                                                                                                                                                                           ; To Node                                                                                                                                                                                                                                                                                                                                    ; Launch Clock        ; Latch Clock         ; Relationship ; Clock Skew ; Data Delay ;
+--------+-----------------------------------------------------------------------------------------------------------------------------------------------------------------------------------------------------------------------------------------------------------------------------------------------------------------------------------------------------+--------------------------------------------------------------------------------------------------------------------------------------------------------------------------------------------------------------------------------------------------------------------------------------------------------------------------------------------+---------------------+---------------------+--------------+------------+------------+
; 98.843 ; sld_hub:auto_hub|alt_sld_fab_with_jtag_input:\instrumentation_fabric_with_node_gen:fabric_gen_new_way:with_jtag_input_gen:instrumentation_fabric|alt_sld_fab:instrumentation_fabric|alt_sld_fab_alt_sld_fab:alt_sld_fab|alt_sld_fab_alt_sld_fab_sldfabric:sldfabric|sld_jtag_hub:\jtag_hub_gen:real_sld_jtag_hub|sld_shadow_jsm:shadow_jsm|state[0] ; sld_hub:auto_hub|alt_sld_fab_with_jtag_input:\instrumentation_fabric_with_node_gen:fabric_gen_new_way:with_jtag_input_gen:instrumentation_fabric|alt_sld_fab:instrumentation_fabric|alt_sld_fab_alt_sld_fab:alt_sld_fab|alt_sld_fab_alt_sld_fab_sldfabric:sldfabric|sld_jtag_hub:\jtag_hub_gen:real_sld_jtag_hub|virtual_dr_scan_reg       ; altera_reserved_tck ; altera_reserved_tck ; 100.000      ; -0.040     ; 1.124      ;
; 98.843 ; sld_hub:auto_hub|alt_sld_fab_with_jtag_input:\instrumentation_fabric_with_node_gen:fabric_gen_new_way:with_jtag_input_gen:instrumentation_fabric|alt_sld_fab:instrumentation_fabric|alt_sld_fab_alt_sld_fab:alt_sld_fab|alt_sld_fab_alt_sld_fab_sldfabric:sldfabric|sld_jtag_hub:\jtag_hub_gen:real_sld_jtag_hub|sld_shadow_jsm:shadow_jsm|state[0] ; sld_hub:auto_hub|alt_sld_fab_with_jtag_input:\instrumentation_fabric_with_node_gen:fabric_gen_new_way:with_jtag_input_gen:instrumentation_fabric|alt_sld_fab:instrumentation_fabric|alt_sld_fab_alt_sld_fab:alt_sld_fab|alt_sld_fab_alt_sld_fab_sldfabric:sldfabric|sld_jtag_hub:\jtag_hub_gen:real_sld_jtag_hub|virtual_ir_scan_reg       ; altera_reserved_tck ; altera_reserved_tck ; 100.000      ; -0.040     ; 1.124      ;
; 98.843 ; sld_hub:auto_hub|alt_sld_fab_with_jtag_input:\instrumentation_fabric_with_node_gen:fabric_gen_new_way:with_jtag_input_gen:instrumentation_fabric|alt_sld_fab:instrumentation_fabric|alt_sld_fab_alt_sld_fab:alt_sld_fab|alt_sld_fab_alt_sld_fab_sldfabric:sldfabric|sld_jtag_hub:\jtag_hub_gen:real_sld_jtag_hub|sld_shadow_jsm:shadow_jsm|state[0] ; sld_hub:auto_hub|alt_sld_fab_with_jtag_input:\instrumentation_fabric_with_node_gen:fabric_gen_new_way:with_jtag_input_gen:instrumentation_fabric|alt_sld_fab:instrumentation_fabric|alt_sld_fab_alt_sld_fab:alt_sld_fab|alt_sld_fab_alt_sld_fab_sldfabric:sldfabric|sld_jtag_hub:\jtag_hub_gen:real_sld_jtag_hub|jtag_ir_reg[0]            ; altera_reserved_tck ; altera_reserved_tck ; 100.000      ; -0.040     ; 1.124      ;
; 98.843 ; sld_hub:auto_hub|alt_sld_fab_with_jtag_input:\instrumentation_fabric_with_node_gen:fabric_gen_new_way:with_jtag_input_gen:instrumentation_fabric|alt_sld_fab:instrumentation_fabric|alt_sld_fab_alt_sld_fab:alt_sld_fab|alt_sld_fab_alt_sld_fab_sldfabric:sldfabric|sld_jtag_hub:\jtag_hub_gen:real_sld_jtag_hub|sld_shadow_jsm:shadow_jsm|state[0] ; sld_hub:auto_hub|alt_sld_fab_with_jtag_input:\instrumentation_fabric_with_node_gen:fabric_gen_new_way:with_jtag_input_gen:instrumentation_fabric|alt_sld_fab:instrumentation_fabric|alt_sld_fab_alt_sld_fab:alt_sld_fab|alt_sld_fab_alt_sld_fab_sldfabric:sldfabric|sld_jtag_hub:\jtag_hub_gen:real_sld_jtag_hub|jtag_ir_reg[1]            ; altera_reserved_tck ; altera_reserved_tck ; 100.000      ; -0.040     ; 1.124      ;
; 98.843 ; sld_hub:auto_hub|alt_sld_fab_with_jtag_input:\instrumentation_fabric_with_node_gen:fabric_gen_new_way:with_jtag_input_gen:instrumentation_fabric|alt_sld_fab:instrumentation_fabric|alt_sld_fab_alt_sld_fab:alt_sld_fab|alt_sld_fab_alt_sld_fab_sldfabric:sldfabric|sld_jtag_hub:\jtag_hub_gen:real_sld_jtag_hub|sld_shadow_jsm:shadow_jsm|state[0] ; sld_hub:auto_hub|alt_sld_fab_with_jtag_input:\instrumentation_fabric_with_node_gen:fabric_gen_new_way:with_jtag_input_gen:instrumentation_fabric|alt_sld_fab:instrumentation_fabric|alt_sld_fab_alt_sld_fab:alt_sld_fab|alt_sld_fab_alt_sld_fab_sldfabric:sldfabric|sld_jtag_hub:\jtag_hub_gen:real_sld_jtag_hub|jtag_ir_reg[2]            ; altera_reserved_tck ; altera_reserved_tck ; 100.000      ; -0.040     ; 1.124      ;
; 98.843 ; sld_hub:auto_hub|alt_sld_fab_with_jtag_input:\instrumentation_fabric_with_node_gen:fabric_gen_new_way:with_jtag_input_gen:instrumentation_fabric|alt_sld_fab:instrumentation_fabric|alt_sld_fab_alt_sld_fab:alt_sld_fab|alt_sld_fab_alt_sld_fab_sldfabric:sldfabric|sld_jtag_hub:\jtag_hub_gen:real_sld_jtag_hub|sld_shadow_jsm:shadow_jsm|state[0] ; sld_hub:auto_hub|alt_sld_fab_with_jtag_input:\instrumentation_fabric_with_node_gen:fabric_gen_new_way:with_jtag_input_gen:instrumentation_fabric|alt_sld_fab:instrumentation_fabric|alt_sld_fab_alt_sld_fab:alt_sld_fab|alt_sld_fab_alt_sld_fab_sldfabric:sldfabric|sld_jtag_hub:\jtag_hub_gen:real_sld_jtag_hub|jtag_ir_reg[3]            ; altera_reserved_tck ; altera_reserved_tck ; 100.000      ; -0.040     ; 1.124      ;
; 98.843 ; sld_hub:auto_hub|alt_sld_fab_with_jtag_input:\instrumentation_fabric_with_node_gen:fabric_gen_new_way:with_jtag_input_gen:instrumentation_fabric|alt_sld_fab:instrumentation_fabric|alt_sld_fab_alt_sld_fab:alt_sld_fab|alt_sld_fab_alt_sld_fab_sldfabric:sldfabric|sld_jtag_hub:\jtag_hub_gen:real_sld_jtag_hub|sld_shadow_jsm:shadow_jsm|state[0] ; sld_hub:auto_hub|alt_sld_fab_with_jtag_input:\instrumentation_fabric_with_node_gen:fabric_gen_new_way:with_jtag_input_gen:instrumentation_fabric|alt_sld_fab:instrumentation_fabric|alt_sld_fab_alt_sld_fab:alt_sld_fab|alt_sld_fab_alt_sld_fab_sldfabric:sldfabric|sld_jtag_hub:\jtag_hub_gen:real_sld_jtag_hub|jtag_ir_reg[4]            ; altera_reserved_tck ; altera_reserved_tck ; 100.000      ; -0.040     ; 1.124      ;
; 98.843 ; sld_hub:auto_hub|alt_sld_fab_with_jtag_input:\instrumentation_fabric_with_node_gen:fabric_gen_new_way:with_jtag_input_gen:instrumentation_fabric|alt_sld_fab:instrumentation_fabric|alt_sld_fab_alt_sld_fab:alt_sld_fab|alt_sld_fab_alt_sld_fab_sldfabric:sldfabric|sld_jtag_hub:\jtag_hub_gen:real_sld_jtag_hub|sld_shadow_jsm:shadow_jsm|state[0] ; sld_hub:auto_hub|alt_sld_fab_with_jtag_input:\instrumentation_fabric_with_node_gen:fabric_gen_new_way:with_jtag_input_gen:instrumentation_fabric|alt_sld_fab:instrumentation_fabric|alt_sld_fab_alt_sld_fab:alt_sld_fab|alt_sld_fab_alt_sld_fab_sldfabric:sldfabric|sld_jtag_hub:\jtag_hub_gen:real_sld_jtag_hub|jtag_ir_reg[5]            ; altera_reserved_tck ; altera_reserved_tck ; 100.000      ; -0.040     ; 1.124      ;
; 98.843 ; sld_hub:auto_hub|alt_sld_fab_with_jtag_input:\instrumentation_fabric_with_node_gen:fabric_gen_new_way:with_jtag_input_gen:instrumentation_fabric|alt_sld_fab:instrumentation_fabric|alt_sld_fab_alt_sld_fab:alt_sld_fab|alt_sld_fab_alt_sld_fab_sldfabric:sldfabric|sld_jtag_hub:\jtag_hub_gen:real_sld_jtag_hub|sld_shadow_jsm:shadow_jsm|state[0] ; sld_hub:auto_hub|alt_sld_fab_with_jtag_input:\instrumentation_fabric_with_node_gen:fabric_gen_new_way:with_jtag_input_gen:instrumentation_fabric|alt_sld_fab:instrumentation_fabric|alt_sld_fab_alt_sld_fab:alt_sld_fab|alt_sld_fab_alt_sld_fab_sldfabric:sldfabric|sld_jtag_hub:\jtag_hub_gen:real_sld_jtag_hub|jtag_ir_reg[6]            ; altera_reserved_tck ; altera_reserved_tck ; 100.000      ; -0.040     ; 1.124      ;
; 98.843 ; sld_hub:auto_hub|alt_sld_fab_with_jtag_input:\instrumentation_fabric_with_node_gen:fabric_gen_new_way:with_jtag_input_gen:instrumentation_fabric|alt_sld_fab:instrumentation_fabric|alt_sld_fab_alt_sld_fab:alt_sld_fab|alt_sld_fab_alt_sld_fab_sldfabric:sldfabric|sld_jtag_hub:\jtag_hub_gen:real_sld_jtag_hub|sld_shadow_jsm:shadow_jsm|state[0] ; sld_hub:auto_hub|alt_sld_fab_with_jtag_input:\instrumentation_fabric_with_node_gen:fabric_gen_new_way:with_jtag_input_gen:instrumentation_fabric|alt_sld_fab:instrumentation_fabric|alt_sld_fab_alt_sld_fab:alt_sld_fab|alt_sld_fab_alt_sld_fab_sldfabric:sldfabric|sld_jtag_hub:\jtag_hub_gen:real_sld_jtag_hub|jtag_ir_reg[7]            ; altera_reserved_tck ; altera_reserved_tck ; 100.000      ; -0.040     ; 1.124      ;
; 98.843 ; sld_hub:auto_hub|alt_sld_fab_with_jtag_input:\instrumentation_fabric_with_node_gen:fabric_gen_new_way:with_jtag_input_gen:instrumentation_fabric|alt_sld_fab:instrumentation_fabric|alt_sld_fab_alt_sld_fab:alt_sld_fab|alt_sld_fab_alt_sld_fab_sldfabric:sldfabric|sld_jtag_hub:\jtag_hub_gen:real_sld_jtag_hub|sld_shadow_jsm:shadow_jsm|state[0] ; sld_hub:auto_hub|alt_sld_fab_with_jtag_input:\instrumentation_fabric_with_node_gen:fabric_gen_new_way:with_jtag_input_gen:instrumentation_fabric|alt_sld_fab:instrumentation_fabric|alt_sld_fab_alt_sld_fab:alt_sld_fab|alt_sld_fab_alt_sld_fab_sldfabric:sldfabric|sld_jtag_hub:\jtag_hub_gen:real_sld_jtag_hub|jtag_ir_reg[8]            ; altera_reserved_tck ; altera_reserved_tck ; 100.000      ; -0.040     ; 1.124      ;
; 98.843 ; sld_hub:auto_hub|alt_sld_fab_with_jtag_input:\instrumentation_fabric_with_node_gen:fabric_gen_new_way:with_jtag_input_gen:instrumentation_fabric|alt_sld_fab:instrumentation_fabric|alt_sld_fab_alt_sld_fab:alt_sld_fab|alt_sld_fab_alt_sld_fab_sldfabric:sldfabric|sld_jtag_hub:\jtag_hub_gen:real_sld_jtag_hub|sld_shadow_jsm:shadow_jsm|state[0] ; sld_hub:auto_hub|alt_sld_fab_with_jtag_input:\instrumentation_fabric_with_node_gen:fabric_gen_new_way:with_jtag_input_gen:instrumentation_fabric|alt_sld_fab:instrumentation_fabric|alt_sld_fab_alt_sld_fab:alt_sld_fab|alt_sld_fab_alt_sld_fab_sldfabric:sldfabric|sld_jtag_hub:\jtag_hub_gen:real_sld_jtag_hub|jtag_ir_reg[9]            ; altera_reserved_tck ; altera_reserved_tck ; 100.000      ; -0.040     ; 1.124      ;
; 98.888 ; sld_hub:auto_hub|alt_sld_fab_with_jtag_input:\instrumentation_fabric_with_node_gen:fabric_gen_new_way:with_jtag_input_gen:instrumentation_fabric|alt_sld_fab:instrumentation_fabric|alt_sld_fab_alt_sld_fab:alt_sld_fab|alt_sld_fab_alt_sld_fab_sldfabric:sldfabric|sld_jtag_hub:\jtag_hub_gen:real_sld_jtag_hub|clr_reg                            ; sld_hub:auto_hub|alt_sld_fab_with_jtag_input:\instrumentation_fabric_with_node_gen:fabric_gen_new_way:with_jtag_input_gen:instrumentation_fabric|alt_sld_fab:instrumentation_fabric|alt_sld_fab_alt_sld_fab:alt_sld_fab|splitter_nodes_receive_0[3]                                                                                        ; altera_reserved_tck ; altera_reserved_tck ; 100.000      ; -0.044     ; 1.075      ;
; 98.888 ; sld_hub:auto_hub|alt_sld_fab_with_jtag_input:\instrumentation_fabric_with_node_gen:fabric_gen_new_way:with_jtag_input_gen:instrumentation_fabric|alt_sld_fab:instrumentation_fabric|alt_sld_fab_alt_sld_fab:alt_sld_fab|alt_sld_fab_alt_sld_fab_sldfabric:sldfabric|sld_jtag_hub:\jtag_hub_gen:real_sld_jtag_hub|clr_reg                            ; sld_hub:auto_hub|alt_sld_fab_with_jtag_input:\instrumentation_fabric_with_node_gen:fabric_gen_new_way:with_jtag_input_gen:instrumentation_fabric|alt_sld_fab:instrumentation_fabric|alt_sld_fab_alt_sld_fab:alt_sld_fab|alt_sld_fab_alt_sld_fab_sldfabric:sldfabric|sld_jtag_hub:\jtag_hub_gen:real_sld_jtag_hub|irf_reg[1][0]             ; altera_reserved_tck ; altera_reserved_tck ; 100.000      ; -0.044     ; 1.075      ;
; 98.888 ; sld_hub:auto_hub|alt_sld_fab_with_jtag_input:\instrumentation_fabric_with_node_gen:fabric_gen_new_way:with_jtag_input_gen:instrumentation_fabric|alt_sld_fab:instrumentation_fabric|alt_sld_fab_alt_sld_fab:alt_sld_fab|alt_sld_fab_alt_sld_fab_sldfabric:sldfabric|sld_jtag_hub:\jtag_hub_gen:real_sld_jtag_hub|clr_reg                            ; sld_hub:auto_hub|alt_sld_fab_with_jtag_input:\instrumentation_fabric_with_node_gen:fabric_gen_new_way:with_jtag_input_gen:instrumentation_fabric|alt_sld_fab:instrumentation_fabric|alt_sld_fab_alt_sld_fab:alt_sld_fab|alt_sld_fab_alt_sld_fab_sldfabric:sldfabric|sld_jtag_hub:\jtag_hub_gen:real_sld_jtag_hub|irf_reg[1][1]             ; altera_reserved_tck ; altera_reserved_tck ; 100.000      ; -0.044     ; 1.075      ;
; 98.912 ; sld_hub:auto_hub|alt_sld_fab_with_jtag_input:\instrumentation_fabric_with_node_gen:fabric_gen_new_way:with_jtag_input_gen:instrumentation_fabric|alt_sld_fab:instrumentation_fabric|alt_sld_fab_alt_sld_fab:alt_sld_fab|alt_sld_fab_alt_sld_fab_sldfabric:sldfabric|sld_jtag_hub:\jtag_hub_gen:real_sld_jtag_hub|clr_reg                            ; sld_hub:auto_hub|alt_sld_fab_with_jtag_input:\instrumentation_fabric_with_node_gen:fabric_gen_new_way:with_jtag_input_gen:instrumentation_fabric|alt_sld_fab:instrumentation_fabric|alt_sld_fab_alt_sld_fab:alt_sld_fab|alt_sld_fab_alt_sld_fab_sldfabric:sldfabric|sld_jtag_hub:\jtag_hub_gen:real_sld_jtag_hub|hub_mode_reg[0]           ; altera_reserved_tck ; altera_reserved_tck ; 100.000      ; -0.044     ; 1.051      ;
; 98.912 ; sld_hub:auto_hub|alt_sld_fab_with_jtag_input:\instrumentation_fabric_with_node_gen:fabric_gen_new_way:with_jtag_input_gen:instrumentation_fabric|alt_sld_fab:instrumentation_fabric|alt_sld_fab_alt_sld_fab:alt_sld_fab|alt_sld_fab_alt_sld_fab_sldfabric:sldfabric|sld_jtag_hub:\jtag_hub_gen:real_sld_jtag_hub|clr_reg                            ; sld_hub:auto_hub|alt_sld_fab_with_jtag_input:\instrumentation_fabric_with_node_gen:fabric_gen_new_way:with_jtag_input_gen:instrumentation_fabric|alt_sld_fab:instrumentation_fabric|alt_sld_fab_alt_sld_fab:alt_sld_fab|alt_sld_fab_alt_sld_fab_sldfabric:sldfabric|sld_jtag_hub:\jtag_hub_gen:real_sld_jtag_hub|virtual_ir_tdo_sel_reg[0] ; altera_reserved_tck ; altera_reserved_tck ; 100.000      ; -0.044     ; 1.051      ;
; 98.990 ; sld_hub:auto_hub|alt_sld_fab_with_jtag_input:\instrumentation_fabric_with_node_gen:fabric_gen_new_way:with_jtag_input_gen:instrumentation_fabric|alt_sld_fab:instrumentation_fabric|alt_sld_fab_alt_sld_fab:alt_sld_fab|alt_sld_fab_alt_sld_fab_sldfabric:sldfabric|sld_jtag_hub:\jtag_hub_gen:real_sld_jtag_hub|clr_reg                            ; sld_hub:auto_hub|alt_sld_fab_with_jtag_input:\instrumentation_fabric_with_node_gen:fabric_gen_new_way:with_jtag_input_gen:instrumentation_fabric|alt_sld_fab:instrumentation_fabric|alt_sld_fab_alt_sld_fab:alt_sld_fab|alt_sld_fab_alt_sld_fab_sldfabric:sldfabric|sld_jtag_hub:\jtag_hub_gen:real_sld_jtag_hub|irsr_reg[3]               ; altera_reserved_tck ; altera_reserved_tck ; 100.000      ; -0.042     ; 0.975      ;
; 98.990 ; sld_hub:auto_hub|alt_sld_fab_with_jtag_input:\instrumentation_fabric_with_node_gen:fabric_gen_new_way:with_jtag_input_gen:instrumentation_fabric|alt_sld_fab:instrumentation_fabric|alt_sld_fab_alt_sld_fab:alt_sld_fab|alt_sld_fab_alt_sld_fab_sldfabric:sldfabric|sld_jtag_hub:\jtag_hub_gen:real_sld_jtag_hub|clr_reg                            ; sld_hub:auto_hub|alt_sld_fab_with_jtag_input:\instrumentation_fabric_with_node_gen:fabric_gen_new_way:with_jtag_input_gen:instrumentation_fabric|alt_sld_fab:instrumentation_fabric|alt_sld_fab_alt_sld_fab:alt_sld_fab|alt_sld_fab_alt_sld_fab_sldfabric:sldfabric|sld_jtag_hub:\jtag_hub_gen:real_sld_jtag_hub|irsr_reg[0]               ; altera_reserved_tck ; altera_reserved_tck ; 100.000      ; -0.042     ; 0.975      ;
; 98.990 ; sld_hub:auto_hub|alt_sld_fab_with_jtag_input:\instrumentation_fabric_with_node_gen:fabric_gen_new_way:with_jtag_input_gen:instrumentation_fabric|alt_sld_fab:instrumentation_fabric|alt_sld_fab_alt_sld_fab:alt_sld_fab|alt_sld_fab_alt_sld_fab_sldfabric:sldfabric|sld_jtag_hub:\jtag_hub_gen:real_sld_jtag_hub|clr_reg                            ; sld_hub:auto_hub|alt_sld_fab_with_jtag_input:\instrumentation_fabric_with_node_gen:fabric_gen_new_way:with_jtag_input_gen:instrumentation_fabric|alt_sld_fab:instrumentation_fabric|alt_sld_fab_alt_sld_fab:alt_sld_fab|alt_sld_fab_alt_sld_fab_sldfabric:sldfabric|sld_jtag_hub:\jtag_hub_gen:real_sld_jtag_hub|irsr_reg[1]               ; altera_reserved_tck ; altera_reserved_tck ; 100.000      ; -0.042     ; 0.975      ;
; 98.990 ; sld_hub:auto_hub|alt_sld_fab_with_jtag_input:\instrumentation_fabric_with_node_gen:fabric_gen_new_way:with_jtag_input_gen:instrumentation_fabric|alt_sld_fab:instrumentation_fabric|alt_sld_fab_alt_sld_fab:alt_sld_fab|alt_sld_fab_alt_sld_fab_sldfabric:sldfabric|sld_jtag_hub:\jtag_hub_gen:real_sld_jtag_hub|clr_reg                            ; sld_hub:auto_hub|alt_sld_fab_with_jtag_input:\instrumentation_fabric_with_node_gen:fabric_gen_new_way:with_jtag_input_gen:instrumentation_fabric|alt_sld_fab:instrumentation_fabric|alt_sld_fab_alt_sld_fab:alt_sld_fab|alt_sld_fab_alt_sld_fab_sldfabric:sldfabric|sld_jtag_hub:\jtag_hub_gen:real_sld_jtag_hub|irsr_reg[2]               ; altera_reserved_tck ; altera_reserved_tck ; 100.000      ; -0.042     ; 0.975      ;
; 98.990 ; sld_hub:auto_hub|alt_sld_fab_with_jtag_input:\instrumentation_fabric_with_node_gen:fabric_gen_new_way:with_jtag_input_gen:instrumentation_fabric|alt_sld_fab:instrumentation_fabric|alt_sld_fab_alt_sld_fab:alt_sld_fab|alt_sld_fab_alt_sld_fab_sldfabric:sldfabric|sld_jtag_hub:\jtag_hub_gen:real_sld_jtag_hub|clr_reg                            ; sld_hub:auto_hub|alt_sld_fab_with_jtag_input:\instrumentation_fabric_with_node_gen:fabric_gen_new_way:with_jtag_input_gen:instrumentation_fabric|alt_sld_fab:instrumentation_fabric|alt_sld_fab_alt_sld_fab:alt_sld_fab|alt_sld_fab_alt_sld_fab_sldfabric:sldfabric|sld_jtag_hub:\jtag_hub_gen:real_sld_jtag_hub|irsr_reg[4]               ; altera_reserved_tck ; altera_reserved_tck ; 100.000      ; -0.042     ; 0.975      ;
; 99.001 ; sld_hub:auto_hub|alt_sld_fab_with_jtag_input:\instrumentation_fabric_with_node_gen:fabric_gen_new_way:with_jtag_input_gen:instrumentation_fabric|alt_sld_fab:instrumentation_fabric|alt_sld_fab_alt_sld_fab:alt_sld_fab|alt_sld_fab_alt_sld_fab_sldfabric:sldfabric|sld_jtag_hub:\jtag_hub_gen:real_sld_jtag_hub|virtual_ir_scan_reg                ; sld_hub:auto_hub|alt_sld_fab_with_jtag_input:\instrumentation_fabric_with_node_gen:fabric_gen_new_way:with_jtag_input_gen:instrumentation_fabric|alt_sld_fab:instrumentation_fabric|alt_sld_fab_alt_sld_fab:alt_sld_fab|alt_sld_fab_alt_sld_fab_sldfabric:sldfabric|sld_jtag_hub:\jtag_hub_gen:real_sld_jtag_hub|hub_mode_reg[2]           ; altera_reserved_tck ; altera_reserved_tck ; 100.000      ; -0.041     ; 0.965      ;
; 99.011 ; sld_hub:auto_hub|alt_sld_fab_with_jtag_input:\instrumentation_fabric_with_node_gen:fabric_gen_new_way:with_jtag_input_gen:instrumentation_fabric|alt_sld_fab:instrumentation_fabric|alt_sld_fab_alt_sld_fab:alt_sld_fab|alt_sld_fab_alt_sld_fab_sldfabric:sldfabric|sld_jtag_hub:\jtag_hub_gen:real_sld_jtag_hub|clr_reg                            ; sld_hub:auto_hub|alt_sld_fab_with_jtag_input:\instrumentation_fabric_with_node_gen:fabric_gen_new_way:with_jtag_input_gen:instrumentation_fabric|alt_sld_fab:instrumentation_fabric|alt_sld_fab_alt_sld_fab:alt_sld_fab|alt_sld_fab_alt_sld_fab_sldfabric:sldfabric|sld_jtag_hub:\jtag_hub_gen:real_sld_jtag_hub|hub_mode_reg[1]           ; altera_reserved_tck ; altera_reserved_tck ; 100.000      ; -0.043     ; 0.953      ;
+--------+-----------------------------------------------------------------------------------------------------------------------------------------------------------------------------------------------------------------------------------------------------------------------------------------------------------------------------------------------------+--------------------------------------------------------------------------------------------------------------------------------------------------------------------------------------------------------------------------------------------------------------------------------------------------------------------------------------------+---------------------+---------------------+--------------+------------+------------+


+-----------------------------------------------------------------------------------------------------------------------------------------------------------------------------------------------------------------------------------------------------------------------------------------------------------------------------------------------------------------------------------------------------------------------------------------------------------------------------------------------------------------------------------------------------------------------------------------------------------------------------------------------------------------------------------------------------------------------------------------------------------------------------------------------+
; Fast 1200mV 0C Model Removal: 'altera_reserved_tck'                                                                                                                                                                                                                                                                                                                                                                                                                                                                                                                                                                                                                                                                                                                                           ;
+-------+-----------------------------------------------------------------------------------------------------------------------------------------------------------------------------------------------------------------------------------------------------------------------------------------------------------------------------------------------------+--------------------------------------------------------------------------------------------------------------------------------------------------------------------------------------------------------------------------------------------------------------------------------------------------------------------------------------------+---------------------+---------------------+--------------+------------+------------+
; Slack ; From Node                                                                                                                                                                                                                                                                                                                                           ; To Node                                                                                                                                                                                                                                                                                                                                    ; Launch Clock        ; Latch Clock         ; Relationship ; Clock Skew ; Data Delay ;
+-------+-----------------------------------------------------------------------------------------------------------------------------------------------------------------------------------------------------------------------------------------------------------------------------------------------------------------------------------------------------+--------------------------------------------------------------------------------------------------------------------------------------------------------------------------------------------------------------------------------------------------------------------------------------------------------------------------------------------+---------------------+---------------------+--------------+------------+------------+
; 0.701 ; sld_hub:auto_hub|alt_sld_fab_with_jtag_input:\instrumentation_fabric_with_node_gen:fabric_gen_new_way:with_jtag_input_gen:instrumentation_fabric|alt_sld_fab:instrumentation_fabric|alt_sld_fab_alt_sld_fab:alt_sld_fab|alt_sld_fab_alt_sld_fab_sldfabric:sldfabric|sld_jtag_hub:\jtag_hub_gen:real_sld_jtag_hub|virtual_ir_scan_reg                ; sld_hub:auto_hub|alt_sld_fab_with_jtag_input:\instrumentation_fabric_with_node_gen:fabric_gen_new_way:with_jtag_input_gen:instrumentation_fabric|alt_sld_fab:instrumentation_fabric|alt_sld_fab_alt_sld_fab:alt_sld_fab|alt_sld_fab_alt_sld_fab_sldfabric:sldfabric|sld_jtag_hub:\jtag_hub_gen:real_sld_jtag_hub|hub_mode_reg[2]           ; altera_reserved_tck ; altera_reserved_tck ; 0.000        ; 0.043      ; 0.828      ;
; 0.709 ; sld_hub:auto_hub|alt_sld_fab_with_jtag_input:\instrumentation_fabric_with_node_gen:fabric_gen_new_way:with_jtag_input_gen:instrumentation_fabric|alt_sld_fab:instrumentation_fabric|alt_sld_fab_alt_sld_fab:alt_sld_fab|alt_sld_fab_alt_sld_fab_sldfabric:sldfabric|sld_jtag_hub:\jtag_hub_gen:real_sld_jtag_hub|clr_reg                            ; sld_hub:auto_hub|alt_sld_fab_with_jtag_input:\instrumentation_fabric_with_node_gen:fabric_gen_new_way:with_jtag_input_gen:instrumentation_fabric|alt_sld_fab:instrumentation_fabric|alt_sld_fab_alt_sld_fab:alt_sld_fab|alt_sld_fab_alt_sld_fab_sldfabric:sldfabric|sld_jtag_hub:\jtag_hub_gen:real_sld_jtag_hub|hub_mode_reg[1]           ; altera_reserved_tck ; altera_reserved_tck ; 0.000        ; 0.040      ; 0.833      ;
; 0.720 ; sld_hub:auto_hub|alt_sld_fab_with_jtag_input:\instrumentation_fabric_with_node_gen:fabric_gen_new_way:with_jtag_input_gen:instrumentation_fabric|alt_sld_fab:instrumentation_fabric|alt_sld_fab_alt_sld_fab:alt_sld_fab|alt_sld_fab_alt_sld_fab_sldfabric:sldfabric|sld_jtag_hub:\jtag_hub_gen:real_sld_jtag_hub|clr_reg                            ; sld_hub:auto_hub|alt_sld_fab_with_jtag_input:\instrumentation_fabric_with_node_gen:fabric_gen_new_way:with_jtag_input_gen:instrumentation_fabric|alt_sld_fab:instrumentation_fabric|alt_sld_fab_alt_sld_fab:alt_sld_fab|alt_sld_fab_alt_sld_fab_sldfabric:sldfabric|sld_jtag_hub:\jtag_hub_gen:real_sld_jtag_hub|irsr_reg[3]               ; altera_reserved_tck ; altera_reserved_tck ; 0.000        ; 0.041      ; 0.845      ;
; 0.720 ; sld_hub:auto_hub|alt_sld_fab_with_jtag_input:\instrumentation_fabric_with_node_gen:fabric_gen_new_way:with_jtag_input_gen:instrumentation_fabric|alt_sld_fab:instrumentation_fabric|alt_sld_fab_alt_sld_fab:alt_sld_fab|alt_sld_fab_alt_sld_fab_sldfabric:sldfabric|sld_jtag_hub:\jtag_hub_gen:real_sld_jtag_hub|clr_reg                            ; sld_hub:auto_hub|alt_sld_fab_with_jtag_input:\instrumentation_fabric_with_node_gen:fabric_gen_new_way:with_jtag_input_gen:instrumentation_fabric|alt_sld_fab:instrumentation_fabric|alt_sld_fab_alt_sld_fab:alt_sld_fab|alt_sld_fab_alt_sld_fab_sldfabric:sldfabric|sld_jtag_hub:\jtag_hub_gen:real_sld_jtag_hub|irsr_reg[0]               ; altera_reserved_tck ; altera_reserved_tck ; 0.000        ; 0.041      ; 0.845      ;
; 0.720 ; sld_hub:auto_hub|alt_sld_fab_with_jtag_input:\instrumentation_fabric_with_node_gen:fabric_gen_new_way:with_jtag_input_gen:instrumentation_fabric|alt_sld_fab:instrumentation_fabric|alt_sld_fab_alt_sld_fab:alt_sld_fab|alt_sld_fab_alt_sld_fab_sldfabric:sldfabric|sld_jtag_hub:\jtag_hub_gen:real_sld_jtag_hub|clr_reg                            ; sld_hub:auto_hub|alt_sld_fab_with_jtag_input:\instrumentation_fabric_with_node_gen:fabric_gen_new_way:with_jtag_input_gen:instrumentation_fabric|alt_sld_fab:instrumentation_fabric|alt_sld_fab_alt_sld_fab:alt_sld_fab|alt_sld_fab_alt_sld_fab_sldfabric:sldfabric|sld_jtag_hub:\jtag_hub_gen:real_sld_jtag_hub|irsr_reg[1]               ; altera_reserved_tck ; altera_reserved_tck ; 0.000        ; 0.041      ; 0.845      ;
; 0.720 ; sld_hub:auto_hub|alt_sld_fab_with_jtag_input:\instrumentation_fabric_with_node_gen:fabric_gen_new_way:with_jtag_input_gen:instrumentation_fabric|alt_sld_fab:instrumentation_fabric|alt_sld_fab_alt_sld_fab:alt_sld_fab|alt_sld_fab_alt_sld_fab_sldfabric:sldfabric|sld_jtag_hub:\jtag_hub_gen:real_sld_jtag_hub|clr_reg                            ; sld_hub:auto_hub|alt_sld_fab_with_jtag_input:\instrumentation_fabric_with_node_gen:fabric_gen_new_way:with_jtag_input_gen:instrumentation_fabric|alt_sld_fab:instrumentation_fabric|alt_sld_fab_alt_sld_fab:alt_sld_fab|alt_sld_fab_alt_sld_fab_sldfabric:sldfabric|sld_jtag_hub:\jtag_hub_gen:real_sld_jtag_hub|irsr_reg[2]               ; altera_reserved_tck ; altera_reserved_tck ; 0.000        ; 0.041      ; 0.845      ;
; 0.720 ; sld_hub:auto_hub|alt_sld_fab_with_jtag_input:\instrumentation_fabric_with_node_gen:fabric_gen_new_way:with_jtag_input_gen:instrumentation_fabric|alt_sld_fab:instrumentation_fabric|alt_sld_fab_alt_sld_fab:alt_sld_fab|alt_sld_fab_alt_sld_fab_sldfabric:sldfabric|sld_jtag_hub:\jtag_hub_gen:real_sld_jtag_hub|clr_reg                            ; sld_hub:auto_hub|alt_sld_fab_with_jtag_input:\instrumentation_fabric_with_node_gen:fabric_gen_new_way:with_jtag_input_gen:instrumentation_fabric|alt_sld_fab:instrumentation_fabric|alt_sld_fab_alt_sld_fab:alt_sld_fab|alt_sld_fab_alt_sld_fab_sldfabric:sldfabric|sld_jtag_hub:\jtag_hub_gen:real_sld_jtag_hub|irsr_reg[4]               ; altera_reserved_tck ; altera_reserved_tck ; 0.000        ; 0.041      ; 0.845      ;
; 0.798 ; sld_hub:auto_hub|alt_sld_fab_with_jtag_input:\instrumentation_fabric_with_node_gen:fabric_gen_new_way:with_jtag_input_gen:instrumentation_fabric|alt_sld_fab:instrumentation_fabric|alt_sld_fab_alt_sld_fab:alt_sld_fab|alt_sld_fab_alt_sld_fab_sldfabric:sldfabric|sld_jtag_hub:\jtag_hub_gen:real_sld_jtag_hub|clr_reg                            ; sld_hub:auto_hub|alt_sld_fab_with_jtag_input:\instrumentation_fabric_with_node_gen:fabric_gen_new_way:with_jtag_input_gen:instrumentation_fabric|alt_sld_fab:instrumentation_fabric|alt_sld_fab_alt_sld_fab:alt_sld_fab|alt_sld_fab_alt_sld_fab_sldfabric:sldfabric|sld_jtag_hub:\jtag_hub_gen:real_sld_jtag_hub|hub_mode_reg[0]           ; altera_reserved_tck ; altera_reserved_tck ; 0.000        ; 0.039      ; 0.921      ;
; 0.798 ; sld_hub:auto_hub|alt_sld_fab_with_jtag_input:\instrumentation_fabric_with_node_gen:fabric_gen_new_way:with_jtag_input_gen:instrumentation_fabric|alt_sld_fab:instrumentation_fabric|alt_sld_fab_alt_sld_fab:alt_sld_fab|alt_sld_fab_alt_sld_fab_sldfabric:sldfabric|sld_jtag_hub:\jtag_hub_gen:real_sld_jtag_hub|clr_reg                            ; sld_hub:auto_hub|alt_sld_fab_with_jtag_input:\instrumentation_fabric_with_node_gen:fabric_gen_new_way:with_jtag_input_gen:instrumentation_fabric|alt_sld_fab:instrumentation_fabric|alt_sld_fab_alt_sld_fab:alt_sld_fab|alt_sld_fab_alt_sld_fab_sldfabric:sldfabric|sld_jtag_hub:\jtag_hub_gen:real_sld_jtag_hub|virtual_ir_tdo_sel_reg[0] ; altera_reserved_tck ; altera_reserved_tck ; 0.000        ; 0.039      ; 0.921      ;
; 0.821 ; sld_hub:auto_hub|alt_sld_fab_with_jtag_input:\instrumentation_fabric_with_node_gen:fabric_gen_new_way:with_jtag_input_gen:instrumentation_fabric|alt_sld_fab:instrumentation_fabric|alt_sld_fab_alt_sld_fab:alt_sld_fab|alt_sld_fab_alt_sld_fab_sldfabric:sldfabric|sld_jtag_hub:\jtag_hub_gen:real_sld_jtag_hub|clr_reg                            ; sld_hub:auto_hub|alt_sld_fab_with_jtag_input:\instrumentation_fabric_with_node_gen:fabric_gen_new_way:with_jtag_input_gen:instrumentation_fabric|alt_sld_fab:instrumentation_fabric|alt_sld_fab_alt_sld_fab:alt_sld_fab|splitter_nodes_receive_0[3]                                                                                        ; altera_reserved_tck ; altera_reserved_tck ; 0.000        ; 0.039      ; 0.944      ;
; 0.821 ; sld_hub:auto_hub|alt_sld_fab_with_jtag_input:\instrumentation_fabric_with_node_gen:fabric_gen_new_way:with_jtag_input_gen:instrumentation_fabric|alt_sld_fab:instrumentation_fabric|alt_sld_fab_alt_sld_fab:alt_sld_fab|alt_sld_fab_alt_sld_fab_sldfabric:sldfabric|sld_jtag_hub:\jtag_hub_gen:real_sld_jtag_hub|clr_reg                            ; sld_hub:auto_hub|alt_sld_fab_with_jtag_input:\instrumentation_fabric_with_node_gen:fabric_gen_new_way:with_jtag_input_gen:instrumentation_fabric|alt_sld_fab:instrumentation_fabric|alt_sld_fab_alt_sld_fab:alt_sld_fab|alt_sld_fab_alt_sld_fab_sldfabric:sldfabric|sld_jtag_hub:\jtag_hub_gen:real_sld_jtag_hub|irf_reg[1][0]             ; altera_reserved_tck ; altera_reserved_tck ; 0.000        ; 0.039      ; 0.944      ;
; 0.821 ; sld_hub:auto_hub|alt_sld_fab_with_jtag_input:\instrumentation_fabric_with_node_gen:fabric_gen_new_way:with_jtag_input_gen:instrumentation_fabric|alt_sld_fab:instrumentation_fabric|alt_sld_fab_alt_sld_fab:alt_sld_fab|alt_sld_fab_alt_sld_fab_sldfabric:sldfabric|sld_jtag_hub:\jtag_hub_gen:real_sld_jtag_hub|clr_reg                            ; sld_hub:auto_hub|alt_sld_fab_with_jtag_input:\instrumentation_fabric_with_node_gen:fabric_gen_new_way:with_jtag_input_gen:instrumentation_fabric|alt_sld_fab:instrumentation_fabric|alt_sld_fab_alt_sld_fab:alt_sld_fab|alt_sld_fab_alt_sld_fab_sldfabric:sldfabric|sld_jtag_hub:\jtag_hub_gen:real_sld_jtag_hub|irf_reg[1][1]             ; altera_reserved_tck ; altera_reserved_tck ; 0.000        ; 0.039      ; 0.944      ;
; 0.832 ; sld_hub:auto_hub|alt_sld_fab_with_jtag_input:\instrumentation_fabric_with_node_gen:fabric_gen_new_way:with_jtag_input_gen:instrumentation_fabric|alt_sld_fab:instrumentation_fabric|alt_sld_fab_alt_sld_fab:alt_sld_fab|alt_sld_fab_alt_sld_fab_sldfabric:sldfabric|sld_jtag_hub:\jtag_hub_gen:real_sld_jtag_hub|sld_shadow_jsm:shadow_jsm|state[0] ; sld_hub:auto_hub|alt_sld_fab_with_jtag_input:\instrumentation_fabric_with_node_gen:fabric_gen_new_way:with_jtag_input_gen:instrumentation_fabric|alt_sld_fab:instrumentation_fabric|alt_sld_fab_alt_sld_fab:alt_sld_fab|alt_sld_fab_alt_sld_fab_sldfabric:sldfabric|sld_jtag_hub:\jtag_hub_gen:real_sld_jtag_hub|virtual_dr_scan_reg       ; altera_reserved_tck ; altera_reserved_tck ; 0.000        ; 0.043      ; 0.959      ;
; 0.832 ; sld_hub:auto_hub|alt_sld_fab_with_jtag_input:\instrumentation_fabric_with_node_gen:fabric_gen_new_way:with_jtag_input_gen:instrumentation_fabric|alt_sld_fab:instrumentation_fabric|alt_sld_fab_alt_sld_fab:alt_sld_fab|alt_sld_fab_alt_sld_fab_sldfabric:sldfabric|sld_jtag_hub:\jtag_hub_gen:real_sld_jtag_hub|sld_shadow_jsm:shadow_jsm|state[0] ; sld_hub:auto_hub|alt_sld_fab_with_jtag_input:\instrumentation_fabric_with_node_gen:fabric_gen_new_way:with_jtag_input_gen:instrumentation_fabric|alt_sld_fab:instrumentation_fabric|alt_sld_fab_alt_sld_fab:alt_sld_fab|alt_sld_fab_alt_sld_fab_sldfabric:sldfabric|sld_jtag_hub:\jtag_hub_gen:real_sld_jtag_hub|virtual_ir_scan_reg       ; altera_reserved_tck ; altera_reserved_tck ; 0.000        ; 0.043      ; 0.959      ;
; 0.832 ; sld_hub:auto_hub|alt_sld_fab_with_jtag_input:\instrumentation_fabric_with_node_gen:fabric_gen_new_way:with_jtag_input_gen:instrumentation_fabric|alt_sld_fab:instrumentation_fabric|alt_sld_fab_alt_sld_fab:alt_sld_fab|alt_sld_fab_alt_sld_fab_sldfabric:sldfabric|sld_jtag_hub:\jtag_hub_gen:real_sld_jtag_hub|sld_shadow_jsm:shadow_jsm|state[0] ; sld_hub:auto_hub|alt_sld_fab_with_jtag_input:\instrumentation_fabric_with_node_gen:fabric_gen_new_way:with_jtag_input_gen:instrumentation_fabric|alt_sld_fab:instrumentation_fabric|alt_sld_fab_alt_sld_fab:alt_sld_fab|alt_sld_fab_alt_sld_fab_sldfabric:sldfabric|sld_jtag_hub:\jtag_hub_gen:real_sld_jtag_hub|jtag_ir_reg[0]            ; altera_reserved_tck ; altera_reserved_tck ; 0.000        ; 0.043      ; 0.959      ;
; 0.832 ; sld_hub:auto_hub|alt_sld_fab_with_jtag_input:\instrumentation_fabric_with_node_gen:fabric_gen_new_way:with_jtag_input_gen:instrumentation_fabric|alt_sld_fab:instrumentation_fabric|alt_sld_fab_alt_sld_fab:alt_sld_fab|alt_sld_fab_alt_sld_fab_sldfabric:sldfabric|sld_jtag_hub:\jtag_hub_gen:real_sld_jtag_hub|sld_shadow_jsm:shadow_jsm|state[0] ; sld_hub:auto_hub|alt_sld_fab_with_jtag_input:\instrumentation_fabric_with_node_gen:fabric_gen_new_way:with_jtag_input_gen:instrumentation_fabric|alt_sld_fab:instrumentation_fabric|alt_sld_fab_alt_sld_fab:alt_sld_fab|alt_sld_fab_alt_sld_fab_sldfabric:sldfabric|sld_jtag_hub:\jtag_hub_gen:real_sld_jtag_hub|jtag_ir_reg[1]            ; altera_reserved_tck ; altera_reserved_tck ; 0.000        ; 0.043      ; 0.959      ;
; 0.832 ; sld_hub:auto_hub|alt_sld_fab_with_jtag_input:\instrumentation_fabric_with_node_gen:fabric_gen_new_way:with_jtag_input_gen:instrumentation_fabric|alt_sld_fab:instrumentation_fabric|alt_sld_fab_alt_sld_fab:alt_sld_fab|alt_sld_fab_alt_sld_fab_sldfabric:sldfabric|sld_jtag_hub:\jtag_hub_gen:real_sld_jtag_hub|sld_shadow_jsm:shadow_jsm|state[0] ; sld_hub:auto_hub|alt_sld_fab_with_jtag_input:\instrumentation_fabric_with_node_gen:fabric_gen_new_way:with_jtag_input_gen:instrumentation_fabric|alt_sld_fab:instrumentation_fabric|alt_sld_fab_alt_sld_fab:alt_sld_fab|alt_sld_fab_alt_sld_fab_sldfabric:sldfabric|sld_jtag_hub:\jtag_hub_gen:real_sld_jtag_hub|jtag_ir_reg[2]            ; altera_reserved_tck ; altera_reserved_tck ; 0.000        ; 0.043      ; 0.959      ;
; 0.832 ; sld_hub:auto_hub|alt_sld_fab_with_jtag_input:\instrumentation_fabric_with_node_gen:fabric_gen_new_way:with_jtag_input_gen:instrumentation_fabric|alt_sld_fab:instrumentation_fabric|alt_sld_fab_alt_sld_fab:alt_sld_fab|alt_sld_fab_alt_sld_fab_sldfabric:sldfabric|sld_jtag_hub:\jtag_hub_gen:real_sld_jtag_hub|sld_shadow_jsm:shadow_jsm|state[0] ; sld_hub:auto_hub|alt_sld_fab_with_jtag_input:\instrumentation_fabric_with_node_gen:fabric_gen_new_way:with_jtag_input_gen:instrumentation_fabric|alt_sld_fab:instrumentation_fabric|alt_sld_fab_alt_sld_fab:alt_sld_fab|alt_sld_fab_alt_sld_fab_sldfabric:sldfabric|sld_jtag_hub:\jtag_hub_gen:real_sld_jtag_hub|jtag_ir_reg[3]            ; altera_reserved_tck ; altera_reserved_tck ; 0.000        ; 0.043      ; 0.959      ;
; 0.832 ; sld_hub:auto_hub|alt_sld_fab_with_jtag_input:\instrumentation_fabric_with_node_gen:fabric_gen_new_way:with_jtag_input_gen:instrumentation_fabric|alt_sld_fab:instrumentation_fabric|alt_sld_fab_alt_sld_fab:alt_sld_fab|alt_sld_fab_alt_sld_fab_sldfabric:sldfabric|sld_jtag_hub:\jtag_hub_gen:real_sld_jtag_hub|sld_shadow_jsm:shadow_jsm|state[0] ; sld_hub:auto_hub|alt_sld_fab_with_jtag_input:\instrumentation_fabric_with_node_gen:fabric_gen_new_way:with_jtag_input_gen:instrumentation_fabric|alt_sld_fab:instrumentation_fabric|alt_sld_fab_alt_sld_fab:alt_sld_fab|alt_sld_fab_alt_sld_fab_sldfabric:sldfabric|sld_jtag_hub:\jtag_hub_gen:real_sld_jtag_hub|jtag_ir_reg[4]            ; altera_reserved_tck ; altera_reserved_tck ; 0.000        ; 0.043      ; 0.959      ;
; 0.832 ; sld_hub:auto_hub|alt_sld_fab_with_jtag_input:\instrumentation_fabric_with_node_gen:fabric_gen_new_way:with_jtag_input_gen:instrumentation_fabric|alt_sld_fab:instrumentation_fabric|alt_sld_fab_alt_sld_fab:alt_sld_fab|alt_sld_fab_alt_sld_fab_sldfabric:sldfabric|sld_jtag_hub:\jtag_hub_gen:real_sld_jtag_hub|sld_shadow_jsm:shadow_jsm|state[0] ; sld_hub:auto_hub|alt_sld_fab_with_jtag_input:\instrumentation_fabric_with_node_gen:fabric_gen_new_way:with_jtag_input_gen:instrumentation_fabric|alt_sld_fab:instrumentation_fabric|alt_sld_fab_alt_sld_fab:alt_sld_fab|alt_sld_fab_alt_sld_fab_sldfabric:sldfabric|sld_jtag_hub:\jtag_hub_gen:real_sld_jtag_hub|jtag_ir_reg[5]            ; altera_reserved_tck ; altera_reserved_tck ; 0.000        ; 0.043      ; 0.959      ;
; 0.832 ; sld_hub:auto_hub|alt_sld_fab_with_jtag_input:\instrumentation_fabric_with_node_gen:fabric_gen_new_way:with_jtag_input_gen:instrumentation_fabric|alt_sld_fab:instrumentation_fabric|alt_sld_fab_alt_sld_fab:alt_sld_fab|alt_sld_fab_alt_sld_fab_sldfabric:sldfabric|sld_jtag_hub:\jtag_hub_gen:real_sld_jtag_hub|sld_shadow_jsm:shadow_jsm|state[0] ; sld_hub:auto_hub|alt_sld_fab_with_jtag_input:\instrumentation_fabric_with_node_gen:fabric_gen_new_way:with_jtag_input_gen:instrumentation_fabric|alt_sld_fab:instrumentation_fabric|alt_sld_fab_alt_sld_fab:alt_sld_fab|alt_sld_fab_alt_sld_fab_sldfabric:sldfabric|sld_jtag_hub:\jtag_hub_gen:real_sld_jtag_hub|jtag_ir_reg[6]            ; altera_reserved_tck ; altera_reserved_tck ; 0.000        ; 0.043      ; 0.959      ;
; 0.832 ; sld_hub:auto_hub|alt_sld_fab_with_jtag_input:\instrumentation_fabric_with_node_gen:fabric_gen_new_way:with_jtag_input_gen:instrumentation_fabric|alt_sld_fab:instrumentation_fabric|alt_sld_fab_alt_sld_fab:alt_sld_fab|alt_sld_fab_alt_sld_fab_sldfabric:sldfabric|sld_jtag_hub:\jtag_hub_gen:real_sld_jtag_hub|sld_shadow_jsm:shadow_jsm|state[0] ; sld_hub:auto_hub|alt_sld_fab_with_jtag_input:\instrumentation_fabric_with_node_gen:fabric_gen_new_way:with_jtag_input_gen:instrumentation_fabric|alt_sld_fab:instrumentation_fabric|alt_sld_fab_alt_sld_fab:alt_sld_fab|alt_sld_fab_alt_sld_fab_sldfabric:sldfabric|sld_jtag_hub:\jtag_hub_gen:real_sld_jtag_hub|jtag_ir_reg[7]            ; altera_reserved_tck ; altera_reserved_tck ; 0.000        ; 0.043      ; 0.959      ;
; 0.832 ; sld_hub:auto_hub|alt_sld_fab_with_jtag_input:\instrumentation_fabric_with_node_gen:fabric_gen_new_way:with_jtag_input_gen:instrumentation_fabric|alt_sld_fab:instrumentation_fabric|alt_sld_fab_alt_sld_fab:alt_sld_fab|alt_sld_fab_alt_sld_fab_sldfabric:sldfabric|sld_jtag_hub:\jtag_hub_gen:real_sld_jtag_hub|sld_shadow_jsm:shadow_jsm|state[0] ; sld_hub:auto_hub|alt_sld_fab_with_jtag_input:\instrumentation_fabric_with_node_gen:fabric_gen_new_way:with_jtag_input_gen:instrumentation_fabric|alt_sld_fab:instrumentation_fabric|alt_sld_fab_alt_sld_fab:alt_sld_fab|alt_sld_fab_alt_sld_fab_sldfabric:sldfabric|sld_jtag_hub:\jtag_hub_gen:real_sld_jtag_hub|jtag_ir_reg[8]            ; altera_reserved_tck ; altera_reserved_tck ; 0.000        ; 0.043      ; 0.959      ;
; 0.832 ; sld_hub:auto_hub|alt_sld_fab_with_jtag_input:\instrumentation_fabric_with_node_gen:fabric_gen_new_way:with_jtag_input_gen:instrumentation_fabric|alt_sld_fab:instrumentation_fabric|alt_sld_fab_alt_sld_fab:alt_sld_fab|alt_sld_fab_alt_sld_fab_sldfabric:sldfabric|sld_jtag_hub:\jtag_hub_gen:real_sld_jtag_hub|sld_shadow_jsm:shadow_jsm|state[0] ; sld_hub:auto_hub|alt_sld_fab_with_jtag_input:\instrumentation_fabric_with_node_gen:fabric_gen_new_way:with_jtag_input_gen:instrumentation_fabric|alt_sld_fab:instrumentation_fabric|alt_sld_fab_alt_sld_fab:alt_sld_fab|alt_sld_fab_alt_sld_fab_sldfabric:sldfabric|sld_jtag_hub:\jtag_hub_gen:real_sld_jtag_hub|jtag_ir_reg[9]            ; altera_reserved_tck ; altera_reserved_tck ; 0.000        ; 0.043      ; 0.959      ;
+-------+-----------------------------------------------------------------------------------------------------------------------------------------------------------------------------------------------------------------------------------------------------------------------------------------------------------------------------------------------------+--------------------------------------------------------------------------------------------------------------------------------------------------------------------------------------------------------------------------------------------------------------------------------------------------------------------------------------------+---------------------+---------------------+--------------+------------+------------+


----------------------------------------------
; Fast 1200mV 0C Model Metastability Summary ;
----------------------------------------------
Typical MTBF of Design is 1e+09 years or 3.15e+16 seconds.

Number of Synchronizer Chains Found: 3
Shortest Synchronizer Chain: 2 Registers
Fraction of Chains for which MTBFs Could Not be Calculated: 0.333
Worst Case Available Settling Time: 198.460 ns

Typical MTBF values are calculated based on the nominal silicon characteristics, at nominal operating conditions.
  - Under typical conditions, an increase of 100ps in available settling time will increase MTBF values by a factor of 10.8



+----------------------------------------------------------------------------------+
; Multicorner Timing Analysis Summary                                              ;
+----------------------+--------+-------+----------+---------+---------------------+
; Clock                ; Setup  ; Hold  ; Recovery ; Removal ; Minimum Pulse Width ;
+----------------------+--------+-------+----------+---------+---------------------+
; Worst-case Slack     ; 46.362 ; 0.181 ; 97.759   ; 0.701   ; 49.472              ;
;  altera_reserved_tck ; 46.362 ; 0.181 ; 97.759   ; 0.701   ; 49.472              ;
; Design-wide TNS      ; 0.0    ; 0.0   ; 0.0      ; 0.0     ; 0.0                 ;
;  altera_reserved_tck ; 0.000  ; 0.000 ; 0.000    ; 0.000   ; 0.000               ;
+----------------------+--------+-------+----------+---------+---------------------+


+------------------------------------------------------------------------------------------------------------------------------------------------------------------------------------------------------------------------------------------------------------------------------------------------------------------------------------------------------------------------------------------------------------------------+
; Board Trace Model Assignments                                                                                                                                                                                                                                                                                                                                                                                          ;
+---------------------+--------------+-------------------+-------------------------+-------------------------+---------------+---------------------+----------------+------------------+--------+------------------+------------------------+------------------------+--------------+---------------+-----------------+-------+---------------------+--------------------+---------------+-----------------+-------------+
; Pin                 ; I/O Standard ; Near Tline Length ; Near Tline L per Length ; Near Tline C per Length ; Near Series R ; Near Differential R ; Near Pull-up R ; Near Pull-down R ; Near C ; Far Tline Length ; Far Tline L per Length ; Far Tline C per Length ; Far Series R ; Far Pull-up R ; Far Pull-down R ; Far C ; Termination Voltage ; Far Differential R ; EBD File Name ; EBD Signal Name ; EBD Far-end ;
+---------------------+--------------+-------------------+-------------------------+-------------------------+---------------+---------------------+----------------+------------------+--------+------------------+------------------------+------------------------+--------------+---------------+-----------------+-------+---------------------+--------------------+---------------+-----------------+-------------+
; HEX0[6]             ; 2.5 V        ; 0 in              ; 0 H/in                  ; 0 F/in                  ; short         ; -                   ; open           ; open             ; open   ; 0 in             ; 0 H/in                 ; 0 F/in                 ; short        ; open          ; open            ; open  ; 0 V                 ; -                  ; n/a           ; n/a             ; n/a         ;
; HEX0[5]             ; 2.5 V        ; 0 in              ; 0 H/in                  ; 0 F/in                  ; short         ; -                   ; open           ; open             ; open   ; 0 in             ; 0 H/in                 ; 0 F/in                 ; short        ; open          ; open            ; open  ; 0 V                 ; -                  ; n/a           ; n/a             ; n/a         ;
; HEX0[4]             ; 2.5 V        ; 0 in              ; 0 H/in                  ; 0 F/in                  ; short         ; -                   ; open           ; open             ; open   ; 0 in             ; 0 H/in                 ; 0 F/in                 ; short        ; open          ; open            ; open  ; 0 V                 ; -                  ; n/a           ; n/a             ; n/a         ;
; HEX0[3]             ; 2.5 V        ; 0 in              ; 0 H/in                  ; 0 F/in                  ; short         ; -                   ; open           ; open             ; open   ; 0 in             ; 0 H/in                 ; 0 F/in                 ; short        ; open          ; open            ; open  ; 0 V                 ; -                  ; n/a           ; n/a             ; n/a         ;
; HEX0[2]             ; 2.5 V        ; 0 in              ; 0 H/in                  ; 0 F/in                  ; short         ; -                   ; open           ; open             ; open   ; 0 in             ; 0 H/in                 ; 0 F/in                 ; short        ; open          ; open            ; open  ; 0 V                 ; -                  ; n/a           ; n/a             ; n/a         ;
; HEX0[1]             ; 2.5 V        ; 0 in              ; 0 H/in                  ; 0 F/in                  ; short         ; -                   ; open           ; open             ; open   ; 0 in             ; 0 H/in                 ; 0 F/in                 ; short        ; open          ; open            ; open  ; 0 V                 ; -                  ; n/a           ; n/a             ; n/a         ;
; HEX0[0]             ; 2.5 V        ; 0 in              ; 0 H/in                  ; 0 F/in                  ; short         ; -                   ; open           ; open             ; open   ; 0 in             ; 0 H/in                 ; 0 F/in                 ; short        ; open          ; open            ; open  ; 0 V                 ; -                  ; n/a           ; n/a             ; n/a         ;
; HEX1[6]             ; 2.5 V        ; 0 in              ; 0 H/in                  ; 0 F/in                  ; short         ; -                   ; open           ; open             ; open   ; 0 in             ; 0 H/in                 ; 0 F/in                 ; short        ; open          ; open            ; open  ; 0 V                 ; -                  ; n/a           ; n/a             ; n/a         ;
; HEX1[5]             ; 2.5 V        ; 0 in              ; 0 H/in                  ; 0 F/in                  ; short         ; -                   ; open           ; open             ; open   ; 0 in             ; 0 H/in                 ; 0 F/in                 ; short        ; open          ; open            ; open  ; 0 V                 ; -                  ; n/a           ; n/a             ; n/a         ;
; HEX1[4]             ; 2.5 V        ; 0 in              ; 0 H/in                  ; 0 F/in                  ; short         ; -                   ; open           ; open             ; open   ; 0 in             ; 0 H/in                 ; 0 F/in                 ; short        ; open          ; open            ; open  ; 0 V                 ; -                  ; n/a           ; n/a             ; n/a         ;
; HEX1[3]             ; 2.5 V        ; 0 in              ; 0 H/in                  ; 0 F/in                  ; short         ; -                   ; open           ; open             ; open   ; 0 in             ; 0 H/in                 ; 0 F/in                 ; short        ; open          ; open            ; open  ; 0 V                 ; -                  ; n/a           ; n/a             ; n/a         ;
; HEX1[2]             ; 2.5 V        ; 0 in              ; 0 H/in                  ; 0 F/in                  ; short         ; -                   ; open           ; open             ; open   ; 0 in             ; 0 H/in                 ; 0 F/in                 ; short        ; open          ; open            ; open  ; 0 V                 ; -                  ; n/a           ; n/a             ; n/a         ;
; HEX1[1]             ; 2.5 V        ; 0 in              ; 0 H/in                  ; 0 F/in                  ; short         ; -                   ; open           ; open             ; open   ; 0 in             ; 0 H/in                 ; 0 F/in                 ; short        ; open          ; open            ; open  ; 0 V                 ; -                  ; n/a           ; n/a             ; n/a         ;
; HEX1[0]             ; 2.5 V        ; 0 in              ; 0 H/in                  ; 0 F/in                  ; short         ; -                   ; open           ; open             ; open   ; 0 in             ; 0 H/in                 ; 0 F/in                 ; short        ; open          ; open            ; open  ; 0 V                 ; -                  ; n/a           ; n/a             ; n/a         ;
; HEX2[6]             ; 2.5 V        ; 0 in              ; 0 H/in                  ; 0 F/in                  ; short         ; -                   ; open           ; open             ; open   ; 0 in             ; 0 H/in                 ; 0 F/in                 ; short        ; open          ; open            ; open  ; 0 V                 ; -                  ; n/a           ; n/a             ; n/a         ;
; HEX2[5]             ; 2.5 V        ; 0 in              ; 0 H/in                  ; 0 F/in                  ; short         ; -                   ; open           ; open             ; open   ; 0 in             ; 0 H/in                 ; 0 F/in                 ; short        ; open          ; open            ; open  ; 0 V                 ; -                  ; n/a           ; n/a             ; n/a         ;
; HEX2[4]             ; 2.5 V        ; 0 in              ; 0 H/in                  ; 0 F/in                  ; short         ; -                   ; open           ; open             ; open   ; 0 in             ; 0 H/in                 ; 0 F/in                 ; short        ; open          ; open            ; open  ; 0 V                 ; -                  ; n/a           ; n/a             ; n/a         ;
; HEX2[3]             ; 2.5 V        ; 0 in              ; 0 H/in                  ; 0 F/in                  ; short         ; -                   ; open           ; open             ; open   ; 0 in             ; 0 H/in                 ; 0 F/in                 ; short        ; open          ; open            ; open  ; 0 V                 ; -                  ; n/a           ; n/a             ; n/a         ;
; HEX2[2]             ; 2.5 V        ; 0 in              ; 0 H/in                  ; 0 F/in                  ; short         ; -                   ; open           ; open             ; open   ; 0 in             ; 0 H/in                 ; 0 F/in                 ; short        ; open          ; open            ; open  ; 0 V                 ; -                  ; n/a           ; n/a             ; n/a         ;
; HEX2[1]             ; 2.5 V        ; 0 in              ; 0 H/in                  ; 0 F/in                  ; short         ; -                   ; open           ; open             ; open   ; 0 in             ; 0 H/in                 ; 0 F/in                 ; short        ; open          ; open            ; open  ; 0 V                 ; -                  ; n/a           ; n/a             ; n/a         ;
; HEX2[0]             ; 2.5 V        ; 0 in              ; 0 H/in                  ; 0 F/in                  ; short         ; -                   ; open           ; open             ; open   ; 0 in             ; 0 H/in                 ; 0 F/in                 ; short        ; open          ; open            ; open  ; 0 V                 ; -                  ; n/a           ; n/a             ; n/a         ;
; HEX3[6]             ; 3.3-V LVTTL  ; 0 in              ; 0 H/in                  ; 0 F/in                  ; short         ; -                   ; open           ; open             ; open   ; 0 in             ; 0 H/in                 ; 0 F/in                 ; short        ; open          ; open            ; open  ; 0 V                 ; -                  ; n/a           ; n/a             ; n/a         ;
; HEX3[5]             ; 3.3-V LVTTL  ; 0 in              ; 0 H/in                  ; 0 F/in                  ; short         ; -                   ; open           ; open             ; open   ; 0 in             ; 0 H/in                 ; 0 F/in                 ; short        ; open          ; open            ; open  ; 0 V                 ; -                  ; n/a           ; n/a             ; n/a         ;
; HEX3[4]             ; 3.3-V LVTTL  ; 0 in              ; 0 H/in                  ; 0 F/in                  ; short         ; -                   ; open           ; open             ; open   ; 0 in             ; 0 H/in                 ; 0 F/in                 ; short        ; open          ; open            ; open  ; 0 V                 ; -                  ; n/a           ; n/a             ; n/a         ;
; HEX3[3]             ; 3.3-V LVTTL  ; 0 in              ; 0 H/in                  ; 0 F/in                  ; short         ; -                   ; open           ; open             ; open   ; 0 in             ; 0 H/in                 ; 0 F/in                 ; short        ; open          ; open            ; open  ; 0 V                 ; -                  ; n/a           ; n/a             ; n/a         ;
; HEX3[2]             ; 3.3-V LVTTL  ; 0 in              ; 0 H/in                  ; 0 F/in                  ; short         ; -                   ; open           ; open             ; open   ; 0 in             ; 0 H/in                 ; 0 F/in                 ; short        ; open          ; open            ; open  ; 0 V                 ; -                  ; n/a           ; n/a             ; n/a         ;
; HEX3[1]             ; 2.5 V        ; 0 in              ; 0 H/in                  ; 0 F/in                  ; short         ; -                   ; open           ; open             ; open   ; 0 in             ; 0 H/in                 ; 0 F/in                 ; short        ; open          ; open            ; open  ; 0 V                 ; -                  ; n/a           ; n/a             ; n/a         ;
; HEX3[0]             ; 2.5 V        ; 0 in              ; 0 H/in                  ; 0 F/in                  ; short         ; -                   ; open           ; open             ; open   ; 0 in             ; 0 H/in                 ; 0 F/in                 ; short        ; open          ; open            ; open  ; 0 V                 ; -                  ; n/a           ; n/a             ; n/a         ;
; LEDG[3]             ; 2.5 V        ; 0 in              ; 0 H/in                  ; 0 F/in                  ; short         ; -                   ; open           ; open             ; open   ; 0 in             ; 0 H/in                 ; 0 F/in                 ; short        ; open          ; open            ; open  ; 0 V                 ; -                  ; n/a           ; n/a             ; n/a         ;
; LEDG[2]             ; 2.5 V        ; 0 in              ; 0 H/in                  ; 0 F/in                  ; short         ; -                   ; open           ; open             ; open   ; 0 in             ; 0 H/in                 ; 0 F/in                 ; short        ; open          ; open            ; open  ; 0 V                 ; -                  ; n/a           ; n/a             ; n/a         ;
; LEDG[1]             ; 2.5 V        ; 0 in              ; 0 H/in                  ; 0 F/in                  ; short         ; -                   ; open           ; open             ; open   ; 0 in             ; 0 H/in                 ; 0 F/in                 ; short        ; open          ; open            ; open  ; 0 V                 ; -                  ; n/a           ; n/a             ; n/a         ;
; LEDG[0]             ; 2.5 V        ; 0 in              ; 0 H/in                  ; 0 F/in                  ; short         ; -                   ; open           ; open             ; open   ; 0 in             ; 0 H/in                 ; 0 F/in                 ; short        ; open          ; open            ; open  ; 0 V                 ; -                  ; n/a           ; n/a             ; n/a         ;
; LEDR[3]             ; 2.5 V        ; 0 in              ; 0 H/in                  ; 0 F/in                  ; short         ; -                   ; open           ; open             ; open   ; 0 in             ; 0 H/in                 ; 0 F/in                 ; short        ; open          ; open            ; open  ; 0 V                 ; -                  ; n/a           ; n/a             ; n/a         ;
; LEDR[2]             ; 2.5 V        ; 0 in              ; 0 H/in                  ; 0 F/in                  ; short         ; -                   ; open           ; open             ; open   ; 0 in             ; 0 H/in                 ; 0 F/in                 ; short        ; open          ; open            ; open  ; 0 V                 ; -                  ; n/a           ; n/a             ; n/a         ;
; LEDR[1]             ; 2.5 V        ; 0 in              ; 0 H/in                  ; 0 F/in                  ; short         ; -                   ; open           ; open             ; open   ; 0 in             ; 0 H/in                 ; 0 F/in                 ; short        ; open          ; open            ; open  ; 0 V                 ; -                  ; n/a           ; n/a             ; n/a         ;
; LEDR[0]             ; 2.5 V        ; 0 in              ; 0 H/in                  ; 0 F/in                  ; short         ; -                   ; open           ; open             ; open   ; 0 in             ; 0 H/in                 ; 0 F/in                 ; short        ; open          ; open            ; open  ; 0 V                 ; -                  ; n/a           ; n/a             ; n/a         ;
; altera_reserved_tdo ; 2.5 V        ; 0 in              ; 0 H/in                  ; 0 F/in                  ; short         ; -                   ; open           ; open             ; open   ; 0 in             ; 0 H/in                 ; 0 F/in                 ; short        ; open          ; open            ; open  ; 0 V                 ; -                  ; n/a           ; n/a             ; n/a         ;
; ~ALTERA_DCLK~       ; 2.5 V        ; 0 in              ; 0 H/in                  ; 0 F/in                  ; short         ; -                   ; open           ; open             ; open   ; 0 in             ; 0 H/in                 ; 0 F/in                 ; short        ; open          ; open            ; open  ; 0 V                 ; -                  ; n/a           ; n/a             ; n/a         ;
; ~ALTERA_nCEO~       ; 2.5 V        ; 0 in              ; 0 H/in                  ; 0 F/in                  ; short         ; -                   ; open           ; open             ; open   ; 0 in             ; 0 H/in                 ; 0 F/in                 ; short        ; open          ; open            ; open  ; 0 V                 ; -                  ; n/a           ; n/a             ; n/a         ;
+---------------------+--------------+-------------------+-------------------------+-------------------------+---------------+---------------------+----------------+------------------+--------+------------------+------------------------+------------------------+--------------+---------------+-----------------+-------+---------------------+--------------------+---------------+-----------------+-------------+


+----------------------------------------------------------------------------+
; Input Transition Times                                                     ;
+-------------------------+--------------+-----------------+-----------------+
; Pin                     ; I/O Standard ; 10-90 Rise Time ; 90-10 Fall Time ;
+-------------------------+--------------+-----------------+-----------------+
; CLOCK_50                ; 3.3-V LVTTL  ; 2640 ps         ; 2640 ps         ;
; SW[3]                   ; 2.5 V        ; 2000 ps         ; 2000 ps         ;
; SW[2]                   ; 2.5 V        ; 2000 ps         ; 2000 ps         ;
; SW[1]                   ; 2.5 V        ; 2000 ps         ; 2000 ps         ;
; SW[0]                   ; 2.5 V        ; 2000 ps         ; 2000 ps         ;
; KEY[3]                  ; 2.5 V        ; 2000 ps         ; 2000 ps         ;
; altera_reserved_tms     ; 2.5 V        ; 2000 ps         ; 2000 ps         ;
; altera_reserved_tck     ; 2.5 V        ; 2000 ps         ; 2000 ps         ;
; altera_reserved_tdi     ; 2.5 V        ; 2000 ps         ; 2000 ps         ;
; ~ALTERA_ASDO_DATA1~     ; 2.5 V        ; 2000 ps         ; 2000 ps         ;
; ~ALTERA_FLASH_nCE_nCSO~ ; 2.5 V        ; 2000 ps         ; 2000 ps         ;
; ~ALTERA_DATA0~          ; 2.5 V        ; 2000 ps         ; 2000 ps         ;
+-------------------------+--------------+-----------------+-----------------+


+--------------------------------------------------------------------------------------------------------------------------------------------------------------------------------------------------------------------------------------------------------------------------------------------------------------------------------------------------------------------------------------------------------------------------------------------------------------------------------------------------------------------------------------------------------------------------------------------------------------------------------------------------------------------------------------------------+
; Signal Integrity Metrics (Slow 1200mv 0c Model)                                                                                                                                                                                                                                                                                                                                                                                                                                                                                                                                                                                                                                                  ;
+---------------------+--------------+---------------------+---------------------+------------------------------+------------------------------+---------------------+---------------------+--------------------------------------+--------------------------------------+-----------------------------+-----------------------------+----------------------------+----------------------------+-----------------------------+-----------------------------+--------------------+--------------------+-------------------------------------+-------------------------------------+----------------------------+----------------------------+---------------------------+---------------------------+
; Pin                 ; I/O Standard ; Board Delay on Rise ; Board Delay on Fall ; Steady State Voh at FPGA Pin ; Steady State Vol at FPGA Pin ; Voh Max at FPGA Pin ; Vol Min at FPGA Pin ; Ringback Voltage on Rise at FPGA Pin ; Ringback Voltage on Fall at FPGA Pin ; 10-90 Rise Time at FPGA Pin ; 90-10 Fall Time at FPGA Pin ; Monotonic Rise at FPGA Pin ; Monotonic Fall at FPGA Pin ; Steady State Voh at Far-end ; Steady State Vol at Far-end ; Voh Max at Far-end ; Vol Min at Far-end ; Ringback Voltage on Rise at Far-end ; Ringback Voltage on Fall at Far-end ; 10-90 Rise Time at Far-end ; 90-10 Fall Time at Far-end ; Monotonic Rise at Far-end ; Monotonic Fall at Far-end ;
+---------------------+--------------+---------------------+---------------------+------------------------------+------------------------------+---------------------+---------------------+--------------------------------------+--------------------------------------+-----------------------------+-----------------------------+----------------------------+----------------------------+-----------------------------+-----------------------------+--------------------+--------------------+-------------------------------------+-------------------------------------+----------------------------+----------------------------+---------------------------+---------------------------+
; HEX0[6]             ; 2.5 V        ; 0 s                 ; 0 s                 ; 2.32 V                       ; 3.07e-09 V                   ; 2.38 V              ; -0.0144 V           ; 0.227 V                              ; 0.024 V                              ; 3.14e-10 s                  ; 3.39e-10 s                  ; Yes                        ; Yes                        ; 2.32 V                      ; 3.07e-09 V                  ; 2.38 V             ; -0.0144 V          ; 0.227 V                             ; 0.024 V                             ; 3.14e-10 s                 ; 3.39e-10 s                 ; Yes                       ; Yes                       ;
; HEX0[5]             ; 2.5 V        ; 0 s                 ; 0 s                 ; 2.32 V                       ; 3.07e-09 V                   ; 2.33 V              ; -0.00496 V          ; 0.223 V                              ; 0.086 V                              ; 2.9e-09 s                   ; 2.73e-09 s                  ; Yes                        ; Yes                        ; 2.32 V                      ; 3.07e-09 V                  ; 2.33 V             ; -0.00496 V         ; 0.223 V                             ; 0.086 V                             ; 2.9e-09 s                  ; 2.73e-09 s                 ; Yes                       ; Yes                       ;
; HEX0[4]             ; 2.5 V        ; 0 s                 ; 0 s                 ; 2.32 V                       ; 3.07e-09 V                   ; 2.38 V              ; -0.0144 V           ; 0.227 V                              ; 0.024 V                              ; 3.14e-10 s                  ; 3.39e-10 s                  ; Yes                        ; Yes                        ; 2.32 V                      ; 3.07e-09 V                  ; 2.38 V             ; -0.0144 V          ; 0.227 V                             ; 0.024 V                             ; 3.14e-10 s                 ; 3.39e-10 s                 ; Yes                       ; Yes                       ;
; HEX0[3]             ; 2.5 V        ; 0 s                 ; 0 s                 ; 2.32 V                       ; 3.07e-09 V                   ; 2.38 V              ; -0.0144 V           ; 0.227 V                              ; 0.024 V                              ; 3.14e-10 s                  ; 3.39e-10 s                  ; Yes                        ; Yes                        ; 2.32 V                      ; 3.07e-09 V                  ; 2.38 V             ; -0.0144 V          ; 0.227 V                             ; 0.024 V                             ; 3.14e-10 s                 ; 3.39e-10 s                 ; Yes                       ; Yes                       ;
; HEX0[2]             ; 2.5 V        ; 0 s                 ; 0 s                 ; 2.32 V                       ; 4.49e-09 V                   ; 2.38 V              ; -0.00552 V          ; 0.096 V                              ; 0.019 V                              ; 4.18e-10 s                  ; 3.59e-10 s                  ; No                         ; Yes                        ; 2.32 V                      ; 4.49e-09 V                  ; 2.38 V             ; -0.00552 V         ; 0.096 V                             ; 0.019 V                             ; 4.18e-10 s                 ; 3.59e-10 s                 ; No                        ; Yes                       ;
; HEX0[1]             ; 2.5 V        ; 0 s                 ; 0 s                 ; 2.32 V                       ; 4.49e-09 V                   ; 2.33 V              ; -0.00467 V          ; 0.226 V                              ; 0.087 V                              ; 2.91e-09 s                  ; 2.74e-09 s                  ; Yes                        ; Yes                        ; 2.32 V                      ; 4.49e-09 V                  ; 2.33 V             ; -0.00467 V         ; 0.226 V                             ; 0.087 V                             ; 2.91e-09 s                 ; 2.74e-09 s                 ; Yes                       ; Yes                       ;
; HEX0[0]             ; 2.5 V        ; 0 s                 ; 0 s                 ; 2.32 V                       ; 4.49e-09 V                   ; 2.38 V              ; -0.00552 V          ; 0.096 V                              ; 0.019 V                              ; 4.18e-10 s                  ; 3.59e-10 s                  ; No                         ; Yes                        ; 2.32 V                      ; 4.49e-09 V                  ; 2.38 V             ; -0.00552 V         ; 0.096 V                             ; 0.019 V                             ; 4.18e-10 s                 ; 3.59e-10 s                 ; No                        ; Yes                       ;
; HEX1[6]             ; 2.5 V        ; 0 s                 ; 0 s                 ; 2.32 V                       ; 3.07e-09 V                   ; 2.33 V              ; -0.00496 V          ; 0.223 V                              ; 0.086 V                              ; 2.9e-09 s                   ; 2.73e-09 s                  ; Yes                        ; Yes                        ; 2.32 V                      ; 3.07e-09 V                  ; 2.33 V             ; -0.00496 V         ; 0.223 V                             ; 0.086 V                             ; 2.9e-09 s                  ; 2.73e-09 s                 ; Yes                       ; Yes                       ;
; HEX1[5]             ; 2.5 V        ; 0 s                 ; 0 s                 ; 2.32 V                       ; 3.07e-09 V                   ; 2.33 V              ; -0.00496 V          ; 0.223 V                              ; 0.086 V                              ; 2.9e-09 s                   ; 2.73e-09 s                  ; Yes                        ; Yes                        ; 2.32 V                      ; 3.07e-09 V                  ; 2.33 V             ; -0.00496 V         ; 0.223 V                             ; 0.086 V                             ; 2.9e-09 s                  ; 2.73e-09 s                 ; Yes                       ; Yes                       ;
; HEX1[4]             ; 2.5 V        ; 0 s                 ; 0 s                 ; 2.32 V                       ; 3.07e-09 V                   ; 2.37 V              ; -0.00994 V          ; 0.186 V                              ; 0.028 V                              ; 4.98e-10 s                  ; 4.96e-10 s                  ; Yes                        ; Yes                        ; 2.32 V                      ; 3.07e-09 V                  ; 2.37 V             ; -0.00994 V         ; 0.186 V                             ; 0.028 V                             ; 4.98e-10 s                 ; 4.96e-10 s                 ; Yes                       ; Yes                       ;
; HEX1[3]             ; 2.5 V        ; 0 s                 ; 0 s                 ; 2.32 V                       ; 3.07e-09 V                   ; 2.37 V              ; -0.00994 V          ; 0.186 V                              ; 0.028 V                              ; 4.98e-10 s                  ; 4.96e-10 s                  ; Yes                        ; Yes                        ; 2.32 V                      ; 3.07e-09 V                  ; 2.37 V             ; -0.00994 V         ; 0.186 V                             ; 0.028 V                             ; 4.98e-10 s                 ; 4.96e-10 s                 ; Yes                       ; Yes                       ;
; HEX1[2]             ; 2.5 V        ; 0 s                 ; 0 s                 ; 2.32 V                       ; 3.07e-09 V                   ; 2.37 V              ; -0.00994 V          ; 0.186 V                              ; 0.028 V                              ; 4.98e-10 s                  ; 4.96e-10 s                  ; Yes                        ; Yes                        ; 2.32 V                      ; 3.07e-09 V                  ; 2.37 V             ; -0.00994 V         ; 0.186 V                             ; 0.028 V                             ; 4.98e-10 s                 ; 4.96e-10 s                 ; Yes                       ; Yes                       ;
; HEX1[1]             ; 2.5 V        ; 0 s                 ; 0 s                 ; 2.32 V                       ; 3.07e-09 V                   ; 2.37 V              ; -0.00994 V          ; 0.186 V                              ; 0.028 V                              ; 4.98e-10 s                  ; 4.96e-10 s                  ; Yes                        ; Yes                        ; 2.32 V                      ; 3.07e-09 V                  ; 2.37 V             ; -0.00994 V         ; 0.186 V                             ; 0.028 V                             ; 4.98e-10 s                 ; 4.96e-10 s                 ; Yes                       ; Yes                       ;
; HEX1[0]             ; 2.5 V        ; 0 s                 ; 0 s                 ; 2.32 V                       ; 3.07e-09 V                   ; 2.38 V              ; -0.0144 V           ; 0.227 V                              ; 0.024 V                              ; 3.14e-10 s                  ; 3.39e-10 s                  ; Yes                        ; Yes                        ; 2.32 V                      ; 3.07e-09 V                  ; 2.38 V             ; -0.0144 V          ; 0.227 V                             ; 0.024 V                             ; 3.14e-10 s                 ; 3.39e-10 s                 ; Yes                       ; Yes                       ;
; HEX2[6]             ; 2.5 V        ; 0 s                 ; 0 s                 ; 2.32 V                       ; 3.07e-09 V                   ; 2.37 V              ; -0.00994 V          ; 0.186 V                              ; 0.028 V                              ; 4.98e-10 s                  ; 4.96e-10 s                  ; Yes                        ; Yes                        ; 2.32 V                      ; 3.07e-09 V                  ; 2.37 V             ; -0.00994 V         ; 0.186 V                             ; 0.028 V                             ; 4.98e-10 s                 ; 4.96e-10 s                 ; Yes                       ; Yes                       ;
; HEX2[5]             ; 2.5 V        ; 0 s                 ; 0 s                 ; 2.32 V                       ; 3.07e-09 V                   ; 2.37 V              ; -0.00994 V          ; 0.186 V                              ; 0.028 V                              ; 4.98e-10 s                  ; 4.96e-10 s                  ; Yes                        ; Yes                        ; 2.32 V                      ; 3.07e-09 V                  ; 2.37 V             ; -0.00994 V         ; 0.186 V                             ; 0.028 V                             ; 4.98e-10 s                 ; 4.96e-10 s                 ; Yes                       ; Yes                       ;
; HEX2[4]             ; 2.5 V        ; 0 s                 ; 0 s                 ; 2.32 V                       ; 3.07e-09 V                   ; 2.37 V              ; -0.00994 V          ; 0.186 V                              ; 0.028 V                              ; 4.98e-10 s                  ; 4.96e-10 s                  ; Yes                        ; Yes                        ; 2.32 V                      ; 3.07e-09 V                  ; 2.37 V             ; -0.00994 V         ; 0.186 V                             ; 0.028 V                             ; 4.98e-10 s                 ; 4.96e-10 s                 ; Yes                       ; Yes                       ;
; HEX2[3]             ; 2.5 V        ; 0 s                 ; 0 s                 ; 2.32 V                       ; 3.07e-09 V                   ; 2.37 V              ; -0.00994 V          ; 0.186 V                              ; 0.028 V                              ; 4.98e-10 s                  ; 4.96e-10 s                  ; Yes                        ; Yes                        ; 2.32 V                      ; 3.07e-09 V                  ; 2.37 V             ; -0.00994 V         ; 0.186 V                             ; 0.028 V                             ; 4.98e-10 s                 ; 4.96e-10 s                 ; Yes                       ; Yes                       ;
; HEX2[2]             ; 2.5 V        ; 0 s                 ; 0 s                 ; 2.32 V                       ; 3.07e-09 V                   ; 2.37 V              ; -0.00994 V          ; 0.186 V                              ; 0.028 V                              ; 4.98e-10 s                  ; 4.96e-10 s                  ; Yes                        ; Yes                        ; 2.32 V                      ; 3.07e-09 V                  ; 2.37 V             ; -0.00994 V         ; 0.186 V                             ; 0.028 V                             ; 4.98e-10 s                 ; 4.96e-10 s                 ; Yes                       ; Yes                       ;
; HEX2[1]             ; 2.5 V        ; 0 s                 ; 0 s                 ; 2.32 V                       ; 3.07e-09 V                   ; 2.37 V              ; -0.00994 V          ; 0.186 V                              ; 0.028 V                              ; 4.98e-10 s                  ; 4.96e-10 s                  ; Yes                        ; Yes                        ; 2.32 V                      ; 3.07e-09 V                  ; 2.37 V             ; -0.00994 V         ; 0.186 V                             ; 0.028 V                             ; 4.98e-10 s                 ; 4.96e-10 s                 ; Yes                       ; Yes                       ;
; HEX2[0]             ; 2.5 V        ; 0 s                 ; 0 s                 ; 2.32 V                       ; 3.07e-09 V                   ; 2.37 V              ; -0.00994 V          ; 0.186 V                              ; 0.028 V                              ; 4.98e-10 s                  ; 4.96e-10 s                  ; Yes                        ; Yes                        ; 2.32 V                      ; 3.07e-09 V                  ; 2.37 V             ; -0.00994 V         ; 0.186 V                             ; 0.028 V                             ; 4.98e-10 s                 ; 4.96e-10 s                 ; Yes                       ; Yes                       ;
; HEX3[6]             ; 3.3-V LVTTL  ; 0 s                 ; 0 s                 ; 3.08 V                       ; 1.58e-08 V                   ; 3.13 V              ; -0.117 V            ; 0.143 V                              ; 0.259 V                              ; 6.22e-10 s                  ; 4.46e-10 s                  ; No                         ; No                         ; 3.08 V                      ; 1.58e-08 V                  ; 3.13 V             ; -0.117 V           ; 0.143 V                             ; 0.259 V                             ; 6.22e-10 s                 ; 4.46e-10 s                 ; No                        ; No                        ;
; HEX3[5]             ; 3.3-V LVTTL  ; 0 s                 ; 0 s                 ; 3.08 V                       ; 1.58e-08 V                   ; 3.13 V              ; -0.117 V            ; 0.143 V                              ; 0.259 V                              ; 6.22e-10 s                  ; 4.46e-10 s                  ; No                         ; No                         ; 3.08 V                      ; 1.58e-08 V                  ; 3.13 V             ; -0.117 V           ; 0.143 V                             ; 0.259 V                             ; 6.22e-10 s                 ; 4.46e-10 s                 ; No                        ; No                        ;
; HEX3[4]             ; 3.3-V LVTTL  ; 0 s                 ; 0 s                 ; 3.08 V                       ; 1.58e-08 V                   ; 3.13 V              ; -0.117 V            ; 0.143 V                              ; 0.259 V                              ; 6.22e-10 s                  ; 4.46e-10 s                  ; No                         ; No                         ; 3.08 V                      ; 1.58e-08 V                  ; 3.13 V             ; -0.117 V           ; 0.143 V                             ; 0.259 V                             ; 6.22e-10 s                 ; 4.46e-10 s                 ; No                        ; No                        ;
; HEX3[3]             ; 3.3-V LVTTL  ; 0 s                 ; 0 s                 ; 3.08 V                       ; 1.58e-08 V                   ; 3.13 V              ; -0.117 V            ; 0.143 V                              ; 0.259 V                              ; 6.22e-10 s                  ; 4.46e-10 s                  ; No                         ; No                         ; 3.08 V                      ; 1.58e-08 V                  ; 3.13 V             ; -0.117 V           ; 0.143 V                             ; 0.259 V                             ; 6.22e-10 s                 ; 4.46e-10 s                 ; No                        ; No                        ;
; HEX3[2]             ; 3.3-V LVTTL  ; 0 s                 ; 0 s                 ; 3.08 V                       ; 1.58e-08 V                   ; 3.09 V              ; -0.012 V            ; 0.232 V                              ; 0.268 V                              ; 4.75e-09 s                  ; 3.5e-09 s                   ; Yes                        ; No                         ; 3.08 V                      ; 1.58e-08 V                  ; 3.09 V             ; -0.012 V           ; 0.232 V                             ; 0.268 V                             ; 4.75e-09 s                 ; 3.5e-09 s                  ; Yes                       ; No                        ;
; HEX3[1]             ; 2.5 V        ; 0 s                 ; 0 s                 ; 2.32 V                       ; 3.07e-09 V                   ; 2.38 V              ; -0.0144 V           ; 0.227 V                              ; 0.024 V                              ; 3.14e-10 s                  ; 3.39e-10 s                  ; Yes                        ; Yes                        ; 2.32 V                      ; 3.07e-09 V                  ; 2.38 V             ; -0.0144 V          ; 0.227 V                             ; 0.024 V                             ; 3.14e-10 s                 ; 3.39e-10 s                 ; Yes                       ; Yes                       ;
; HEX3[0]             ; 2.5 V        ; 0 s                 ; 0 s                 ; 2.32 V                       ; 3.07e-09 V                   ; 2.37 V              ; -0.00994 V          ; 0.186 V                              ; 0.028 V                              ; 4.98e-10 s                  ; 4.96e-10 s                  ; Yes                        ; Yes                        ; 2.32 V                      ; 3.07e-09 V                  ; 2.37 V             ; -0.00994 V         ; 0.186 V                             ; 0.028 V                             ; 4.98e-10 s                 ; 4.96e-10 s                 ; Yes                       ; Yes                       ;
; LEDG[3]             ; 2.5 V        ; 0 s                 ; 0 s                 ; 2.32 V                       ; 4.49e-09 V                   ; 2.38 V              ; -0.00552 V          ; 0.096 V                              ; 0.019 V                              ; 4.18e-10 s                  ; 3.59e-10 s                  ; No                         ; Yes                        ; 2.32 V                      ; 4.49e-09 V                  ; 2.38 V             ; -0.00552 V         ; 0.096 V                             ; 0.019 V                             ; 4.18e-10 s                 ; 3.59e-10 s                 ; No                        ; Yes                       ;
; LEDG[2]             ; 2.5 V        ; 0 s                 ; 0 s                 ; 2.32 V                       ; 4.49e-09 V                   ; 2.38 V              ; -0.00552 V          ; 0.096 V                              ; 0.019 V                              ; 4.18e-10 s                  ; 3.59e-10 s                  ; No                         ; Yes                        ; 2.32 V                      ; 4.49e-09 V                  ; 2.38 V             ; -0.00552 V         ; 0.096 V                             ; 0.019 V                             ; 4.18e-10 s                 ; 3.59e-10 s                 ; No                        ; Yes                       ;
; LEDG[1]             ; 2.5 V        ; 0 s                 ; 0 s                 ; 2.32 V                       ; 4.49e-09 V                   ; 2.38 V              ; -0.00552 V          ; 0.096 V                              ; 0.019 V                              ; 4.18e-10 s                  ; 3.59e-10 s                  ; No                         ; Yes                        ; 2.32 V                      ; 4.49e-09 V                  ; 2.38 V             ; -0.00552 V         ; 0.096 V                             ; 0.019 V                             ; 4.18e-10 s                 ; 3.59e-10 s                 ; No                        ; Yes                       ;
; LEDG[0]             ; 2.5 V        ; 0 s                 ; 0 s                 ; 2.32 V                       ; 4.49e-09 V                   ; 2.38 V              ; -0.00552 V          ; 0.096 V                              ; 0.019 V                              ; 4.18e-10 s                  ; 3.59e-10 s                  ; No                         ; Yes                        ; 2.32 V                      ; 4.49e-09 V                  ; 2.38 V             ; -0.00552 V         ; 0.096 V                             ; 0.019 V                             ; 4.18e-10 s                 ; 3.59e-10 s                 ; No                        ; Yes                       ;
; LEDR[3]             ; 2.5 V        ; 0 s                 ; 0 s                 ; 2.32 V                       ; 4.49e-09 V                   ; 2.38 V              ; -0.00552 V          ; 0.096 V                              ; 0.019 V                              ; 4.18e-10 s                  ; 3.59e-10 s                  ; No                         ; Yes                        ; 2.32 V                      ; 4.49e-09 V                  ; 2.38 V             ; -0.00552 V         ; 0.096 V                             ; 0.019 V                             ; 4.18e-10 s                 ; 3.59e-10 s                 ; No                        ; Yes                       ;
; LEDR[2]             ; 2.5 V        ; 0 s                 ; 0 s                 ; 2.32 V                       ; 4.49e-09 V                   ; 2.38 V              ; -0.00552 V          ; 0.096 V                              ; 0.019 V                              ; 4.18e-10 s                  ; 3.59e-10 s                  ; No                         ; Yes                        ; 2.32 V                      ; 4.49e-09 V                  ; 2.38 V             ; -0.00552 V         ; 0.096 V                             ; 0.019 V                             ; 4.18e-10 s                 ; 3.59e-10 s                 ; No                        ; Yes                       ;
; LEDR[1]             ; 2.5 V        ; 0 s                 ; 0 s                 ; 2.32 V                       ; 4.49e-09 V                   ; 2.38 V              ; -0.00552 V          ; 0.096 V                              ; 0.019 V                              ; 4.18e-10 s                  ; 3.59e-10 s                  ; No                         ; Yes                        ; 2.32 V                      ; 4.49e-09 V                  ; 2.38 V             ; -0.00552 V         ; 0.096 V                             ; 0.019 V                             ; 4.18e-10 s                 ; 3.59e-10 s                 ; No                        ; Yes                       ;
; LEDR[0]             ; 2.5 V        ; 0 s                 ; 0 s                 ; 2.32 V                       ; 4.49e-09 V                   ; 2.38 V              ; -0.00552 V          ; 0.096 V                              ; 0.019 V                              ; 4.18e-10 s                  ; 3.59e-10 s                  ; No                         ; Yes                        ; 2.32 V                      ; 4.49e-09 V                  ; 2.38 V             ; -0.00552 V         ; 0.096 V                             ; 0.019 V                             ; 4.18e-10 s                 ; 3.59e-10 s                 ; No                        ; Yes                       ;
; altera_reserved_tdo ; 2.5 V        ; 0 s                 ; 0 s                 ; 2.32 V                       ; 2.07e-08 V                   ; 2.33 V              ; -0.0049 V           ; 0.041 V                              ; 0.094 V                              ; 8.74e-10 s                  ; 1.89e-09 s                  ; Yes                        ; Yes                        ; 2.32 V                      ; 2.07e-08 V                  ; 2.33 V             ; -0.0049 V          ; 0.041 V                             ; 0.094 V                             ; 8.74e-10 s                 ; 1.89e-09 s                 ; Yes                       ; Yes                       ;
; ~ALTERA_DCLK~       ; 2.5 V        ; 0 s                 ; 0 s                 ; 2.32 V                       ; 2.67e-09 V                   ; 2.38 V              ; -0.0485 V           ; 0.167 V                              ; 0.096 V                              ; 2.95e-10 s                  ; 2.73e-10 s                  ; Yes                        ; Yes                        ; 2.32 V                      ; 2.67e-09 V                  ; 2.38 V             ; -0.0485 V          ; 0.167 V                             ; 0.096 V                             ; 2.95e-10 s                 ; 2.73e-10 s                 ; Yes                       ; Yes                       ;
; ~ALTERA_nCEO~       ; 2.5 V        ; 0 s                 ; 0 s                 ; 2.32 V                       ; 4.18e-09 V                   ; 2.38 V              ; -0.00483 V          ; 0.152 V                              ; 0.012 V                              ; 4.81e-10 s                  ; 6.29e-10 s                  ; Yes                        ; Yes                        ; 2.32 V                      ; 4.18e-09 V                  ; 2.38 V             ; -0.00483 V         ; 0.152 V                             ; 0.012 V                             ; 4.81e-10 s                 ; 6.29e-10 s                 ; Yes                       ; Yes                       ;
+---------------------+--------------+---------------------+---------------------+------------------------------+------------------------------+---------------------+---------------------+--------------------------------------+--------------------------------------+-----------------------------+-----------------------------+----------------------------+----------------------------+-----------------------------+-----------------------------+--------------------+--------------------+-------------------------------------+-------------------------------------+----------------------------+----------------------------+---------------------------+---------------------------+


+--------------------------------------------------------------------------------------------------------------------------------------------------------------------------------------------------------------------------------------------------------------------------------------------------------------------------------------------------------------------------------------------------------------------------------------------------------------------------------------------------------------------------------------------------------------------------------------------------------------------------------------------------------------------------------------------------+
; Signal Integrity Metrics (Slow 1200mv 85c Model)                                                                                                                                                                                                                                                                                                                                                                                                                                                                                                                                                                                                                                                 ;
+---------------------+--------------+---------------------+---------------------+------------------------------+------------------------------+---------------------+---------------------+--------------------------------------+--------------------------------------+-----------------------------+-----------------------------+----------------------------+----------------------------+-----------------------------+-----------------------------+--------------------+--------------------+-------------------------------------+-------------------------------------+----------------------------+----------------------------+---------------------------+---------------------------+
; Pin                 ; I/O Standard ; Board Delay on Rise ; Board Delay on Fall ; Steady State Voh at FPGA Pin ; Steady State Vol at FPGA Pin ; Voh Max at FPGA Pin ; Vol Min at FPGA Pin ; Ringback Voltage on Rise at FPGA Pin ; Ringback Voltage on Fall at FPGA Pin ; 10-90 Rise Time at FPGA Pin ; 90-10 Fall Time at FPGA Pin ; Monotonic Rise at FPGA Pin ; Monotonic Fall at FPGA Pin ; Steady State Voh at Far-end ; Steady State Vol at Far-end ; Voh Max at Far-end ; Vol Min at Far-end ; Ringback Voltage on Rise at Far-end ; Ringback Voltage on Fall at Far-end ; 10-90 Rise Time at Far-end ; 90-10 Fall Time at Far-end ; Monotonic Rise at Far-end ; Monotonic Fall at Far-end ;
+---------------------+--------------+---------------------+---------------------+------------------------------+------------------------------+---------------------+---------------------+--------------------------------------+--------------------------------------+-----------------------------+-----------------------------+----------------------------+----------------------------+-----------------------------+-----------------------------+--------------------+--------------------+-------------------------------------+-------------------------------------+----------------------------+----------------------------+---------------------------+---------------------------+
; HEX0[6]             ; 2.5 V        ; 0 s                 ; 0 s                 ; 2.32 V                       ; 4.67e-07 V                   ; 2.36 V              ; -0.00552 V          ; 0.11 V                               ; 0.007 V                              ; 4.54e-10 s                  ; 4.35e-10 s                  ; Yes                        ; Yes                        ; 2.32 V                      ; 4.67e-07 V                  ; 2.36 V             ; -0.00552 V         ; 0.11 V                              ; 0.007 V                             ; 4.54e-10 s                 ; 4.35e-10 s                 ; Yes                       ; Yes                       ;
; HEX0[5]             ; 2.5 V        ; 0 s                 ; 0 s                 ; 2.32 V                       ; 4.67e-07 V                   ; 2.33 V              ; -0.00269 V          ; 0.13 V                               ; 0.055 V                              ; 3.54e-09 s                  ; 3.29e-09 s                  ; Yes                        ; Yes                        ; 2.32 V                      ; 4.67e-07 V                  ; 2.33 V             ; -0.00269 V         ; 0.13 V                              ; 0.055 V                             ; 3.54e-09 s                 ; 3.29e-09 s                 ; Yes                       ; Yes                       ;
; HEX0[4]             ; 2.5 V        ; 0 s                 ; 0 s                 ; 2.32 V                       ; 4.67e-07 V                   ; 2.36 V              ; -0.00552 V          ; 0.11 V                               ; 0.007 V                              ; 4.54e-10 s                  ; 4.35e-10 s                  ; Yes                        ; Yes                        ; 2.32 V                      ; 4.67e-07 V                  ; 2.36 V             ; -0.00552 V         ; 0.11 V                              ; 0.007 V                             ; 4.54e-10 s                 ; 4.35e-10 s                 ; Yes                       ; Yes                       ;
; HEX0[3]             ; 2.5 V        ; 0 s                 ; 0 s                 ; 2.32 V                       ; 4.67e-07 V                   ; 2.36 V              ; -0.00552 V          ; 0.11 V                               ; 0.007 V                              ; 4.54e-10 s                  ; 4.35e-10 s                  ; Yes                        ; Yes                        ; 2.32 V                      ; 4.67e-07 V                  ; 2.36 V             ; -0.00552 V         ; 0.11 V                              ; 0.007 V                             ; 4.54e-10 s                 ; 4.35e-10 s                 ; Yes                       ; Yes                       ;
; HEX0[2]             ; 2.5 V        ; 0 s                 ; 0 s                 ; 2.32 V                       ; 6.92e-07 V                   ; 2.35 V              ; -0.00996 V          ; 0.121 V                              ; 0.03 V                               ; 4.64e-10 s                  ; 4.47e-10 s                  ; Yes                        ; Yes                        ; 2.32 V                      ; 6.92e-07 V                  ; 2.35 V             ; -0.00996 V         ; 0.121 V                             ; 0.03 V                              ; 4.64e-10 s                 ; 4.47e-10 s                 ; Yes                       ; Yes                       ;
; HEX0[1]             ; 2.5 V        ; 0 s                 ; 0 s                 ; 2.32 V                       ; 6.92e-07 V                   ; 2.33 V              ; -0.00265 V          ; 0.133 V                              ; 0.056 V                              ; 3.55e-09 s                  ; 3.31e-09 s                  ; Yes                        ; Yes                        ; 2.32 V                      ; 6.92e-07 V                  ; 2.33 V             ; -0.00265 V         ; 0.133 V                             ; 0.056 V                             ; 3.55e-09 s                 ; 3.31e-09 s                 ; Yes                       ; Yes                       ;
; HEX0[0]             ; 2.5 V        ; 0 s                 ; 0 s                 ; 2.32 V                       ; 6.92e-07 V                   ; 2.35 V              ; -0.00996 V          ; 0.121 V                              ; 0.03 V                               ; 4.64e-10 s                  ; 4.47e-10 s                  ; Yes                        ; Yes                        ; 2.32 V                      ; 6.92e-07 V                  ; 2.35 V             ; -0.00996 V         ; 0.121 V                             ; 0.03 V                              ; 4.64e-10 s                 ; 4.47e-10 s                 ; Yes                       ; Yes                       ;
; HEX1[6]             ; 2.5 V        ; 0 s                 ; 0 s                 ; 2.32 V                       ; 4.67e-07 V                   ; 2.33 V              ; -0.00269 V          ; 0.13 V                               ; 0.055 V                              ; 3.54e-09 s                  ; 3.29e-09 s                  ; Yes                        ; Yes                        ; 2.32 V                      ; 4.67e-07 V                  ; 2.33 V             ; -0.00269 V         ; 0.13 V                              ; 0.055 V                             ; 3.54e-09 s                 ; 3.29e-09 s                 ; Yes                       ; Yes                       ;
; HEX1[5]             ; 2.5 V        ; 0 s                 ; 0 s                 ; 2.32 V                       ; 4.67e-07 V                   ; 2.33 V              ; -0.00269 V          ; 0.13 V                               ; 0.055 V                              ; 3.54e-09 s                  ; 3.29e-09 s                  ; Yes                        ; Yes                        ; 2.32 V                      ; 4.67e-07 V                  ; 2.33 V             ; -0.00269 V         ; 0.13 V                              ; 0.055 V                             ; 3.54e-09 s                 ; 3.29e-09 s                 ; Yes                       ; Yes                       ;
; HEX1[4]             ; 2.5 V        ; 0 s                 ; 0 s                 ; 2.32 V                       ; 4.67e-07 V                   ; 2.35 V              ; -0.00942 V          ; 0.116 V                              ; 0.033 V                              ; 6.66e-10 s                  ; 6.27e-10 s                  ; Yes                        ; Yes                        ; 2.32 V                      ; 4.67e-07 V                  ; 2.35 V             ; -0.00942 V         ; 0.116 V                             ; 0.033 V                             ; 6.66e-10 s                 ; 6.27e-10 s                 ; Yes                       ; Yes                       ;
; HEX1[3]             ; 2.5 V        ; 0 s                 ; 0 s                 ; 2.32 V                       ; 4.67e-07 V                   ; 2.35 V              ; -0.00942 V          ; 0.116 V                              ; 0.033 V                              ; 6.66e-10 s                  ; 6.27e-10 s                  ; Yes                        ; Yes                        ; 2.32 V                      ; 4.67e-07 V                  ; 2.35 V             ; -0.00942 V         ; 0.116 V                             ; 0.033 V                             ; 6.66e-10 s                 ; 6.27e-10 s                 ; Yes                       ; Yes                       ;
; HEX1[2]             ; 2.5 V        ; 0 s                 ; 0 s                 ; 2.32 V                       ; 4.67e-07 V                   ; 2.35 V              ; -0.00942 V          ; 0.116 V                              ; 0.033 V                              ; 6.66e-10 s                  ; 6.27e-10 s                  ; Yes                        ; Yes                        ; 2.32 V                      ; 4.67e-07 V                  ; 2.35 V             ; -0.00942 V         ; 0.116 V                             ; 0.033 V                             ; 6.66e-10 s                 ; 6.27e-10 s                 ; Yes                       ; Yes                       ;
; HEX1[1]             ; 2.5 V        ; 0 s                 ; 0 s                 ; 2.32 V                       ; 4.67e-07 V                   ; 2.35 V              ; -0.00942 V          ; 0.116 V                              ; 0.033 V                              ; 6.66e-10 s                  ; 6.27e-10 s                  ; Yes                        ; Yes                        ; 2.32 V                      ; 4.67e-07 V                  ; 2.35 V             ; -0.00942 V         ; 0.116 V                             ; 0.033 V                             ; 6.66e-10 s                 ; 6.27e-10 s                 ; Yes                       ; Yes                       ;
; HEX1[0]             ; 2.5 V        ; 0 s                 ; 0 s                 ; 2.32 V                       ; 4.67e-07 V                   ; 2.36 V              ; -0.00552 V          ; 0.11 V                               ; 0.007 V                              ; 4.54e-10 s                  ; 4.35e-10 s                  ; Yes                        ; Yes                        ; 2.32 V                      ; 4.67e-07 V                  ; 2.36 V             ; -0.00552 V         ; 0.11 V                              ; 0.007 V                             ; 4.54e-10 s                 ; 4.35e-10 s                 ; Yes                       ; Yes                       ;
; HEX2[6]             ; 2.5 V        ; 0 s                 ; 0 s                 ; 2.32 V                       ; 4.67e-07 V                   ; 2.35 V              ; -0.00942 V          ; 0.116 V                              ; 0.033 V                              ; 6.66e-10 s                  ; 6.27e-10 s                  ; Yes                        ; Yes                        ; 2.32 V                      ; 4.67e-07 V                  ; 2.35 V             ; -0.00942 V         ; 0.116 V                             ; 0.033 V                             ; 6.66e-10 s                 ; 6.27e-10 s                 ; Yes                       ; Yes                       ;
; HEX2[5]             ; 2.5 V        ; 0 s                 ; 0 s                 ; 2.32 V                       ; 4.67e-07 V                   ; 2.35 V              ; -0.00942 V          ; 0.116 V                              ; 0.033 V                              ; 6.66e-10 s                  ; 6.27e-10 s                  ; Yes                        ; Yes                        ; 2.32 V                      ; 4.67e-07 V                  ; 2.35 V             ; -0.00942 V         ; 0.116 V                             ; 0.033 V                             ; 6.66e-10 s                 ; 6.27e-10 s                 ; Yes                       ; Yes                       ;
; HEX2[4]             ; 2.5 V        ; 0 s                 ; 0 s                 ; 2.32 V                       ; 4.67e-07 V                   ; 2.35 V              ; -0.00942 V          ; 0.116 V                              ; 0.033 V                              ; 6.66e-10 s                  ; 6.27e-10 s                  ; Yes                        ; Yes                        ; 2.32 V                      ; 4.67e-07 V                  ; 2.35 V             ; -0.00942 V         ; 0.116 V                             ; 0.033 V                             ; 6.66e-10 s                 ; 6.27e-10 s                 ; Yes                       ; Yes                       ;
; HEX2[3]             ; 2.5 V        ; 0 s                 ; 0 s                 ; 2.32 V                       ; 4.67e-07 V                   ; 2.35 V              ; -0.00942 V          ; 0.116 V                              ; 0.033 V                              ; 6.66e-10 s                  ; 6.27e-10 s                  ; Yes                        ; Yes                        ; 2.32 V                      ; 4.67e-07 V                  ; 2.35 V             ; -0.00942 V         ; 0.116 V                             ; 0.033 V                             ; 6.66e-10 s                 ; 6.27e-10 s                 ; Yes                       ; Yes                       ;
; HEX2[2]             ; 2.5 V        ; 0 s                 ; 0 s                 ; 2.32 V                       ; 4.67e-07 V                   ; 2.35 V              ; -0.00942 V          ; 0.116 V                              ; 0.033 V                              ; 6.66e-10 s                  ; 6.27e-10 s                  ; Yes                        ; Yes                        ; 2.32 V                      ; 4.67e-07 V                  ; 2.35 V             ; -0.00942 V         ; 0.116 V                             ; 0.033 V                             ; 6.66e-10 s                 ; 6.27e-10 s                 ; Yes                       ; Yes                       ;
; HEX2[1]             ; 2.5 V        ; 0 s                 ; 0 s                 ; 2.32 V                       ; 4.67e-07 V                   ; 2.35 V              ; -0.00942 V          ; 0.116 V                              ; 0.033 V                              ; 6.66e-10 s                  ; 6.27e-10 s                  ; Yes                        ; Yes                        ; 2.32 V                      ; 4.67e-07 V                  ; 2.35 V             ; -0.00942 V         ; 0.116 V                             ; 0.033 V                             ; 6.66e-10 s                 ; 6.27e-10 s                 ; Yes                       ; Yes                       ;
; HEX2[0]             ; 2.5 V        ; 0 s                 ; 0 s                 ; 2.32 V                       ; 4.67e-07 V                   ; 2.35 V              ; -0.00942 V          ; 0.116 V                              ; 0.033 V                              ; 6.66e-10 s                  ; 6.27e-10 s                  ; Yes                        ; Yes                        ; 2.32 V                      ; 4.67e-07 V                  ; 2.35 V             ; -0.00942 V         ; 0.116 V                             ; 0.033 V                             ; 6.66e-10 s                 ; 6.27e-10 s                 ; Yes                       ; Yes                       ;
; HEX3[6]             ; 3.3-V LVTTL  ; 0 s                 ; 0 s                 ; 3.08 V                       ; 1.9e-06 V                    ; 3.11 V              ; -0.0625 V           ; 0.224 V                              ; 0.17 V                               ; 6.86e-10 s                  ; 6.31e-10 s                  ; Yes                        ; No                         ; 3.08 V                      ; 1.9e-06 V                   ; 3.11 V             ; -0.0625 V          ; 0.224 V                             ; 0.17 V                              ; 6.86e-10 s                 ; 6.31e-10 s                 ; Yes                       ; No                        ;
; HEX3[5]             ; 3.3-V LVTTL  ; 0 s                 ; 0 s                 ; 3.08 V                       ; 1.9e-06 V                    ; 3.11 V              ; -0.0625 V           ; 0.224 V                              ; 0.17 V                               ; 6.86e-10 s                  ; 6.31e-10 s                  ; Yes                        ; No                         ; 3.08 V                      ; 1.9e-06 V                   ; 3.11 V             ; -0.0625 V          ; 0.224 V                             ; 0.17 V                              ; 6.86e-10 s                 ; 6.31e-10 s                 ; Yes                       ; No                        ;
; HEX3[4]             ; 3.3-V LVTTL  ; 0 s                 ; 0 s                 ; 3.08 V                       ; 1.9e-06 V                    ; 3.11 V              ; -0.0625 V           ; 0.224 V                              ; 0.17 V                               ; 6.86e-10 s                  ; 6.31e-10 s                  ; Yes                        ; No                         ; 3.08 V                      ; 1.9e-06 V                   ; 3.11 V             ; -0.0625 V          ; 0.224 V                             ; 0.17 V                              ; 6.86e-10 s                 ; 6.31e-10 s                 ; Yes                       ; No                        ;
; HEX3[3]             ; 3.3-V LVTTL  ; 0 s                 ; 0 s                 ; 3.08 V                       ; 1.9e-06 V                    ; 3.11 V              ; -0.0625 V           ; 0.224 V                              ; 0.17 V                               ; 6.86e-10 s                  ; 6.31e-10 s                  ; Yes                        ; No                         ; 3.08 V                      ; 1.9e-06 V                   ; 3.11 V             ; -0.0625 V          ; 0.224 V                             ; 0.17 V                              ; 6.86e-10 s                 ; 6.31e-10 s                 ; Yes                       ; No                        ;
; HEX3[2]             ; 3.3-V LVTTL  ; 0 s                 ; 0 s                 ; 3.08 V                       ; 1.9e-06 V                    ; 3.08 V              ; -0.00581 V          ; 0.138 V                              ; 0.22 V                               ; 5.55e-09 s                  ; 4.38e-09 s                  ; Yes                        ; Yes                        ; 3.08 V                      ; 1.9e-06 V                   ; 3.08 V             ; -0.00581 V         ; 0.138 V                             ; 0.22 V                              ; 5.55e-09 s                 ; 4.38e-09 s                 ; Yes                       ; Yes                       ;
; HEX3[1]             ; 2.5 V        ; 0 s                 ; 0 s                 ; 2.32 V                       ; 4.67e-07 V                   ; 2.36 V              ; -0.00552 V          ; 0.11 V                               ; 0.007 V                              ; 4.54e-10 s                  ; 4.35e-10 s                  ; Yes                        ; Yes                        ; 2.32 V                      ; 4.67e-07 V                  ; 2.36 V             ; -0.00552 V         ; 0.11 V                              ; 0.007 V                             ; 4.54e-10 s                 ; 4.35e-10 s                 ; Yes                       ; Yes                       ;
; HEX3[0]             ; 2.5 V        ; 0 s                 ; 0 s                 ; 2.32 V                       ; 4.67e-07 V                   ; 2.35 V              ; -0.00942 V          ; 0.116 V                              ; 0.033 V                              ; 6.66e-10 s                  ; 6.27e-10 s                  ; Yes                        ; Yes                        ; 2.32 V                      ; 4.67e-07 V                  ; 2.35 V             ; -0.00942 V         ; 0.116 V                             ; 0.033 V                             ; 6.66e-10 s                 ; 6.27e-10 s                 ; Yes                       ; Yes                       ;
; LEDG[3]             ; 2.5 V        ; 0 s                 ; 0 s                 ; 2.32 V                       ; 6.92e-07 V                   ; 2.35 V              ; -0.00996 V          ; 0.121 V                              ; 0.03 V                               ; 4.64e-10 s                  ; 4.47e-10 s                  ; Yes                        ; Yes                        ; 2.32 V                      ; 6.92e-07 V                  ; 2.35 V             ; -0.00996 V         ; 0.121 V                             ; 0.03 V                              ; 4.64e-10 s                 ; 4.47e-10 s                 ; Yes                       ; Yes                       ;
; LEDG[2]             ; 2.5 V        ; 0 s                 ; 0 s                 ; 2.32 V                       ; 6.92e-07 V                   ; 2.35 V              ; -0.00996 V          ; 0.121 V                              ; 0.03 V                               ; 4.64e-10 s                  ; 4.47e-10 s                  ; Yes                        ; Yes                        ; 2.32 V                      ; 6.92e-07 V                  ; 2.35 V             ; -0.00996 V         ; 0.121 V                             ; 0.03 V                              ; 4.64e-10 s                 ; 4.47e-10 s                 ; Yes                       ; Yes                       ;
; LEDG[1]             ; 2.5 V        ; 0 s                 ; 0 s                 ; 2.32 V                       ; 6.92e-07 V                   ; 2.35 V              ; -0.00996 V          ; 0.121 V                              ; 0.03 V                               ; 4.64e-10 s                  ; 4.47e-10 s                  ; Yes                        ; Yes                        ; 2.32 V                      ; 6.92e-07 V                  ; 2.35 V             ; -0.00996 V         ; 0.121 V                             ; 0.03 V                              ; 4.64e-10 s                 ; 4.47e-10 s                 ; Yes                       ; Yes                       ;
; LEDG[0]             ; 2.5 V        ; 0 s                 ; 0 s                 ; 2.32 V                       ; 6.92e-07 V                   ; 2.35 V              ; -0.00996 V          ; 0.121 V                              ; 0.03 V                               ; 4.64e-10 s                  ; 4.47e-10 s                  ; Yes                        ; Yes                        ; 2.32 V                      ; 6.92e-07 V                  ; 2.35 V             ; -0.00996 V         ; 0.121 V                             ; 0.03 V                              ; 4.64e-10 s                 ; 4.47e-10 s                 ; Yes                       ; Yes                       ;
; LEDR[3]             ; 2.5 V        ; 0 s                 ; 0 s                 ; 2.32 V                       ; 6.92e-07 V                   ; 2.35 V              ; -0.00996 V          ; 0.121 V                              ; 0.03 V                               ; 4.64e-10 s                  ; 4.47e-10 s                  ; Yes                        ; Yes                        ; 2.32 V                      ; 6.92e-07 V                  ; 2.35 V             ; -0.00996 V         ; 0.121 V                             ; 0.03 V                              ; 4.64e-10 s                 ; 4.47e-10 s                 ; Yes                       ; Yes                       ;
; LEDR[2]             ; 2.5 V        ; 0 s                 ; 0 s                 ; 2.32 V                       ; 6.92e-07 V                   ; 2.35 V              ; -0.00996 V          ; 0.121 V                              ; 0.03 V                               ; 4.64e-10 s                  ; 4.47e-10 s                  ; Yes                        ; Yes                        ; 2.32 V                      ; 6.92e-07 V                  ; 2.35 V             ; -0.00996 V         ; 0.121 V                             ; 0.03 V                              ; 4.64e-10 s                 ; 4.47e-10 s                 ; Yes                       ; Yes                       ;
; LEDR[1]             ; 2.5 V        ; 0 s                 ; 0 s                 ; 2.32 V                       ; 6.92e-07 V                   ; 2.35 V              ; -0.00996 V          ; 0.121 V                              ; 0.03 V                               ; 4.64e-10 s                  ; 4.47e-10 s                  ; Yes                        ; Yes                        ; 2.32 V                      ; 6.92e-07 V                  ; 2.35 V             ; -0.00996 V         ; 0.121 V                             ; 0.03 V                              ; 4.64e-10 s                 ; 4.47e-10 s                 ; Yes                       ; Yes                       ;
; LEDR[0]             ; 2.5 V        ; 0 s                 ; 0 s                 ; 2.32 V                       ; 6.92e-07 V                   ; 2.35 V              ; -0.00996 V          ; 0.121 V                              ; 0.03 V                               ; 4.64e-10 s                  ; 4.47e-10 s                  ; Yes                        ; Yes                        ; 2.32 V                      ; 6.92e-07 V                  ; 2.35 V             ; -0.00996 V         ; 0.121 V                             ; 0.03 V                              ; 4.64e-10 s                 ; 4.47e-10 s                 ; Yes                       ; Yes                       ;
; altera_reserved_tdo ; 2.5 V        ; 0 s                 ; 0 s                 ; 2.32 V                       ; 3.15e-06 V                   ; 2.33 V              ; 3.15e-06 V          ; 0.014 V                              ; 0.05 V                               ; 1.08e-09 s                  ; 2.51e-09 s                  ; Yes                        ; Yes                        ; 2.32 V                      ; 3.15e-06 V                  ; 2.33 V             ; 3.15e-06 V         ; 0.014 V                             ; 0.05 V                              ; 1.08e-09 s                 ; 2.51e-09 s                 ; Yes                       ; Yes                       ;
; ~ALTERA_DCLK~       ; 2.5 V        ; 0 s                 ; 0 s                 ; 2.32 V                       ; 3.75e-07 V                   ; 2.35 V              ; -0.0109 V           ; 0.084 V                              ; 0.027 V                              ; 4.31e-10 s                  ; 3.61e-10 s                  ; Yes                        ; Yes                        ; 2.32 V                      ; 3.75e-07 V                  ; 2.35 V             ; -0.0109 V          ; 0.084 V                             ; 0.027 V                             ; 4.31e-10 s                 ; 3.61e-10 s                 ; Yes                       ; Yes                       ;
; ~ALTERA_nCEO~       ; 2.5 V        ; 0 s                 ; 0 s                 ; 2.32 V                       ; 6.15e-07 V                   ; 2.35 V              ; -0.00712 V          ; 0.093 V                              ; 0.02 V                               ; 6.21e-10 s                  ; 7.9e-10 s                   ; Yes                        ; Yes                        ; 2.32 V                      ; 6.15e-07 V                  ; 2.35 V             ; -0.00712 V         ; 0.093 V                             ; 0.02 V                              ; 6.21e-10 s                 ; 7.9e-10 s                  ; Yes                       ; Yes                       ;
+---------------------+--------------+---------------------+---------------------+------------------------------+------------------------------+---------------------+---------------------+--------------------------------------+--------------------------------------+-----------------------------+-----------------------------+----------------------------+----------------------------+-----------------------------+-----------------------------+--------------------+--------------------+-------------------------------------+-------------------------------------+----------------------------+----------------------------+---------------------------+---------------------------+


+--------------------------------------------------------------------------------------------------------------------------------------------------------------------------------------------------------------------------------------------------------------------------------------------------------------------------------------------------------------------------------------------------------------------------------------------------------------------------------------------------------------------------------------------------------------------------------------------------------------------------------------------------------------------------------------------------+
; Signal Integrity Metrics (Fast 1200mv 0c Model)                                                                                                                                                                                                                                                                                                                                                                                                                                                                                                                                                                                                                                                  ;
+---------------------+--------------+---------------------+---------------------+------------------------------+------------------------------+---------------------+---------------------+--------------------------------------+--------------------------------------+-----------------------------+-----------------------------+----------------------------+----------------------------+-----------------------------+-----------------------------+--------------------+--------------------+-------------------------------------+-------------------------------------+----------------------------+----------------------------+---------------------------+---------------------------+
; Pin                 ; I/O Standard ; Board Delay on Rise ; Board Delay on Fall ; Steady State Voh at FPGA Pin ; Steady State Vol at FPGA Pin ; Voh Max at FPGA Pin ; Vol Min at FPGA Pin ; Ringback Voltage on Rise at FPGA Pin ; Ringback Voltage on Fall at FPGA Pin ; 10-90 Rise Time at FPGA Pin ; 90-10 Fall Time at FPGA Pin ; Monotonic Rise at FPGA Pin ; Monotonic Fall at FPGA Pin ; Steady State Voh at Far-end ; Steady State Vol at Far-end ; Voh Max at Far-end ; Vol Min at Far-end ; Ringback Voltage on Rise at Far-end ; Ringback Voltage on Fall at Far-end ; 10-90 Rise Time at Far-end ; 90-10 Fall Time at Far-end ; Monotonic Rise at Far-end ; Monotonic Fall at Far-end ;
+---------------------+--------------+---------------------+---------------------+------------------------------+------------------------------+---------------------+---------------------+--------------------------------------+--------------------------------------+-----------------------------+-----------------------------+----------------------------+----------------------------+-----------------------------+-----------------------------+--------------------+--------------------+-------------------------------------+-------------------------------------+----------------------------+----------------------------+---------------------------+---------------------------+
; HEX0[6]             ; 2.5 V        ; 0 s                 ; 0 s                 ; 2.62 V                       ; 2.74e-08 V                   ; 2.73 V              ; -0.0384 V           ; 0.169 V                              ; 0.089 V                              ; 2.7e-10 s                   ; 2.62e-10 s                  ; Yes                        ; Yes                        ; 2.62 V                      ; 2.74e-08 V                  ; 2.73 V             ; -0.0384 V          ; 0.169 V                             ; 0.089 V                             ; 2.7e-10 s                  ; 2.62e-10 s                 ; Yes                       ; Yes                       ;
; HEX0[5]             ; 2.5 V        ; 0 s                 ; 0 s                 ; 2.62 V                       ; 2.74e-08 V                   ; 2.64 V              ; -0.0117 V           ; 0.202 V                              ; 0.176 V                              ; 2.38e-09 s                  ; 2.22e-09 s                  ; No                         ; Yes                        ; 2.62 V                      ; 2.74e-08 V                  ; 2.64 V             ; -0.0117 V          ; 0.202 V                             ; 0.176 V                             ; 2.38e-09 s                 ; 2.22e-09 s                 ; No                        ; Yes                       ;
; HEX0[4]             ; 2.5 V        ; 0 s                 ; 0 s                 ; 2.62 V                       ; 2.74e-08 V                   ; 2.73 V              ; -0.0384 V           ; 0.169 V                              ; 0.089 V                              ; 2.7e-10 s                   ; 2.62e-10 s                  ; Yes                        ; Yes                        ; 2.62 V                      ; 2.74e-08 V                  ; 2.73 V             ; -0.0384 V          ; 0.169 V                             ; 0.089 V                             ; 2.7e-10 s                  ; 2.62e-10 s                 ; Yes                       ; Yes                       ;
; HEX0[3]             ; 2.5 V        ; 0 s                 ; 0 s                 ; 2.62 V                       ; 2.74e-08 V                   ; 2.73 V              ; -0.0384 V           ; 0.169 V                              ; 0.089 V                              ; 2.7e-10 s                   ; 2.62e-10 s                  ; Yes                        ; Yes                        ; 2.62 V                      ; 2.74e-08 V                  ; 2.73 V             ; -0.0384 V          ; 0.169 V                             ; 0.089 V                             ; 2.7e-10 s                  ; 2.62e-10 s                 ; Yes                       ; Yes                       ;
; HEX0[2]             ; 2.5 V        ; 0 s                 ; 0 s                 ; 2.62 V                       ; 4.05e-08 V                   ; 2.72 V              ; -0.0349 V           ; 0.173 V                              ; 0.1 V                                ; 2.72e-10 s                  ; 2.69e-10 s                  ; Yes                        ; Yes                        ; 2.62 V                      ; 4.05e-08 V                  ; 2.72 V             ; -0.0349 V          ; 0.173 V                             ; 0.1 V                               ; 2.72e-10 s                 ; 2.69e-10 s                 ; Yes                       ; Yes                       ;
; HEX0[1]             ; 2.5 V        ; 0 s                 ; 0 s                 ; 2.62 V                       ; 4.05e-08 V                   ; 2.64 V              ; -0.0113 V           ; 0.208 V                              ; 0.179 V                              ; 2.38e-09 s                  ; 2.23e-09 s                  ; No                         ; Yes                        ; 2.62 V                      ; 4.05e-08 V                  ; 2.64 V             ; -0.0113 V          ; 0.208 V                             ; 0.179 V                             ; 2.38e-09 s                 ; 2.23e-09 s                 ; No                        ; Yes                       ;
; HEX0[0]             ; 2.5 V        ; 0 s                 ; 0 s                 ; 2.62 V                       ; 4.05e-08 V                   ; 2.72 V              ; -0.0349 V           ; 0.173 V                              ; 0.1 V                                ; 2.72e-10 s                  ; 2.69e-10 s                  ; Yes                        ; Yes                        ; 2.62 V                      ; 4.05e-08 V                  ; 2.72 V             ; -0.0349 V          ; 0.173 V                             ; 0.1 V                               ; 2.72e-10 s                 ; 2.69e-10 s                 ; Yes                       ; Yes                       ;
; HEX1[6]             ; 2.5 V        ; 0 s                 ; 0 s                 ; 2.62 V                       ; 2.74e-08 V                   ; 2.64 V              ; -0.0117 V           ; 0.202 V                              ; 0.176 V                              ; 2.38e-09 s                  ; 2.22e-09 s                  ; No                         ; Yes                        ; 2.62 V                      ; 2.74e-08 V                  ; 2.64 V             ; -0.0117 V          ; 0.202 V                             ; 0.176 V                             ; 2.38e-09 s                 ; 2.22e-09 s                 ; No                        ; Yes                       ;
; HEX1[5]             ; 2.5 V        ; 0 s                 ; 0 s                 ; 2.62 V                       ; 2.74e-08 V                   ; 2.64 V              ; -0.0117 V           ; 0.202 V                              ; 0.176 V                              ; 2.38e-09 s                  ; 2.22e-09 s                  ; No                         ; Yes                        ; 2.62 V                      ; 2.74e-08 V                  ; 2.64 V             ; -0.0117 V          ; 0.202 V                             ; 0.176 V                             ; 2.38e-09 s                 ; 2.22e-09 s                 ; No                        ; Yes                       ;
; HEX1[4]             ; 2.5 V        ; 0 s                 ; 0 s                 ; 2.62 V                       ; 2.74e-08 V                   ; 2.71 V              ; -0.0317 V           ; 0.148 V                              ; 0.064 V                              ; 4.51e-10 s                  ; 4.15e-10 s                  ; No                         ; Yes                        ; 2.62 V                      ; 2.74e-08 V                  ; 2.71 V             ; -0.0317 V          ; 0.148 V                             ; 0.064 V                             ; 4.51e-10 s                 ; 4.15e-10 s                 ; No                        ; Yes                       ;
; HEX1[3]             ; 2.5 V        ; 0 s                 ; 0 s                 ; 2.62 V                       ; 2.74e-08 V                   ; 2.71 V              ; -0.0317 V           ; 0.148 V                              ; 0.064 V                              ; 4.51e-10 s                  ; 4.15e-10 s                  ; No                         ; Yes                        ; 2.62 V                      ; 2.74e-08 V                  ; 2.71 V             ; -0.0317 V          ; 0.148 V                             ; 0.064 V                             ; 4.51e-10 s                 ; 4.15e-10 s                 ; No                        ; Yes                       ;
; HEX1[2]             ; 2.5 V        ; 0 s                 ; 0 s                 ; 2.62 V                       ; 2.74e-08 V                   ; 2.71 V              ; -0.0317 V           ; 0.148 V                              ; 0.064 V                              ; 4.51e-10 s                  ; 4.15e-10 s                  ; No                         ; Yes                        ; 2.62 V                      ; 2.74e-08 V                  ; 2.71 V             ; -0.0317 V          ; 0.148 V                             ; 0.064 V                             ; 4.51e-10 s                 ; 4.15e-10 s                 ; No                        ; Yes                       ;
; HEX1[1]             ; 2.5 V        ; 0 s                 ; 0 s                 ; 2.62 V                       ; 2.74e-08 V                   ; 2.71 V              ; -0.0317 V           ; 0.148 V                              ; 0.064 V                              ; 4.51e-10 s                  ; 4.15e-10 s                  ; No                         ; Yes                        ; 2.62 V                      ; 2.74e-08 V                  ; 2.71 V             ; -0.0317 V          ; 0.148 V                             ; 0.064 V                             ; 4.51e-10 s                 ; 4.15e-10 s                 ; No                        ; Yes                       ;
; HEX1[0]             ; 2.5 V        ; 0 s                 ; 0 s                 ; 2.62 V                       ; 2.74e-08 V                   ; 2.73 V              ; -0.0384 V           ; 0.169 V                              ; 0.089 V                              ; 2.7e-10 s                   ; 2.62e-10 s                  ; Yes                        ; Yes                        ; 2.62 V                      ; 2.74e-08 V                  ; 2.73 V             ; -0.0384 V          ; 0.169 V                             ; 0.089 V                             ; 2.7e-10 s                  ; 2.62e-10 s                 ; Yes                       ; Yes                       ;
; HEX2[6]             ; 2.5 V        ; 0 s                 ; 0 s                 ; 2.62 V                       ; 2.74e-08 V                   ; 2.71 V              ; -0.0317 V           ; 0.148 V                              ; 0.064 V                              ; 4.51e-10 s                  ; 4.15e-10 s                  ; No                         ; Yes                        ; 2.62 V                      ; 2.74e-08 V                  ; 2.71 V             ; -0.0317 V          ; 0.148 V                             ; 0.064 V                             ; 4.51e-10 s                 ; 4.15e-10 s                 ; No                        ; Yes                       ;
; HEX2[5]             ; 2.5 V        ; 0 s                 ; 0 s                 ; 2.62 V                       ; 2.74e-08 V                   ; 2.71 V              ; -0.0317 V           ; 0.148 V                              ; 0.064 V                              ; 4.51e-10 s                  ; 4.15e-10 s                  ; No                         ; Yes                        ; 2.62 V                      ; 2.74e-08 V                  ; 2.71 V             ; -0.0317 V          ; 0.148 V                             ; 0.064 V                             ; 4.51e-10 s                 ; 4.15e-10 s                 ; No                        ; Yes                       ;
; HEX2[4]             ; 2.5 V        ; 0 s                 ; 0 s                 ; 2.62 V                       ; 2.74e-08 V                   ; 2.71 V              ; -0.0317 V           ; 0.148 V                              ; 0.064 V                              ; 4.51e-10 s                  ; 4.15e-10 s                  ; No                         ; Yes                        ; 2.62 V                      ; 2.74e-08 V                  ; 2.71 V             ; -0.0317 V          ; 0.148 V                             ; 0.064 V                             ; 4.51e-10 s                 ; 4.15e-10 s                 ; No                        ; Yes                       ;
; HEX2[3]             ; 2.5 V        ; 0 s                 ; 0 s                 ; 2.62 V                       ; 2.74e-08 V                   ; 2.71 V              ; -0.0317 V           ; 0.148 V                              ; 0.064 V                              ; 4.51e-10 s                  ; 4.15e-10 s                  ; No                         ; Yes                        ; 2.62 V                      ; 2.74e-08 V                  ; 2.71 V             ; -0.0317 V          ; 0.148 V                             ; 0.064 V                             ; 4.51e-10 s                 ; 4.15e-10 s                 ; No                        ; Yes                       ;
; HEX2[2]             ; 2.5 V        ; 0 s                 ; 0 s                 ; 2.62 V                       ; 2.74e-08 V                   ; 2.71 V              ; -0.0317 V           ; 0.148 V                              ; 0.064 V                              ; 4.51e-10 s                  ; 4.15e-10 s                  ; No                         ; Yes                        ; 2.62 V                      ; 2.74e-08 V                  ; 2.71 V             ; -0.0317 V          ; 0.148 V                             ; 0.064 V                             ; 4.51e-10 s                 ; 4.15e-10 s                 ; No                        ; Yes                       ;
; HEX2[1]             ; 2.5 V        ; 0 s                 ; 0 s                 ; 2.62 V                       ; 2.74e-08 V                   ; 2.71 V              ; -0.0317 V           ; 0.148 V                              ; 0.064 V                              ; 4.51e-10 s                  ; 4.15e-10 s                  ; No                         ; Yes                        ; 2.62 V                      ; 2.74e-08 V                  ; 2.71 V             ; -0.0317 V          ; 0.148 V                             ; 0.064 V                             ; 4.51e-10 s                 ; 4.15e-10 s                 ; No                        ; Yes                       ;
; HEX2[0]             ; 2.5 V        ; 0 s                 ; 0 s                 ; 2.62 V                       ; 2.74e-08 V                   ; 2.71 V              ; -0.0317 V           ; 0.148 V                              ; 0.064 V                              ; 4.51e-10 s                  ; 4.15e-10 s                  ; No                         ; Yes                        ; 2.62 V                      ; 2.74e-08 V                  ; 2.71 V             ; -0.0317 V          ; 0.148 V                             ; 0.064 V                             ; 4.51e-10 s                 ; 4.15e-10 s                 ; No                        ; Yes                       ;
; HEX3[6]             ; 3.3-V LVTTL  ; 0 s                 ; 0 s                 ; 3.46 V                       ; 1.85e-07 V                   ; 3.57 V              ; -0.141 V            ; 0.301 V                              ; 0.239 V                              ; 4.61e-10 s                  ; 4.2e-10 s                   ; No                         ; No                         ; 3.46 V                      ; 1.85e-07 V                  ; 3.57 V             ; -0.141 V           ; 0.301 V                             ; 0.239 V                             ; 4.61e-10 s                 ; 4.2e-10 s                  ; No                        ; No                        ;
; HEX3[5]             ; 3.3-V LVTTL  ; 0 s                 ; 0 s                 ; 3.46 V                       ; 1.85e-07 V                   ; 3.57 V              ; -0.141 V            ; 0.301 V                              ; 0.239 V                              ; 4.61e-10 s                  ; 4.2e-10 s                   ; No                         ; No                         ; 3.46 V                      ; 1.85e-07 V                  ; 3.57 V             ; -0.141 V           ; 0.301 V                             ; 0.239 V                             ; 4.61e-10 s                 ; 4.2e-10 s                  ; No                        ; No                        ;
; HEX3[4]             ; 3.3-V LVTTL  ; 0 s                 ; 0 s                 ; 3.46 V                       ; 1.85e-07 V                   ; 3.57 V              ; -0.141 V            ; 0.301 V                              ; 0.239 V                              ; 4.61e-10 s                  ; 4.2e-10 s                   ; No                         ; No                         ; 3.46 V                      ; 1.85e-07 V                  ; 3.57 V             ; -0.141 V           ; 0.301 V                             ; 0.239 V                             ; 4.61e-10 s                 ; 4.2e-10 s                  ; No                        ; No                        ;
; HEX3[3]             ; 3.3-V LVTTL  ; 0 s                 ; 0 s                 ; 3.46 V                       ; 1.85e-07 V                   ; 3.57 V              ; -0.141 V            ; 0.301 V                              ; 0.239 V                              ; 4.61e-10 s                  ; 4.2e-10 s                   ; No                         ; No                         ; 3.46 V                      ; 1.85e-07 V                  ; 3.57 V             ; -0.141 V           ; 0.301 V                             ; 0.239 V                             ; 4.61e-10 s                 ; 4.2e-10 s                  ; No                        ; No                        ;
; HEX3[2]             ; 3.3-V LVTTL  ; 0 s                 ; 0 s                 ; 3.46 V                       ; 1.85e-07 V                   ; 3.48 V              ; -0.0173 V           ; 0.356 V                              ; 0.324 V                              ; 3.89e-09 s                  ; 3.06e-09 s                  ; No                         ; No                         ; 3.46 V                      ; 1.85e-07 V                  ; 3.48 V             ; -0.0173 V          ; 0.356 V                             ; 0.324 V                             ; 3.89e-09 s                 ; 3.06e-09 s                 ; No                        ; No                        ;
; HEX3[1]             ; 2.5 V        ; 0 s                 ; 0 s                 ; 2.62 V                       ; 2.74e-08 V                   ; 2.73 V              ; -0.0384 V           ; 0.169 V                              ; 0.089 V                              ; 2.7e-10 s                   ; 2.62e-10 s                  ; Yes                        ; Yes                        ; 2.62 V                      ; 2.74e-08 V                  ; 2.73 V             ; -0.0384 V          ; 0.169 V                             ; 0.089 V                             ; 2.7e-10 s                  ; 2.62e-10 s                 ; Yes                       ; Yes                       ;
; HEX3[0]             ; 2.5 V        ; 0 s                 ; 0 s                 ; 2.62 V                       ; 2.74e-08 V                   ; 2.71 V              ; -0.0317 V           ; 0.148 V                              ; 0.064 V                              ; 4.51e-10 s                  ; 4.15e-10 s                  ; No                         ; Yes                        ; 2.62 V                      ; 2.74e-08 V                  ; 2.71 V             ; -0.0317 V          ; 0.148 V                             ; 0.064 V                             ; 4.51e-10 s                 ; 4.15e-10 s                 ; No                        ; Yes                       ;
; LEDG[3]             ; 2.5 V        ; 0 s                 ; 0 s                 ; 2.62 V                       ; 4.05e-08 V                   ; 2.72 V              ; -0.0349 V           ; 0.173 V                              ; 0.1 V                                ; 2.72e-10 s                  ; 2.69e-10 s                  ; Yes                        ; Yes                        ; 2.62 V                      ; 4.05e-08 V                  ; 2.72 V             ; -0.0349 V          ; 0.173 V                             ; 0.1 V                               ; 2.72e-10 s                 ; 2.69e-10 s                 ; Yes                       ; Yes                       ;
; LEDG[2]             ; 2.5 V        ; 0 s                 ; 0 s                 ; 2.62 V                       ; 4.05e-08 V                   ; 2.72 V              ; -0.0349 V           ; 0.173 V                              ; 0.1 V                                ; 2.72e-10 s                  ; 2.69e-10 s                  ; Yes                        ; Yes                        ; 2.62 V                      ; 4.05e-08 V                  ; 2.72 V             ; -0.0349 V          ; 0.173 V                             ; 0.1 V                               ; 2.72e-10 s                 ; 2.69e-10 s                 ; Yes                       ; Yes                       ;
; LEDG[1]             ; 2.5 V        ; 0 s                 ; 0 s                 ; 2.62 V                       ; 4.05e-08 V                   ; 2.72 V              ; -0.0349 V           ; 0.173 V                              ; 0.1 V                                ; 2.72e-10 s                  ; 2.69e-10 s                  ; Yes                        ; Yes                        ; 2.62 V                      ; 4.05e-08 V                  ; 2.72 V             ; -0.0349 V          ; 0.173 V                             ; 0.1 V                               ; 2.72e-10 s                 ; 2.69e-10 s                 ; Yes                       ; Yes                       ;
; LEDG[0]             ; 2.5 V        ; 0 s                 ; 0 s                 ; 2.62 V                       ; 4.05e-08 V                   ; 2.72 V              ; -0.0349 V           ; 0.173 V                              ; 0.1 V                                ; 2.72e-10 s                  ; 2.69e-10 s                  ; Yes                        ; Yes                        ; 2.62 V                      ; 4.05e-08 V                  ; 2.72 V             ; -0.0349 V          ; 0.173 V                             ; 0.1 V                               ; 2.72e-10 s                 ; 2.69e-10 s                 ; Yes                       ; Yes                       ;
; LEDR[3]             ; 2.5 V        ; 0 s                 ; 0 s                 ; 2.62 V                       ; 4.05e-08 V                   ; 2.72 V              ; -0.0349 V           ; 0.173 V                              ; 0.1 V                                ; 2.72e-10 s                  ; 2.69e-10 s                  ; Yes                        ; Yes                        ; 2.62 V                      ; 4.05e-08 V                  ; 2.72 V             ; -0.0349 V          ; 0.173 V                             ; 0.1 V                               ; 2.72e-10 s                 ; 2.69e-10 s                 ; Yes                       ; Yes                       ;
; LEDR[2]             ; 2.5 V        ; 0 s                 ; 0 s                 ; 2.62 V                       ; 4.05e-08 V                   ; 2.72 V              ; -0.0349 V           ; 0.173 V                              ; 0.1 V                                ; 2.72e-10 s                  ; 2.69e-10 s                  ; Yes                        ; Yes                        ; 2.62 V                      ; 4.05e-08 V                  ; 2.72 V             ; -0.0349 V          ; 0.173 V                             ; 0.1 V                               ; 2.72e-10 s                 ; 2.69e-10 s                 ; Yes                       ; Yes                       ;
; LEDR[1]             ; 2.5 V        ; 0 s                 ; 0 s                 ; 2.62 V                       ; 4.05e-08 V                   ; 2.72 V              ; -0.0349 V           ; 0.173 V                              ; 0.1 V                                ; 2.72e-10 s                  ; 2.69e-10 s                  ; Yes                        ; Yes                        ; 2.62 V                      ; 4.05e-08 V                  ; 2.72 V             ; -0.0349 V          ; 0.173 V                             ; 0.1 V                               ; 2.72e-10 s                 ; 2.69e-10 s                 ; Yes                       ; Yes                       ;
; LEDR[0]             ; 2.5 V        ; 0 s                 ; 0 s                 ; 2.62 V                       ; 4.05e-08 V                   ; 2.72 V              ; -0.0349 V           ; 0.173 V                              ; 0.1 V                                ; 2.72e-10 s                  ; 2.69e-10 s                  ; Yes                        ; Yes                        ; 2.62 V                      ; 4.05e-08 V                  ; 2.72 V             ; -0.0349 V          ; 0.173 V                             ; 0.1 V                               ; 2.72e-10 s                 ; 2.69e-10 s                 ; Yes                       ; Yes                       ;
; altera_reserved_tdo ; 2.5 V        ; 0 s                 ; 0 s                 ; 2.62 V                       ; 1.77e-07 V                   ; 2.65 V              ; -0.0108 V           ; 0.18 V                               ; 0.17 V                               ; 6.63e-10 s                  ; 1.56e-09 s                  ; Yes                        ; Yes                        ; 2.62 V                      ; 1.77e-07 V                  ; 2.65 V             ; -0.0108 V          ; 0.18 V                              ; 0.17 V                              ; 6.63e-10 s                 ; 1.56e-09 s                 ; Yes                       ; Yes                       ;
; ~ALTERA_DCLK~       ; 2.5 V        ; 0 s                 ; 0 s                 ; 2.62 V                       ; 2.22e-08 V                   ; 2.74 V              ; -0.06 V             ; 0.158 V                              ; 0.08 V                               ; 2.68e-10 s                  ; 2.19e-10 s                  ; Yes                        ; Yes                        ; 2.62 V                      ; 2.22e-08 V                  ; 2.74 V             ; -0.06 V            ; 0.158 V                             ; 0.08 V                              ; 2.68e-10 s                 ; 2.19e-10 s                 ; Yes                       ; Yes                       ;
; ~ALTERA_nCEO~       ; 2.5 V        ; 0 s                 ; 0 s                 ; 2.62 V                       ; 3.54e-08 V                   ; 2.7 V               ; -0.00943 V          ; 0.276 V                              ; 0.035 V                              ; 3.19e-10 s                  ; 4.99e-10 s                  ; No                         ; Yes                        ; 2.62 V                      ; 3.54e-08 V                  ; 2.7 V              ; -0.00943 V         ; 0.276 V                             ; 0.035 V                             ; 3.19e-10 s                 ; 4.99e-10 s                 ; No                        ; Yes                       ;
+---------------------+--------------+---------------------+---------------------+------------------------------+------------------------------+---------------------+---------------------+--------------------------------------+--------------------------------------+-----------------------------+-----------------------------+----------------------------+----------------------------+-----------------------------+-----------------------------+--------------------+--------------------+-------------------------------------+-------------------------------------+----------------------------+----------------------------+---------------------------+---------------------------+


+---------------------------------------------------------------------------------------+
; Setup Transfers                                                                       ;
+---------------------+---------------------+----------+----------+----------+----------+
; From Clock          ; To Clock            ; RR Paths ; FR Paths ; RF Paths ; FF Paths ;
+---------------------+---------------------+----------+----------+----------+----------+
; altera_reserved_tck ; altera_reserved_tck ; 1083     ; 0        ; 34       ; 0        ;
+---------------------+---------------------+----------+----------+----------+----------+
Entries labeled "false path" only account for clock-to-clock false paths and not path-based false paths. As a result, actual path counts may be lower than reported.


+---------------------------------------------------------------------------------------+
; Hold Transfers                                                                        ;
+---------------------+---------------------+----------+----------+----------+----------+
; From Clock          ; To Clock            ; RR Paths ; FR Paths ; RF Paths ; FF Paths ;
+---------------------+---------------------+----------+----------+----------+----------+
; altera_reserved_tck ; altera_reserved_tck ; 1083     ; 0        ; 34       ; 0        ;
+---------------------+---------------------+----------+----------+----------+----------+
Entries labeled "false path" only account for clock-to-clock false paths and not path-based false paths. As a result, actual path counts may be lower than reported.


+---------------------------------------------------------------------------------------+
; Recovery Transfers                                                                    ;
+---------------------+---------------------+----------+----------+----------+----------+
; From Clock          ; To Clock            ; RR Paths ; FR Paths ; RF Paths ; FF Paths ;
+---------------------+---------------------+----------+----------+----------+----------+
; altera_reserved_tck ; altera_reserved_tck ; 24       ; 0        ; 0        ; 0        ;
+---------------------+---------------------+----------+----------+----------+----------+
Entries labeled "false path" only account for clock-to-clock false paths and not path-based false paths. As a result, actual path counts may be lower than reported.


+---------------------------------------------------------------------------------------+
; Removal Transfers                                                                     ;
+---------------------+---------------------+----------+----------+----------+----------+
; From Clock          ; To Clock            ; RR Paths ; FR Paths ; RF Paths ; FF Paths ;
+---------------------+---------------------+----------+----------+----------+----------+
; altera_reserved_tck ; altera_reserved_tck ; 24       ; 0        ; 0        ; 0        ;
+---------------------+---------------------+----------+----------+----------+----------+
Entries labeled "false path" only account for clock-to-clock false paths and not path-based false paths. As a result, actual path counts may be lower than reported.


---------------
; Report TCCS ;
---------------
No dedicated SERDES Transmitter circuitry present in device or used in design


---------------
; Report RSKM ;
---------------
No non-DPA dedicated SERDES Receiver circuitry present in device or used in design


+------------------------------------------------+
; Unconstrained Paths Summary                    ;
+---------------------------------+-------+------+
; Property                        ; Setup ; Hold ;
+---------------------------------+-------+------+
; Illegal Clocks                  ; 0     ; 0    ;
; Unconstrained Clocks            ; 1     ; 1    ;
; Unconstrained Input Ports       ; 6     ; 6    ;
; Unconstrained Input Port Paths  ; 44    ; 44   ;
; Unconstrained Output Ports      ; 37    ; 37   ;
; Unconstrained Output Port Paths ; 37    ; 37   ;
+---------------------------------+-------+------+


+------------------------------------------------------------------+
; Clock Status Summary                                             ;
+---------------------+---------------------+------+---------------+
; Target              ; Clock               ; Type ; Status        ;
+---------------------+---------------------+------+---------------+
; CLOCK_50            ;                     ; Base ; Unconstrained ;
; altera_reserved_tck ; altera_reserved_tck ; Base ; Constrained   ;
+---------------------+---------------------+------+---------------+


+------------------------------------------------------------------------------------------------------------+
; Unconstrained Input Ports                                                                                  ;
+---------------------+--------------------------------------------------------------------------------------+
; Input Port          ; Comment                                                                              ;
+---------------------+--------------------------------------------------------------------------------------+
; SW[0]               ; No input delay, min/max delays, false-path exceptions, or max skew assignments found ;
; SW[1]               ; No input delay, min/max delays, false-path exceptions, or max skew assignments found ;
; SW[2]               ; No input delay, min/max delays, false-path exceptions, or max skew assignments found ;
; SW[3]               ; No input delay, min/max delays, false-path exceptions, or max skew assignments found ;
; altera_reserved_tdi ; No input delay, min/max delays, false-path exceptions, or max skew assignments found ;
; altera_reserved_tms ; No input delay, min/max delays, false-path exceptions, or max skew assignments found ;
+---------------------+--------------------------------------------------------------------------------------+


+-------------------------------------------------------------------------------------------------------------+
; Unconstrained Output Ports                                                                                  ;
+---------------------+---------------------------------------------------------------------------------------+
; Output Port         ; Comment                                                                               ;
+---------------------+---------------------------------------------------------------------------------------+
; HEX0[0]             ; No output delay, min/max delays, false-path exceptions, or max skew assignments found ;
; HEX0[1]             ; No output delay, min/max delays, false-path exceptions, or max skew assignments found ;
; HEX0[2]             ; No output delay, min/max delays, false-path exceptions, or max skew assignments found ;
; HEX0[3]             ; No output delay, min/max delays, false-path exceptions, or max skew assignments found ;
; HEX0[4]             ; No output delay, min/max delays, false-path exceptions, or max skew assignments found ;
; HEX0[5]             ; No output delay, min/max delays, false-path exceptions, or max skew assignments found ;
; HEX0[6]             ; No output delay, min/max delays, false-path exceptions, or max skew assignments found ;
; HEX1[0]             ; No output delay, min/max delays, false-path exceptions, or max skew assignments found ;
; HEX1[1]             ; No output delay, min/max delays, false-path exceptions, or max skew assignments found ;
; HEX1[2]             ; No output delay, min/max delays, false-path exceptions, or max skew assignments found ;
; HEX1[3]             ; No output delay, min/max delays, false-path exceptions, or max skew assignments found ;
; HEX1[4]             ; No output delay, min/max delays, false-path exceptions, or max skew assignments found ;
; HEX1[5]             ; No output delay, min/max delays, false-path exceptions, or max skew assignments found ;
; HEX1[6]             ; No output delay, min/max delays, false-path exceptions, or max skew assignments found ;
; HEX2[0]             ; No output delay, min/max delays, false-path exceptions, or max skew assignments found ;
; HEX2[1]             ; No output delay, min/max delays, false-path exceptions, or max skew assignments found ;
; HEX2[2]             ; No output delay, min/max delays, false-path exceptions, or max skew assignments found ;
; HEX2[3]             ; No output delay, min/max delays, false-path exceptions, or max skew assignments found ;
; HEX2[4]             ; No output delay, min/max delays, false-path exceptions, or max skew assignments found ;
; HEX2[5]             ; No output delay, min/max delays, false-path exceptions, or max skew assignments found ;
; HEX2[6]             ; No output delay, min/max delays, false-path exceptions, or max skew assignments found ;
; HEX3[0]             ; No output delay, min/max delays, false-path exceptions, or max skew assignments found ;
; HEX3[1]             ; No output delay, min/max delays, false-path exceptions, or max skew assignments found ;
; HEX3[2]             ; No output delay, min/max delays, false-path exceptions, or max skew assignments found ;
; HEX3[3]             ; No output delay, min/max delays, false-path exceptions, or max skew assignments found ;
; HEX3[4]             ; No output delay, min/max delays, false-path exceptions, or max skew assignments found ;
; HEX3[5]             ; No output delay, min/max delays, false-path exceptions, or max skew assignments found ;
; HEX3[6]             ; No output delay, min/max delays, false-path exceptions, or max skew assignments found ;
; LEDG[0]             ; No output delay, min/max delays, false-path exceptions, or max skew assignments found ;
; LEDG[1]             ; No output delay, min/max delays, false-path exceptions, or max skew assignments found ;
; LEDG[2]             ; No output delay, min/max delays, false-path exceptions, or max skew assignments found ;
; LEDG[3]             ; No output delay, min/max delays, false-path exceptions, or max skew assignments found ;
; LEDR[0]             ; No output delay, min/max delays, false-path exceptions, or max skew assignments found ;
; LEDR[1]             ; No output delay, min/max delays, false-path exceptions, or max skew assignments found ;
; LEDR[2]             ; No output delay, min/max delays, false-path exceptions, or max skew assignments found ;
; LEDR[3]             ; No output delay, min/max delays, false-path exceptions, or max skew assignments found ;
; altera_reserved_tdo ; No output delay, min/max delays, false-path exceptions, or max skew assignments found ;
+---------------------+---------------------------------------------------------------------------------------+


+------------------------------------------------------------------------------------------------------------+
; Unconstrained Input Ports                                                                                  ;
+---------------------+--------------------------------------------------------------------------------------+
; Input Port          ; Comment                                                                              ;
+---------------------+--------------------------------------------------------------------------------------+
; SW[0]               ; No input delay, min/max delays, false-path exceptions, or max skew assignments found ;
; SW[1]               ; No input delay, min/max delays, false-path exceptions, or max skew assignments found ;
; SW[2]               ; No input delay, min/max delays, false-path exceptions, or max skew assignments found ;
; SW[3]               ; No input delay, min/max delays, false-path exceptions, or max skew assignments found ;
; altera_reserved_tdi ; No input delay, min/max delays, false-path exceptions, or max skew assignments found ;
; altera_reserved_tms ; No input delay, min/max delays, false-path exceptions, or max skew assignments found ;
+---------------------+--------------------------------------------------------------------------------------+


+-------------------------------------------------------------------------------------------------------------+
; Unconstrained Output Ports                                                                                  ;
+---------------------+---------------------------------------------------------------------------------------+
; Output Port         ; Comment                                                                               ;
+---------------------+---------------------------------------------------------------------------------------+
; HEX0[0]             ; No output delay, min/max delays, false-path exceptions, or max skew assignments found ;
; HEX0[1]             ; No output delay, min/max delays, false-path exceptions, or max skew assignments found ;
; HEX0[2]             ; No output delay, min/max delays, false-path exceptions, or max skew assignments found ;
; HEX0[3]             ; No output delay, min/max delays, false-path exceptions, or max skew assignments found ;
; HEX0[4]             ; No output delay, min/max delays, false-path exceptions, or max skew assignments found ;
; HEX0[5]             ; No output delay, min/max delays, false-path exceptions, or max skew assignments found ;
; HEX0[6]             ; No output delay, min/max delays, false-path exceptions, or max skew assignments found ;
; HEX1[0]             ; No output delay, min/max delays, false-path exceptions, or max skew assignments found ;
; HEX1[1]             ; No output delay, min/max delays, false-path exceptions, or max skew assignments found ;
; HEX1[2]             ; No output delay, min/max delays, false-path exceptions, or max skew assignments found ;
; HEX1[3]             ; No output delay, min/max delays, false-path exceptions, or max skew assignments found ;
; HEX1[4]             ; No output delay, min/max delays, false-path exceptions, or max skew assignments found ;
; HEX1[5]             ; No output delay, min/max delays, false-path exceptions, or max skew assignments found ;
; HEX1[6]             ; No output delay, min/max delays, false-path exceptions, or max skew assignments found ;
; HEX2[0]             ; No output delay, min/max delays, false-path exceptions, or max skew assignments found ;
; HEX2[1]             ; No output delay, min/max delays, false-path exceptions, or max skew assignments found ;
; HEX2[2]             ; No output delay, min/max delays, false-path exceptions, or max skew assignments found ;
; HEX2[3]             ; No output delay, min/max delays, false-path exceptions, or max skew assignments found ;
; HEX2[4]             ; No output delay, min/max delays, false-path exceptions, or max skew assignments found ;
; HEX2[5]             ; No output delay, min/max delays, false-path exceptions, or max skew assignments found ;
; HEX2[6]             ; No output delay, min/max delays, false-path exceptions, or max skew assignments found ;
; HEX3[0]             ; No output delay, min/max delays, false-path exceptions, or max skew assignments found ;
; HEX3[1]             ; No output delay, min/max delays, false-path exceptions, or max skew assignments found ;
; HEX3[2]             ; No output delay, min/max delays, false-path exceptions, or max skew assignments found ;
; HEX3[3]             ; No output delay, min/max delays, false-path exceptions, or max skew assignments found ;
; HEX3[4]             ; No output delay, min/max delays, false-path exceptions, or max skew assignments found ;
; HEX3[5]             ; No output delay, min/max delays, false-path exceptions, or max skew assignments found ;
; HEX3[6]             ; No output delay, min/max delays, false-path exceptions, or max skew assignments found ;
; LEDG[0]             ; No output delay, min/max delays, false-path exceptions, or max skew assignments found ;
; LEDG[1]             ; No output delay, min/max delays, false-path exceptions, or max skew assignments found ;
; LEDG[2]             ; No output delay, min/max delays, false-path exceptions, or max skew assignments found ;
; LEDG[3]             ; No output delay, min/max delays, false-path exceptions, or max skew assignments found ;
; LEDR[0]             ; No output delay, min/max delays, false-path exceptions, or max skew assignments found ;
; LEDR[1]             ; No output delay, min/max delays, false-path exceptions, or max skew assignments found ;
; LEDR[2]             ; No output delay, min/max delays, false-path exceptions, or max skew assignments found ;
; LEDR[3]             ; No output delay, min/max delays, false-path exceptions, or max skew assignments found ;
; altera_reserved_tdo ; No output delay, min/max delays, false-path exceptions, or max skew assignments found ;
+---------------------+---------------------------------------------------------------------------------------+


+--------------------------+
; Timing Analyzer Messages ;
+--------------------------+
Info: *******************************************************************
Info: Running Quartus Prime Timing Analyzer
    Info: Version 18.1.0 Build 625 09/12/2018 SJ Lite Edition
    Info: Processing started: Tue Mar 17 21:23:43 2026
Info: Command: quartus_sta BCDto7Seg -c BCDto7Seg
Info: qsta_default_script.tcl version: #1
Warning (18236): Number of processors has not been specified which may cause overloading on shared machines.  Set the global assignment NUM_PARALLEL_PROCESSORS in your QSF to an appropriate value for best performance.
Info (20030): Parallel compilation is enabled and will use 12 of the 12 processors detected
Info (21076): High junction temperature operating condition is not set. Assuming a default value of '85'.
Info (21076): Low junction temperature operating condition is not set. Assuming a default value of '0'.
Info (332164): Evaluating HDL-embedded SDC commands
    Info (332165): Entity altera_std_synchronizer
        Info (332166): set_false_path -to [get_keepers {*altera_std_synchronizer:*|din_s1}]
    Info (332165): Entity sld_hub
        Info (332166): create_clock -name altera_reserved_tck [get_ports {altera_reserved_tck}] -period 10MHz   
        Info (332166): set_clock_groups -asynchronous -group {altera_reserved_tck}
Info (332104): Reading SDC File: 'BCDto7Seg/synthesis/submodules/altera_reset_controller.sdc'
Info (332104): Reading SDC File: 'BCDto7Seg/synthesis/submodules/BCDto7Seg_CPU_cpu.sdc'
Warning (332060): Node: CLOCK_50 was determined to be a clock but was found without an associated clock assignment.
    Info (13166): Register BCDto7Seg:inst|BCDto7Seg_CPU:cpu|BCDto7Seg_CPU_cpu:cpu|hbreak_enabled is being clocked by CLOCK_50
Critical Warning (332168): The following clock transfers have no clock uncertainty assignment. For more accurate results, apply clock uncertainty assignments or use the derive_clock_uncertainty command.
    Critical Warning (332169): From altera_reserved_tck (Rise) to altera_reserved_tck (Rise) (setup and hold)
    Critical Warning (332169): From altera_reserved_tck (Rise) to altera_reserved_tck (Fall) (setup and hold)
Info: Found TIMING_ANALYZER_REPORT_SCRIPT_INCLUDE_DEFAULT_ANALYSIS = ON
Info: Analyzing Slow 1200mV 85C Model
Info (332146): Worst-case setup slack is 46.362
    Info (332119):     Slack       End Point TNS Clock 
    Info (332119): ========= =================== =====================
    Info (332119):    46.362               0.000 altera_reserved_tck 
Info (332146): Worst-case hold slack is 0.403
    Info (332119):     Slack       End Point TNS Clock 
    Info (332119): ========= =================== =====================
    Info (332119):     0.403               0.000 altera_reserved_tck 
Info (332146): Worst-case recovery slack is 97.759
    Info (332119):     Slack       End Point TNS Clock 
    Info (332119): ========= =================== =====================
    Info (332119):    97.759               0.000 altera_reserved_tck 
Info (332146): Worst-case removal slack is 1.485
    Info (332119):     Slack       End Point TNS Clock 
    Info (332119): ========= =================== =====================
    Info (332119):     1.485               0.000 altera_reserved_tck 
Info (332146): Worst-case minimum pulse width slack is 49.633
    Info (332119):     Slack       End Point TNS Clock 
    Info (332119): ========= =================== =====================
    Info (332119):    49.633               0.000 altera_reserved_tck 
Info (332114): Report Metastability: Found 3 synchronizer chains.
    Info (332114): Typical MTBF of Design is 1e+09 years or 3.15e+16 seconds.

    Info (332114): Number of Synchronizer Chains Found: 3
    Info (332114): Shortest Synchronizer Chain: 2 Registers
    Info (332114): Fraction of Chains for which MTBFs Could Not be Calculated: 0.333
    Info (332114): Worst Case Available Settling Time: 196.810 ns
    Info (332114): 
    Info (332114): Typical MTBF values are calculated based on the nominal silicon characteristics, at nominal operating conditions.
    Info (332114):   - Under typical conditions, an increase of 100ps in available settling time will increase MTBF values by a factor of 10.8
Info: Analyzing Slow 1200mV 0C Model
Info (334003): Started post-fitting delay annotation
Info (334004): Delay annotation completed successfully
Warning (332060): Node: CLOCK_50 was determined to be a clock but was found without an associated clock assignment.
    Info (13166): Register BCDto7Seg:inst|BCDto7Seg_CPU:cpu|BCDto7Seg_CPU_cpu:cpu|hbreak_enabled is being clocked by CLOCK_50
Critical Warning (332168): The following clock transfers have no clock uncertainty assignment. For more accurate results, apply clock uncertainty assignments or use the derive_clock_uncertainty command.
    Critical Warning (332169): From altera_reserved_tck (Rise) to altera_reserved_tck (Rise) (setup and hold)
    Critical Warning (332169): From altera_reserved_tck (Rise) to altera_reserved_tck (Fall) (setup and hold)
Info (332146): Worst-case setup slack is 46.788
    Info (332119):     Slack       End Point TNS Clock 
    Info (332119): ========= =================== =====================
    Info (332119):    46.788               0.000 altera_reserved_tck 
Info (332146): Worst-case hold slack is 0.354
    Info (332119):     Slack       End Point TNS Clock 
    Info (332119): ========= =================== =====================
    Info (332119):     0.354               0.000 altera_reserved_tck 
Info (332146): Worst-case recovery slack is 97.929
    Info (332119):     Slack       End Point TNS Clock 
    Info (332119): ========= =================== =====================
    Info (332119):    97.929               0.000 altera_reserved_tck 
Info (332146): Worst-case removal slack is 1.365
    Info (332119):     Slack       End Point TNS Clock 
    Info (332119): ========= =================== =====================
    Info (332119):     1.365               0.000 altera_reserved_tck 
Info (332146): Worst-case minimum pulse width slack is 49.577
    Info (332119):     Slack       End Point TNS Clock 
    Info (332119): ========= =================== =====================
    Info (332119):    49.577               0.000 altera_reserved_tck 
Info (332114): Report Metastability: Found 3 synchronizer chains.
    Info (332114): Typical MTBF of Design is 1e+09 years or 3.15e+16 seconds.

    Info (332114): Number of Synchronizer Chains Found: 3
    Info (332114): Shortest Synchronizer Chain: 2 Registers
    Info (332114): Fraction of Chains for which MTBFs Could Not be Calculated: 0.333
    Info (332114): Worst Case Available Settling Time: 197.133 ns
    Info (332114): 
    Info (332114): Typical MTBF values are calculated based on the nominal silicon characteristics, at nominal operating conditions.
    Info (332114):   - Under typical conditions, an increase of 100ps in available settling time will increase MTBF values by a factor of 10.8
Info: Analyzing Fast 1200mV 0C Model
Warning (332060): Node: CLOCK_50 was determined to be a clock but was found without an associated clock assignment.
    Info (13166): Register BCDto7Seg:inst|BCDto7Seg_CPU:cpu|BCDto7Seg_CPU_cpu:cpu|hbreak_enabled is being clocked by CLOCK_50
Critical Warning (332168): The following clock transfers have no clock uncertainty assignment. For more accurate results, apply clock uncertainty assignments or use the derive_clock_uncertainty command.
    Critical Warning (332169): From altera_reserved_tck (Rise) to altera_reserved_tck (Rise) (setup and hold)
    Critical Warning (332169): From altera_reserved_tck (Rise) to altera_reserved_tck (Fall) (setup and hold)
Info (332146): Worst-case setup slack is 48.466
    Info (332119):     Slack       End Point TNS Clock 
    Info (332119): ========= =================== =====================
    Info (332119):    48.466               0.000 altera_reserved_tck 
Info (332146): Worst-case hold slack is 0.181
    Info (332119):     Slack       End Point TNS Clock 
    Info (332119): ========= =================== =====================
    Info (332119):     0.181               0.000 altera_reserved_tck 
Info (332146): Worst-case recovery slack is 98.843
    Info (332119):     Slack       End Point TNS Clock 
    Info (332119): ========= =================== =====================
    Info (332119):    98.843               0.000 altera_reserved_tck 
Info (332146): Worst-case removal slack is 0.701
    Info (332119):     Slack       End Point TNS Clock 
    Info (332119): ========= =================== =====================
    Info (332119):     0.701               0.000 altera_reserved_tck 
Info (332146): Worst-case minimum pulse width slack is 49.472
    Info (332119):     Slack       End Point TNS Clock 
    Info (332119): ========= =================== =====================
    Info (332119):    49.472               0.000 altera_reserved_tck 
Info (332114): Report Metastability: Found 3 synchronizer chains.
    Info (332114): Typical MTBF of Design is 1e+09 years or 3.15e+16 seconds.

    Info (332114): Number of Synchronizer Chains Found: 3
    Info (332114): Shortest Synchronizer Chain: 2 Registers
    Info (332114): Fraction of Chains for which MTBFs Could Not be Calculated: 0.333
    Info (332114): Worst Case Available Settling Time: 198.460 ns
    Info (332114): 
    Info (332114): Typical MTBF values are calculated based on the nominal silicon characteristics, at nominal operating conditions.
    Info (332114):   - Under typical conditions, an increase of 100ps in available settling time will increase MTBF values by a factor of 10.8
Info (332102): Design is not fully constrained for setup requirements
Info (332102): Design is not fully constrained for hold requirements
Info: Quartus Prime Timing Analyzer was successful. 0 errors, 13 warnings
    Info: Peak virtual memory: 4971 megabytes
    Info: Processing ended: Tue Mar 17 21:23:47 2026
    Info: Elapsed time: 00:00:04
    Info: Total CPU time (on all processors): 00:00:04


